{"featureCount":9,"formatVersion":1,"histograms":{"meta":[{"arrayParams":{"chunkSize":10000,"length":2,"urlTemplate":"hist-100000-{Chunk}.json"},"basesPerBin":"100000"}],"stats":[{"basesPerBin":"100000","max":6,"mean":4.5}]},"intervals":{"classes":[{"attributes":["Start","End","Strand","Id","Score","Seq_id","Source","Subfeatures","Type"],"isArrayAttr":{"Subfeatures":1}},{"attributes":["Start","End","Strand","Phase","Seq_id","Source","Type"],"isArrayAttr":{}},{"attributes":["Start","End","Chunk"],"isArrayAttr":{"Sublist":1}}],"count":9,"lazyClass":2,"maxEnd":182637,"minStart":57978,"nclist":[[0,57978,60913,1,"lamu_GLEAN_10001086",0.462791,"scaffold223","GLEAN",[[1,57978,58018,1,0,"scaffold223","GLEAN","CDS"],[1,58716,59184,1,2,"scaffold223","GLEAN","CDS"],[1,60128,60293,1,2,"scaffold223","GLEAN","CDS"],[1,60468,60755,1,2,"scaffold223","GLEAN","CDS"],[1,60886,60913,1,0,"scaffold223","GLEAN","CDS"]],"mRNA"],[0,85266,86638,1,"lamu_GLEAN_10001087",0.999997,"scaffold223","GLEAN",[[1,85266,85341,1,0,"scaffold223","GLEAN","CDS"],[1,86344,86638,1,0,"scaffold223","GLEAN","CDS"]],"mRNA"],[0,91767,95067,1,"lamu_GLEAN_10001088",0.994912,"scaffold223","GLEAN",[[1,91767,91828,1,0,"scaffold223","GLEAN","CDS"],[1,93384,93435,1,2,"scaffold223","GLEAN","CDS"],[1,93809,94237,1,2,"scaffold223","GLEAN","CDS"],[1,94452,95067,1,0,"scaffold223","GLEAN","CDS"]],"mRNA"],[0,102527,107747,-1,"lamu_GLEAN_10001089",0.997786,"scaffold223","GLEAN",[[1,107706,107747,-1,0,"scaffold223","GLEAN","CDS"],[1,105839,105987,-1,1,"scaffold223","GLEAN","CDS"],[1,102690,102808,-1,0,"scaffold223","GLEAN","CDS"],[1,102527,102595,-1,2,"scaffold223","GLEAN","CDS"]],"mRNA"],[0,111303,113539,1,"lamu_GLEAN_10001090",0.678364,"scaffold223","GLEAN",[[1,111303,111370,1,0,"scaffold223","GLEAN","CDS"],[1,111629,111787,1,2,"scaffold223","GLEAN","CDS"],[1,113171,113205,1,0,"scaffold223","GLEAN","CDS"],[1,113384,113539,1,2,"scaffold223","GLEAN","CDS"]],"mRNA"],[0,124653,156135,-1,"lamu_GLEAN_10001091",0.491959,"scaffold223","GLEAN",[[1,156084,156135,-1,0,"scaffold223","GLEAN","CDS"],[1,155827,156008,-1,0,"scaffold223","GLEAN","CDS"],[1,154131,154253,-1,2,"scaffold223","GLEAN","CDS"],[1,153830,154038,-1,0,"scaffold223","GLEAN","CDS"],[1,153602,153748,-1,2,"scaffold223","GLEAN","CDS"],[1,152588,152895,-1,0,"scaffold223","GLEAN","CDS"],[1,151543,151794,-1,2,"scaffold223","GLEAN","CDS"],[1,150570,150771,-1,0,"scaffold223","GLEAN","CDS"],[1,150143,150259,-1,0,"scaffold223","GLEAN","CDS"],[1,145142,145575,-1,1,"scaffold223","GLEAN","CDS"],[1,144962,145037,-1,0,"scaffold223","GLEAN","CDS"],[1,144508,144589,-1,0,"scaffold223","GLEAN","CDS"],[1,143256,143333,-1,0,"scaffold223","GLEAN","CDS"],[1,142981,143066,-1,1,"scaffold223","GLEAN","CDS"],[1,142444,142570,-1,0,"scaffold223","GLEAN","CDS"],[1,142190,142298,-1,0,"scaffold223","GLEAN","CDS"],[1,141031,141076,-1,0,"scaffold223","GLEAN","CDS"],[1,140815,140958,-1,0,"scaffold223","GLEAN","CDS"],[1,139094,139227,-1,1,"scaffold223","GLEAN","CDS"],[1,138160,138271,-1,0,"scaffold223","GLEAN","CDS"],[1,137962,138041,-1,0,"scaffold223","GLEAN","CDS"],[1,136805,136999,-1,2,"scaffold223","GLEAN","CDS"],[1,135748,135894,-1,0,"scaffold223","GLEAN","CDS"],[1,132735,132817,-1,1,"scaffold223","GLEAN","CDS"],[1,132545,132656,-1,0,"scaffold223","GLEAN","CDS"],[1,131800,131926,-1,0,"scaffold223","GLEAN","CDS"],[1,131575,131715,-1,0,"scaffold223","GLEAN","CDS"],[1,131411,131478,-1,1,"scaffold223","GLEAN","CDS"],[1,129265,130257,-1,0,"scaffold223","GLEAN","CDS"],[1,128529,128742,-1,1,"scaffold223","GLEAN","CDS"],[1,124653,125143,-1,1,"scaffold223","GLEAN","CDS"]],"mRNA"],[0,157527,160929,-1,"lamu_GLEAN_10001092",0.995575,"scaffold223","GLEAN",[[1,160850,160929,-1,0,"scaffold223","GLEAN","CDS"],[1,158915,159175,-1,2,"scaffold223","GLEAN","CDS"],[1,157527,157656,-1,0,"scaffold223","GLEAN","CDS"]],"mRNA"],[0,165403,166676,-1,"lamu_GLEAN_10001093",0.535256,"scaffold223","GLEAN",[[1,166538,166676,-1,0,"scaffold223","GLEAN","CDS"],[1,165403,165634,-1,0,"scaffold223","GLEAN","CDS"]],"mRNA"],[0,182142,182637,1,"lamu_GLEAN_10001094",0.999467,"scaffold223","GLEAN",[[1,182142,182223,1,0,"scaffold223","GLEAN","CDS"],[1,182307,182637,1,0,"scaffold223","GLEAN","CDS"]],"mRNA"]],"urlTemplate":"lf-{Chunk}.json"}}