{"featureCount":41,"formatVersion":1,"histograms":{"meta":[{"arrayParams":{"chunkSize":10000,"length":10,"urlTemplate":"hist-100000-{Chunk}.json"},"basesPerBin":"100000"}],"stats":[{"basesPerBin":"100000","max":8,"mean":4.1}]},"intervals":{"classes":[{"attributes":["Start","End","Strand","Id","Score","Seq_id","Source","Subfeatures","Type"],"isArrayAttr":{"Subfeatures":1}},{"attributes":["Start","End","Strand","Phase","Seq_id","Source","Type"],"isArrayAttr":{}},{"attributes":["Start","End","Chunk"],"isArrayAttr":{"Sublist":1}}],"count":41,"lazyClass":2,"maxEnd":985634,"minStart":48008,"nclist":[[0,48008,48515,1,"lamu_GLEAN_10004911",0.999324,"scaffold114","GLEAN",[[1,48008,48515,1,0,"scaffold114","GLEAN","CDS"]],"mRNA"],[0,53016,62795,1,"lamu_GLEAN_10004912",0.942796,"scaffold114","GLEAN",[[1,53016,53319,1,0,"scaffold114","GLEAN","CDS"],[1,53406,53451,1,0,"scaffold114","GLEAN","CDS"],[1,53623,53737,1,0,"scaffold114","GLEAN","CDS"],[1,61625,61790,1,0,"scaffold114","GLEAN","CDS"],[1,62675,62795,1,0,"scaffold114","GLEAN","CDS"]],"mRNA"],[0,113040,114159,1,"lamu_GLEAN_10004913",1,"scaffold114","GLEAN",[[1,113040,114159,1,0,"scaffold114","GLEAN","CDS"]],"mRNA"],[0,121154,122006,-1,"lamu_GLEAN_10004914",0.626826,"scaffold114","GLEAN",[[1,121946,122006,-1,0,"scaffold114","GLEAN","CDS"],[1,121523,121583,-1,0,"scaffold114","GLEAN","CDS"],[1,121154,121415,-1,0,"scaffold114","GLEAN","CDS"]],"mRNA"],[0,170646,173628,1,"lamu_GLEAN_10004915",0.997586,"scaffold114","GLEAN",[[1,170646,173628,1,0,"scaffold114","GLEAN","CDS"]],"mRNA"],[0,185497,186620,-1,"lamu_GLEAN_10004916",0.94237,"scaffold114","GLEAN",[[1,186479,186620,-1,0,"scaffold114","GLEAN","CDS"],[1,186019,186283,-1,0,"scaffold114","GLEAN","CDS"],[1,185936,185949,-1,0,"scaffold114","GLEAN","CDS"],[1,185497,185847,-1,2,"scaffold114","GLEAN","CDS"]],"mRNA"],[0,189473,191688,-1,"lamu_GLEAN_10004917",0.607665,"scaffold114","GLEAN",[[1,190789,191688,-1,0,"scaffold114","GLEAN","CDS"],[1,190488,190602,-1,1,"scaffold114","GLEAN","CDS"],[1,189473,189819,-1,1,"scaffold114","GLEAN","CDS"]],"mRNA"],[0,203821,205672,-1,"lamu_GLEAN_10004918",1,"scaffold114","GLEAN",[[1,205029,205672,-1,0,"scaffold114","GLEAN","CDS"],[1,204836,204894,-1,2,"scaffold114","GLEAN","CDS"],[1,204674,204758,-1,1,"scaffold114","GLEAN","CDS"],[1,204413,204549,-1,1,"scaffold114","GLEAN","CDS"],[1,203821,204097,-1,0,"scaffold114","GLEAN","CDS"]],"mRNA"],[0,280367,284528,-1,"lamu_GLEAN_10004919",0.992518,"scaffold114","GLEAN",[[1,283332,284528,-1,0,"scaffold114","GLEAN","CDS"],[1,283149,283251,-1,1,"scaffold114","GLEAN","CDS"],[1,282241,282835,-1,1,"scaffold114","GLEAN","CDS"],[1,281443,281628,-1,1,"scaffold114","GLEAN","CDS"],[1,281042,281368,-1,2,"scaffold114","GLEAN","CDS"],[1,280817,280956,-1,0,"scaffold114","GLEAN","CDS"],[1,280582,280676,-1,2,"scaffold114","GLEAN","CDS"],[1,280367,280485,-1,1,"scaffold114","GLEAN","CDS"]],"mRNA"],[0,301524,301952,1,"lamu_GLEAN_10004920",0.999752,"scaffold114","GLEAN",[[1,301524,301615,1,0,"scaffold114","GLEAN","CDS"],[1,301758,301952,1,2,"scaffold114","GLEAN","CDS"]],"mRNA"],[0,306454,310342,-1,"lamu_GLEAN_10004921",0.989321,"scaffold114","GLEAN",[[1,307307,310342,-1,0,"scaffold114","GLEAN","CDS"],[1,306454,306863,-1,1,"scaffold114","GLEAN","CDS"]],"mRNA"],[0,320879,322127,1,"lamu_GLEAN_10004922",0.99993,"scaffold114","GLEAN",[[1,320879,321155,1,0,"scaffold114","GLEAN","CDS"],[1,321280,321623,1,0,"scaffold114","GLEAN","CDS"],[1,321711,322127,1,2,"scaffold114","GLEAN","CDS"]],"mRNA"],[0,351876,352230,1,"lamu_GLEAN_10004923",0.518951,"scaffold114","GLEAN",[[1,351876,352230,1,0,"scaffold114","GLEAN","CDS"]],"mRNA"],[0,368294,370060,-1,"lamu_GLEAN_10004924",0.631196,"scaffold114","GLEAN",[[1,370040,370060,-1,0,"scaffold114","GLEAN","CDS"],[1,369874,369932,-1,1,"scaffold114","GLEAN","CDS"],[1,368705,368826,-1,0,"scaffold114","GLEAN","CDS"],[1,368499,368610,-1,2,"scaffold114","GLEAN","CDS"],[1,368294,368404,-1,2,"scaffold114","GLEAN","CDS"]],"mRNA"],[0,375602,380768,-1,"lamu_GLEAN_10004925",0.562899,"scaffold114","GLEAN",[[1,380681,380768,-1,0,"scaffold114","GLEAN","CDS"],[1,380025,380156,-1,0,"scaffold114","GLEAN","CDS"],[1,379436,379498,-1,1,"scaffold114","GLEAN","CDS"],[1,378025,378078,-1,2,"scaffold114","GLEAN","CDS"],[1,375602,375764,-1,0,"scaffold114","GLEAN","CDS"]],"mRNA"],[0,406123,406549,-1,"lamu_GLEAN_10004926",0.631231,"scaffold114","GLEAN",[[1,406123,406549,-1,0,"scaffold114","GLEAN","CDS"]],"mRNA"],[0,451058,451660,-1,"lamu_GLEAN_10004927",1,"scaffold114","GLEAN",[[1,451577,451660,-1,0,"scaffold114","GLEAN","CDS"],[1,451058,451293,-1,1,"scaffold114","GLEAN","CDS"]],"mRNA"],[0,456983,462725,1,"lamu_GLEAN_10004928",0.500424,"scaffold114","GLEAN",[[1,456983,457031,1,0,"scaffold114","GLEAN","CDS"],[1,462542,462725,1,0,"scaffold114","GLEAN","CDS"]],"mRNA"],[0,468686,470728,-1,"lamu_GLEAN_10004929",0.722282,"scaffold114","GLEAN",[[1,470365,470728,-1,0,"scaffold114","GLEAN","CDS"],[1,469889,469982,-1,0,"scaffold114","GLEAN","CDS"],[1,469089,469150,-1,0,"scaffold114","GLEAN","CDS"],[1,468945,469014,-1,2,"scaffold114","GLEAN","CDS"],[1,468686,468751,-1,2,"scaffold114","GLEAN","CDS"]],"mRNA"],[0,471368,472214,-1,"lamu_GLEAN_10004930",0.999998,"scaffold114","GLEAN",[[1,471368,472214,-1,0,"scaffold114","GLEAN","CDS"]],"mRNA"],[0,490531,492511,1,"lamu_GLEAN_10004931",1,"scaffold114","GLEAN",[[1,490531,490763,1,0,"scaffold114","GLEAN","CDS"],[1,492371,492511,1,2,"scaffold114","GLEAN","CDS"]],"mRNA"],[0,493018,496244,-1,"lamu_GLEAN_10004932",0.474151,"scaffold114","GLEAN",[[1,496175,496244,-1,0,"scaffold114","GLEAN","CDS"],[1,494664,494848,-1,0,"scaffold114","GLEAN","CDS"],[1,493775,493818,-1,2,"scaffold114","GLEAN","CDS"],[1,493018,493667,-1,1,"scaffold114","GLEAN","CDS"]],"mRNA"],[0,503172,505332,-1,"lamu_GLEAN_10004933",0.761538,"scaffold114","GLEAN",[[1,505193,505332,-1,0,"scaffold114","GLEAN","CDS"],[1,503893,504354,-1,2,"scaffold114","GLEAN","CDS"],[1,503172,503820,-1,0,"scaffold114","GLEAN","CDS"]],"mRNA"],[0,536444,539345,-1,"lamu_GLEAN_10004934",0.992787,"scaffold114","GLEAN",[[1,536444,539345,-1,0,"scaffold114","GLEAN","CDS"]],"mRNA"],[0,573447,578339,1,"lamu_GLEAN_10004935",0.787882,"scaffold114","GLEAN",[[1,573447,573769,1,0,"scaffold114","GLEAN","CDS"],[1,574883,575576,1,2,"scaffold114","GLEAN","CDS"],[1,575648,575737,1,2,"scaffold114","GLEAN","CDS"],[1,575974,576044,1,0,"scaffold114","GLEAN","CDS"],[1,576678,576762,1,2,"scaffold114","GLEAN","CDS"],[1,576870,576947,1,2,"scaffold114","GLEAN","CDS"],[1,577078,577160,1,0,"scaffold114","GLEAN","CDS"],[1,577246,577329,1,2,"scaffold114","GLEAN","CDS"],[1,577566,577630,1,0,"scaffold114","GLEAN","CDS"],[1,577777,577906,1,2,"scaffold114","GLEAN","CDS"],[1,578013,578117,1,2,"scaffold114","GLEAN","CDS"],[1,578222,578339,1,0,"scaffold114","GLEAN","CDS"]],"mRNA"],[0,612713,613085,1,"lamu_GLEAN_10004936",0.899498,"scaffold114","GLEAN",[[1,612713,613085,1,0,"scaffold114","GLEAN","CDS"]],"mRNA"],[0,616125,624404,1,"lamu_GLEAN_10004937",0.998724,"scaffold114","GLEAN",[[1,616125,616182,1,0,"scaffold114","GLEAN","CDS"],[1,616308,616461,1,0,"scaffold114","GLEAN","CDS"],[1,616885,617023,1,0,"scaffold114","GLEAN","CDS"],[1,617281,617407,1,0,"scaffold114","GLEAN","CDS"],[1,617620,617749,1,0,"scaffold114","GLEAN","CDS"],[1,618806,618896,1,0,"scaffold114","GLEAN","CDS"],[1,619007,619158,1,0,"scaffold114","GLEAN","CDS"],[1,620953,621063,1,2,"scaffold114","GLEAN","CDS"],[1,621946,622018,1,0,"scaffold114","GLEAN","CDS"],[1,623244,623350,1,0,"scaffold114","GLEAN","CDS"],[1,623489,623687,1,2,"scaffold114","GLEAN","CDS"],[1,624162,624205,1,2,"scaffold114","GLEAN","CDS"],[1,624325,624404,1,1,"scaffold114","GLEAN","CDS"]],