{"featureCount":18,"formatVersion":1,"histograms":{"meta":[{"arrayParams":{"chunkSize":10000,"length":5,"urlTemplate":"hist-100000-{Chunk}.json"},"basesPerBin":"100000"}],"stats":[{"basesPerBin":"100000","max":5,"mean":3.6}]},"intervals":{"classes":[{"attributes":["Start","End","Strand","Id","Score","Seq_id","Source","Subfeatures","Type"],"isArrayAttr":{"Subfeatures":1}},{"attributes":["Start","End","Strand","Phase","Seq_id","Source","Type"],"isArrayAttr":{}},{"attributes":["Start","End","Chunk"],"isArrayAttr":{"Sublist":1}}],"count":18,"lazyClass":2,"maxEnd":482043,"minStart":43492,"nclist":[[0,43492,46920,-1,"lamu_GLEAN_10002710",0.88838,"scaffold120","GLEAN",[[1,46716,46920,-1,0,"scaffold120","GLEAN","CDS"],[1,46405,46621,-1,0,"scaffold120","GLEAN","CDS"],[1,43773,43929,-1,0,"scaffold120","GLEAN","CDS"],[1,43492,43657,-1,0,"scaffold120","GLEAN","CDS"]],"mRNA"],[0,47011,47562,-1,"lamu_GLEAN_10002711",0.99678,"scaffold120","GLEAN",[[1,47373,47562,-1,0,"scaffold120","GLEAN","CDS"],[1,47011,47116,-1,0,"scaffold120","GLEAN","CDS"]],"mRNA"],[0,68181,69627,-1,"lamu_GLEAN_10002712",0.631114,"scaffold120","GLEAN",[[1,68181,69627,-1,0,"scaffold120","GLEAN","CDS"]],"mRNA"],[0,97976,99996,-1,"lamu_GLEAN_10002713",0.999773,"scaffold120","GLEAN",[[1,99793,99996,-1,0,"scaffold120","GLEAN","CDS"],[1,99627,99690,-1,1,"scaffold120","GLEAN","CDS"],[1,99426,99543,-1,1,"scaffold120","GLEAN","CDS"],[1,99052,99302,-1,1,"scaffold120","GLEAN","CDS"],[1,98758,98920,-1,0,"scaffold120","GLEAN","CDS"],[1,98507,98659,-1,0,"scaffold120","GLEAN","CDS"],[1,97976,98235,-1,1,"scaffold120","GLEAN","CDS"]],"mRNA"],[0,182908,183265,1,"lamu_GLEAN_10002714",0.997777,"scaffold120","GLEAN",[[1,182908,183265,1,0,"scaffold120","GLEAN","CDS"]],"mRNA"],[0,230409,230783,1,"lamu_GLEAN_10002715",0.71077,"scaffold120","GLEAN",[[1,230409,230622,1,0,"scaffold120","GLEAN","CDS"],[1,230744,230783,1,0,"scaffold120","GLEAN","CDS"]],"mRNA"],[0,236768,238016,1,"lamu_GLEAN_10002716",0.998178,"scaffold120","GLEAN",[[1,236768,238016,1,0,"scaffold120","GLEAN","CDS"]],"mRNA"],[0,246904,249523,1,"lamu_GLEAN_10002717",0.899683,"scaffold120","GLEAN",[[1,246904,249523,1,0,"scaffold120","GLEAN","CDS"]],"mRNA"],[0,250698,251713,-1,"lamu_GLEAN_10002718",1,"scaffold120","GLEAN",[[1,251359,251713,-1,0,"scaffold120","GLEAN","CDS"],[1,250698,251259,-1,0,"scaffold120","GLEAN","CDS"]],"mRNA"],[0,318263,331069,1,"lamu_GLEAN_10002719",0.2913,"scaffold120","GLEAN",[[1,318263,318585,1,0,"scaffold120","GLEAN","CDS"],[1,321216,321317,1,2,"scaffold120","GLEAN","CDS"],[1,323662,323884,1,0,"scaffold120","GLEAN","CDS"],[1,330240,330359,1,0,"scaffold120","GLEAN","CDS"],[1,330806,330903,1,1,"scaffold120","GLEAN","CDS"],[1,331039,331069,1,0,"scaffold120","GLEAN","CDS"]],"mRNA"],[0,346603,346831,-1,"lamu_GLEAN_10002720",0.99998,"scaffold120","GLEAN",[[1,346766,346831,-1,0,"scaffold120","GLEAN","CDS"],[1,346603,346673,-1,1,"scaffold120","GLEAN","CDS"]],"mRNA"],[0,361762,363712,1,"lamu_GLEAN_10002721",1,"scaffold120","GLEAN",[[1,361762,363712,1,0,"scaffold120","GLEAN","CDS"]],"mRNA"],[0,372703,376187,1,"lamu_GLEAN_10002722",0.976945,"scaffold120","GLEAN",[[1,372703,372887,1,0,"scaffold120","GLEAN","CDS"],[1,373095,373238,1,2,"scaffold120","GLEAN","CDS"],[1,373630,373728,1,0,"scaffold120","GLEAN","CDS"],[1,373821,374003,1,1,"scaffold120","GLEAN","CDS"],[1,374091,374757,1,2,"scaffold120","GLEAN","CDS"],[1,374849,374998,1,2,"scaffold120","GLEAN","CDS"],[1,375522,375672,1,0,"scaffold120","GLEAN","CDS"],[1,375917,376187,1,0,"scaffold120","GLEAN","CDS"]],"mRNA"],[0,376897,380159,-1,"lamu_GLEAN_10002723",1,"scaffold120","GLEAN",[[1,379796,380159,-1,0,"scaffold120","GLEAN","CDS"],[1,377614,378635,-1,0,"scaffold120","GLEAN","CDS"],[1,376897,377223,-1,2,"scaffold120","GLEAN","CDS"]],"mRNA"],[0,409619,413859,-1,"lamu_GLEAN_10002724",0.441908,"scaffold120","GLEAN",[[1,413766,413859,-1,0,"scaffold120","GLEAN","CDS"],[1,409619,409643,-1,0,"scaffold120","GLEAN","CDS"]],"mRNA"],[0,415921,421867,-1,"lamu_GLEAN_10002725",0.323467,"scaffold120","GLEAN",[[1,421845,421867,-1,0,"scaffold120","GLEAN","CDS"],[1,421629,421760,-1,2,"scaffold120","GLEAN","CDS"],[1,421008,421155,-1,0,"scaffold120","GLEAN","CDS"],[1,420720,420849,-1,0,"scaffold120","GLEAN","CDS"],[1,419057,419156,-1,0,"scaffold120","GLEAN","CDS"],[1,415921,416059,-1,0,"scaffold120","GLEAN","CDS"]],"mRNA"],[0,442869,452131,-1,"lamu_GLEAN_10002726",0.341547,"scaffold120","GLEAN",[[1,451890,452131,-1,0,"scaffold120","GLEAN","CDS"],[1,451654,451815,-1,2,"scaffold120","GLEAN","CDS"],[1,449819,449885,-1,0,"scaffold120","GLEAN","CDS"],[1,447755,447888,-1,0,"scaffold120","GLEAN","CDS"],[1,447012,447122,-1,2,"scaffold120","GLEAN","CDS"],[1,446824,446920,-1,0,"scaffold120","GLEAN","CDS"],[1,446040,446164,-1,0,"scaffold120","GLEAN","CDS"],[1,445187,445255,-1,2,"scaffold120","GLEAN","CDS"],[1,444155,444242,-1,0,"scaffold120","GLEAN","CDS"],[1,443822,443975,-1,0,"scaffold120","GLEAN","CDS"],[1,443631,443727,-1,0,"scaffold120","GLEAN","CDS"],[1,443406,443466,-1,0,"scaffold120","GLEAN","CDS"],[1,443185,443304,-1,0,"scaffold120","GLEAN","CDS"],[1,443000,443088,-1,1,"scaffold120","GLEAN","CDS"],[1,442869,442920,-1,0,"scaffold120","GLEAN","CDS"]],"mRNA"],[0,476277,482043,1,"lamu_GLEAN_10002727",0.540263,"scaffold120","GLEAN",[[1,476277,476284,1,0,"scaffold120","GLEAN","CDS"],[1,477790,478014,1,2,"scaffold120","GLEAN","CDS"],[1,479868,482043,1,0,"scaffold120","GLEAN","CDS"]],"mRNA"]],"urlTemplate":"lf-{Chunk}.json"}}