{"featureCount":24,"formatVersion":1,"histograms":{"meta":[{"arrayParams":{"chunkSize":10000,"length":7,"urlTemplate":"hist-50000-{Chunk}.json"},"basesPerBin":"50000"}],"stats":[{"basesPerBin":"50000","max":8,"mean":4}]},"intervals":{"classes":[{"attributes":["Start","End","Strand","Id","Score","Seq_id","Source","Subfeatures","Type"],"isArrayAttr":{"Subfeatures":1}},{"attributes":["Start","End","Strand","Phase","Seq_id","Source","Type"],"isArrayAttr":{}},{"attributes":["Start","End","Chunk"],"isArrayAttr":{"Sublist":1}}],"count":24,"lazyClass":2,"maxEnd":321815,"minStart":13735,"nclist":[[0,13735,15879,-1,"lamu_GLEAN_10001732",0.736875,"scaffold150","GLEAN",[[1,15867,15879,-1,0,"scaffold150","GLEAN","CDS"],[1,15262,15423,-1,0,"scaffold150","GLEAN","CDS"],[1,14042,14231,-1,1,"scaffold150","GLEAN","CDS"],[1,13735,13841,-1,1,"scaffold150","GLEAN","CDS"]],"mRNA"],[0,21380,41864,-1,"lamu_GLEAN_10001733",0.902605,"scaffold150","GLEAN",[[1,41777,41864,-1,0,"scaffold150","GLEAN","CDS"],[1,40335,40407,-1,0,"scaffold150","GLEAN","CDS"],[1,40164,40219,-1,0,"scaffold150","GLEAN","CDS"],[1,39913,40056,-1,2,"scaffold150","GLEAN","CDS"],[1,39509,39784,-1,0,"scaffold150","GLEAN","CDS"],[1,37186,37242,-1,1,"scaffold150","GLEAN","CDS"],[1,34919,35160,-1,2,"scaffold150","GLEAN","CDS"],[1,34306,34457,-1,1,"scaffold150","GLEAN","CDS"],[1,25562,25772,-1,0,"scaffold150","GLEAN","CDS"],[1,23856,25401,-1,0,"scaffold150","GLEAN","CDS"],[1,22766,22835,-1,0,"scaffold150","GLEAN","CDS"],[1,22250,22469,-1,0,"scaffold150","GLEAN","CDS"],[1,21860,21953,-1,0,"scaffold150","GLEAN","CDS"],[1,21380,21680,-1,0,"scaffold150","GLEAN","CDS"]],"mRNA"],[0,50103,52059,1,"lamu_GLEAN_10001734",0.370851,"scaffold150","GLEAN",[[1,50103,50206,1,0,"scaffold150","GLEAN","CDS"],[1,50911,50975,1,2,"scaffold150","GLEAN","CDS"],[1,51081,51177,1,1,"scaffold150","GLEAN","CDS"],[1,51348,51451,1,1,"scaffold150","GLEAN","CDS"],[1,51624,51681,1,0,"scaffold150","GLEAN","CDS"],[1,51990,52059,1,0,"scaffold150","GLEAN","CDS"]],"mRNA"],[0,64218,66036,1,"lamu_GLEAN_10001735",0.932599,"scaffold150","GLEAN",[[1,64218,64254,1,0,"scaffold150","GLEAN","CDS"],[1,64406,64490,1,0,"scaffold150","GLEAN","CDS"],[1,64792,64856,1,0,"scaffold150","GLEAN","CDS"],[1,66019,66036,1,2,"scaffold150","GLEAN","CDS"]],"mRNA"],[0,66464,68505,-1,"lamu_GLEAN_10001736",0.99993,"scaffold150","GLEAN",[[1,68224,68505,-1,0,"scaffold150","GLEAN","CDS"],[1,67614,67909,-1,1,"scaffold150","GLEAN","CDS"],[1,67251,67544,-1,0,"scaffold150","GLEAN","CDS"],[1,66831,67112,-1,1,"scaffold150","GLEAN","CDS"],[1,66464,66706,-1,2,"scaffold150","GLEAN","CDS"]],"mRNA"],[0,73228,79470,-1,"lamu_GLEAN_10001737",0.668717,"scaffold150","GLEAN",[[1,79395,79470,-1,0,"scaffold150","GLEAN","CDS"],[1,78691,78768,-1,0,"scaffold150","GLEAN","CDS"],[1,76073,76164,-1,1,"scaffold150","GLEAN","CDS"],[1,75459,75513,-1,0,"scaffold150","GLEAN","CDS"],[1,75286,75382,-1,0,"scaffold150","GLEAN","CDS"],[1,74866,74956,-1,0,"scaffold150","GLEAN","CDS"],[1,74463,74515,-1,0,"scaffold150","GLEAN","CDS"],[1,74039,74101,-1,2,"scaffold150","GLEAN","CDS"],[1,73872,73953,-1,0,"scaffold150","GLEAN","CDS"],[1,73228,73345,-1,0,"scaffold150","GLEAN","CDS"]],"mRNA"],[0,102028,106250,1,"lamu_GLEAN_10001738",0.477707,"scaffold150","GLEAN",[[1,102028,102379,1,0,"scaffold150","GLEAN","CDS"],[1,103416,103538,1,0,"scaffold150","GLEAN","CDS"],[1,104864,104938,1,1,"scaffold150","GLEAN","CDS"],[1,105563,105611,1,2,"scaffold150","GLEAN","CDS"],[1,105946,106047,1,2,"scaffold150","GLEAN","CDS"],[1,106136,106250,1,0,"scaffold150","GLEAN","CDS"]],"mRNA"],[0,116901,119686,-1,"lamu_GLEAN_10001739",0.903104,"scaffold150","GLEAN",[[1,119593,119686,-1,0,"scaffold150","GLEAN","CDS"],[1,116901,117012,-1,0,"scaffold150","GLEAN","CDS"]],"mRNA"],[0,133796,136640,-1,"lamu_GLEAN_10001740",0.997785,"scaffold150","GLEAN",[[1,136625,136640,-1,0,"scaffold150","GLEAN","CDS"],[1,136461,136523,-1,0,"scaffold150","GLEAN","CDS"],[1,135987,136107,-1,1,"scaffold150","GLEAN","CDS"],[1,135772,135872,-1,1,"scaffold150","GLEAN","CDS"],[1,135546,135627,-1,0,"scaffold150","GLEAN","CDS"],[1,135237,135287,-1,0,"scaffold150","GLEAN","CDS"],[1,134986,135137,-1,1,"scaffold150","GLEAN","CDS"],[1,134833,134890,-1,0,"scaffold150","GLEAN","CDS"],[1,134116,134238,-1,0,"scaffold150","GLEAN","CDS"],[1,133796,134007,-1,1,"scaffold150","GLEAN","CDS"]],"mRNA"],[0,149391,158783,1,"lamu_GLEAN_10001741",0.720864,"scaffold150","GLEAN",[[1,149391,149421,1,0,"scaffold150","GLEAN","CDS"],[1,149589,149701,1,0,"scaffold150","GLEAN","CDS"],[1,149872,149944,1,2,"scaffold150","GLEAN","CDS"],[1,151341,151414,1,2,"scaffold150","GLEAN","CDS"],[1,151551,151656,1,1,"scaffold150","GLEAN","CDS"],[1,151990,152852,1,1,"scaffold150","GLEAN","CDS"],[1,154462,154647,1,0,"scaffold150","GLEAN","CDS"],[1,156490,156599,1,1,"scaffold150","GLEAN","CDS"],[1,157224,157367,1,0,"scaffold150","GLEAN","CDS"],[1,158245,158480,1,1,"scaffold150","GLEAN","CDS"],[1,158723,158783,1,0,"scaffold150","GLEAN","CDS"]],"mRNA"],[0,199265,206188,1,"lamu_GLEAN_10001742",0.490776,"scaffold150","GLEAN",[[1,199265,200183,1,0,"scaffold150","GLEAN","CDS"],[1,200472,200547,1,0,"scaffold150","GLEAN","CDS"],[1,200624,200696,1,0,"scaffold150","GLEAN","CDS"],[1,202056,202137,1,0,"scaffold150","GLEAN","CDS"],[1,202258,202356,1,0,"scaffold150","GLEAN","CDS"],[1,203316,203442,1,1,"scaffold150","GLEAN","CDS"],[1,205514,205563,1,1,"scaffold150","GLEAN","CDS"],[1,205673,205743,1,0,"scaffold150","GLEAN","CDS"],[1,206111,206188,1,2,"scaffold150","GLEAN","CDS"]],"mRNA"],[0,209208,213791,1,"lamu_GLEAN_10001743",0.13074,"scaffold150","GLEAN",[[1,209208,209337,1,0,"scaffold150","GLEAN","CDS"],[1,210936,211492,1,0,"scaffold150","GLEAN","CDS"],[1,211537,211811,1,2,"scaffold150","GLEAN","CDS"],[1,212363,213231,1,1,"scaffold150","GLEAN","CDS"],[1,213440,213791,1,0,"scaffold150","GLEAN","CDS"]],"mRNA"],[0,220692,221097,1,"lamu_GLEAN_10001744",0.999833,"scaffold150","GLEAN",[[1,220692,221097,1,0,"scaffold150","GLEAN","CDS"]],"mRNA"],[0,221416,226520,-1,"lamu_GLEAN_10001745",0.469802,"scaffold150","GLEAN",[[1,226001,226520,-1,0,"scaffold150","GLEAN","CDS"],[1,225205,225301,-1,0,"scaffold150","GLEAN","CDS"],[1,224988,225123,-1,0,"scaffold150","GLEAN","CDS"],[1,224634,224775,-1,0,"scaffold150","GLEAN","CDS"],[1,223904,224045,-1,0,"scaffold150","GLEAN","CDS"],[1,222773,222916,-1,0,"scaffold150","GLEAN","CDS"],[1,222521,222651,-1,1,"scaffold150","GLEAN","CDS"],[1,222336,222385,-1,0,"scaffold150","GLEAN","CDS"],[1,221416,221895,-1,2,"scaffold150","GLEAN","CDS"]],"mRNA"],[0,228748,235093,-1,"lamu_GLEAN_10001746",0.986881,"scaffold150","GLEAN",[[1,234793,235093,-1,0,"scaffold150","GLEAN","CDS"],[1,233104,233269,-1,0,"scaffold150","GLEAN","CDS"],[1,231954,232049,-1,0,"scaffold150","GLEAN","CDS"],[1,230354,230784,-1,1,"scaffold150","GLEAN","CDS"],[1,229647,229737,-1,0,"scaffold150","GLEAN","CDS"],[1,229386,229575,-1,0,"scaffold150","GLEAN","CDS"],[1,229077,229200,-1,0,"scaffold150","GLEAN","CDS"],[1,228748,228934,-1,0,"scaffold150","GLEAN","CDS"]],"mRNA"],[0,236507,237483,1,"lamu_GLEAN_10001747",0.561993,"scaffold150","GLEAN",[[1,236507,236955,1,0,"scaffold150","GLEAN","CDS"],[1,237020,237173,1,2,"scaffold150","GLEAN","CDS"],[1,237265,237483,1,2,"scaffold150","GLEAN","CDS"]],"mRNA"],[0,237810,241439,-1,"lamu_GLEAN_10001748",1,"scaffold150","GLEAN",[[1,241186,241439,-1,0,"scaffold150","GLEAN","CDS"],[1,239378,240157,-1,2,"scaffold150","GLEAN","CDS"],[1,239172,239250,-1,0,"scaffold150","GLEAN","CDS"],[1,238976,239066,-1,0,"scaffold150","GLEAN","CDS"],[1,238518,238821,-1,0,"scaffold150","GLEAN","CDS"],[1,238152,238380,-1,0,"scaffold150","GLEAN","CDS"],[1,237810,238038,-1,0,"scaffold150","GLEAN","CDS"]],