{"featureCount":11,"formatVersion":1,"histograms":{"meta":[{"arrayParams":{"chunkSize":10000,"length":3,"urlTemplate":"hist-100000-{Chunk}.json"},"basesPerBin":"100000"}],"stats":[{"basesPerBin":"100000","max":7,"mean":3.66666666666667}]},"intervals":{"classes":[{"attributes":["Start","End","Strand","Id","Score","Seq_id","Source","Subfeatures","Type"],"isArrayAttr":{"Subfeatures":1}},{"attributes":["Start","End","Strand","Phase","Seq_id","Source","Type"],"isArrayAttr":{}},{"attributes":["Start","End","Chunk"],"isArrayAttr":{"Sublist":1}}],"count":11,"lazyClass":2,"maxEnd":293236,"minStart":51727,"nclist":[[0,51727,60882,1,"lamu_GLEAN_10001532",0.0739309,"scaffold187","GLEAN",[[1,51727,51835,1,0,"scaffold187","GLEAN","CDS"],[1,52586,52658,1,0,"scaffold187","GLEAN","CDS"],[1,53340,53400,1,0,"scaffold187","GLEAN","CDS"],[1,53537,53667,1,0,"scaffold187","GLEAN","CDS"],[1,53740,53925,1,2,"scaffold187","GLEAN","CDS"],[1,54091,54276,1,0,"scaffold187","GLEAN","CDS"],[1,55512,55640,1,1,"scaffold187","GLEAN","CDS"],[1,56712,56984,1,2,"scaffold187","GLEAN","CDS"],[1,57082,57137,1,0,"scaffold187","GLEAN","CDS"],[1,58115,58195,1,2,"scaffold187","GLEAN","CDS"],[1,58619,58863,1,0,"scaffold187","GLEAN","CDS"],[1,59347,59446,1,2,"scaffold187","GLEAN","CDS"],[1,59815,60631,1,2,"scaffold187","GLEAN","CDS"],[1,60706,60882,1,2,"scaffold187","GLEAN","CDS"]],"mRNA"],[0,85007,85523,1,"lamu_GLEAN_10001533",0.998356,"scaffold187","GLEAN",[[1,85007,85523,1,0,"scaffold187","GLEAN","CDS"]],"mRNA"],[0,102627,108195,1,"lamu_GLEAN_10001534",0.998831,"scaffold187","GLEAN",[[1,102627,102834,1,0,"scaffold187","GLEAN","CDS"],[1,103867,104066,1,0,"scaffold187","GLEAN","CDS"],[1,104579,104643,1,2,"scaffold187","GLEAN","CDS"],[1,104923,104987,1,1,"scaffold187","GLEAN","CDS"],[1,105077,105158,1,0,"scaffold187","GLEAN","CDS"],[1,106037,106124,1,0,"scaffold187","GLEAN","CDS"],[1,106321,106479,1,0,"scaffold187","GLEAN","CDS"],[1,106570,106619,1,1,"scaffold187","GLEAN","CDS"],[1,107735,107860,1,0,"scaffold187","GLEAN","CDS"],[1,107966,108195,1,1,"scaffold187","GLEAN","CDS"]],"mRNA"],[0,109690,111260,-1,"lamu_GLEAN_10001535",1,"scaffold187","GLEAN",[[1,110999,111260,-1,0,"scaffold187","GLEAN","CDS"],[1,110704,110916,-1,0,"scaffold187","GLEAN","CDS"],[1,110335,110600,-1,1,"scaffold187","GLEAN","CDS"],[1,109690,109987,-1,0,"scaffold187","GLEAN","CDS"]],"mRNA"],[0,129341,134586,-1,"lamu_GLEAN_10001536",0.559969,"scaffold187","GLEAN",[[1,134546,134586,-1,0,"scaffold187","GLEAN","CDS"],[1,133668,133736,-1,2,"scaffold187","GLEAN","CDS"],[1,133486,133522,-1,0,"scaffold187","GLEAN","CDS"],[1,130575,130661,-1,0,"scaffold187","GLEAN","CDS"],[1,129745,129875,-1,1,"scaffold187","GLEAN","CDS"],[1,129498,129600,-1,0,"scaffold187","GLEAN","CDS"],[1,129341,129416,-1,0,"scaffold187","GLEAN","CDS"]],"mRNA"],[0,158420,163209,1,"lamu_GLEAN_10001537",0.492189,"scaffold187","GLEAN",[[1,158420,158577,1,0,"scaffold187","GLEAN","CDS"],[1,158768,158921,1,2,"scaffold187","GLEAN","CDS"],[1,159002,159332,1,2,"scaffold187","GLEAN","CDS"],[1,159459,159536,1,2,"scaffold187","GLEAN","CDS"],[1,159681,160177,1,0,"scaffold187","GLEAN","CDS"],[1,160605,160769,1,2,"scaffold187","GLEAN","CDS"],[1,161543,161649,1,0,"scaffold187","GLEAN","CDS"],[1,162354,162463,1,2,"scaffold187","GLEAN","CDS"],[1,162920,163209,1,1,"scaffold187","GLEAN","CDS"]],"mRNA"],[0,176300,185016,1,"lamu_GLEAN_10001538",0.376351,"scaffold187","GLEAN",[[1,176300,176468,1,0,"scaffold187","GLEAN","CDS"],[1,176598,176689,1,0,"scaffold187","GLEAN","CDS"],[1,177228,177364,1,2,"scaffold187","GLEAN","CDS"],[1,177779,178052,1,1,"scaffold187","GLEAN","CDS"],[1,179370,179518,1,1,"scaffold187","GLEAN","CDS"],[1,180028,180268,1,0,"scaffold187","GLEAN","CDS"],[1,180898,181031,1,0,"scaffold187","GLEAN","CDS"],[1,182800,182982,1,2,"scaffold187","GLEAN","CDS"],[1,183294,183407,1,0,"scaffold187","GLEAN","CDS"],[1,184907,185016,1,1,"scaffold187","GLEAN","CDS"]],"mRNA"],[0,189756,192854,-1,"lamu_GLEAN_10001539",0.818248,"scaffold187","GLEAN",[[1,192153,192854,-1,0,"scaffold187","GLEAN","CDS"],[1,190945,191315,-1,1,"scaffold187","GLEAN","CDS"],[1,190076,190122,-1,0,"scaffold187","GLEAN","CDS"],[1,189756,189980,-1,2,"scaffold187","GLEAN","CDS"]],"mRNA"],[0,194859,195279,-1,"lamu_GLEAN_10001540",0.939089,"scaffold187","GLEAN",[[1,194859,195279,-1,0,"scaffold187","GLEAN","CDS"]],"mRNA"],[0,258493,263528,-1,"lamu_GLEAN_10001541",0.999539,"scaffold187","GLEAN",[[1,263299,263528,-1,0,"scaffold187","GLEAN","CDS"],[1,262424,262586,-1,2,"scaffold187","GLEAN","CDS"],[1,261060,261236,-1,2,"scaffold187","GLEAN","CDS"],[1,259320,259424,-1,0,"scaffold187","GLEAN","CDS"],[1,259097,259209,-1,1,"scaffold187","GLEAN","CDS"],[1,258493,258562,-1,0,"scaffold187","GLEAN","CDS"]],"mRNA"],[0,288206,293236,1,"lamu_GLEAN_10001542",0.999354,"scaffold187","GLEAN",[[1,288206,288395,1,0,"scaffold187","GLEAN","CDS"],[1,289555,289667,1,0,"scaffold187","GLEAN","CDS"],[1,289811,289924,1,2,"scaffold187","GLEAN","CDS"],[1,290007,290130,1,0,"scaffold187","GLEAN","CDS"],[1,290277,290450,1,0,"scaffold187","GLEAN","CDS"],[1,290645,290721,1,1,"scaffold187","GLEAN","CDS"],[1,291209,291296,1,0,"scaffold187","GLEAN","CDS"],[1,291598,291679,1,0,"scaffold187","GLEAN","CDS"],[1,291778,291811,1,0,"scaffold187","GLEAN","CDS"],[1,291912,291966,1,0,"scaffold187","GLEAN","CDS"],[1,292415,292457,1,0,"scaffold187","GLEAN","CDS"],[1,292812,292891,1,0,"scaffold187","GLEAN","CDS"],[1,292989,293060,1,2,"scaffold187","GLEAN","CDS"],[1,293143,293236,1,0,"scaffold187","GLEAN","CDS"]],"mRNA"]],"urlTemplate":"lf-{Chunk}.json"}}