{"featureCount":7,"formatVersion":1,"histograms":{"meta":[{"arrayParams":{"chunkSize":10000,"length":2,"urlTemplate":"hist-50000-{Chunk}.json"},"basesPerBin":"50000"}],"stats":[{"basesPerBin":"50000","max":5,"mean":4}]},"intervals":{"classes":[{"attributes":["Start","End","Strand","Id","Score","Seq_id","Source","Subfeatures","Type"],"isArrayAttr":{"Subfeatures":1}},{"attributes":["Start","End","Strand","Phase","Seq_id","Source","Type"],"isArrayAttr":{}},{"attributes":["Start","End","Chunk"],"isArrayAttr":{"Sublist":1}}],"count":7,"lazyClass":2,"maxEnd":66495,"minStart":13496,"nclist":[[0,13496,15163,1,"lamu_GLEAN_10000594",0.790247,"scaffold339","GLEAN",[[1,13496,14319,1,0,"scaffold339","GLEAN","CDS"],[1,15086,15163,1,2,"scaffold339","GLEAN","CDS"]],"mRNA"],[0,31300,35821,-1,"lamu_GLEAN_10000595",0.998792,"scaffold339","GLEAN",[[1,32730,35821,-1,0,"scaffold339","GLEAN","CDS"],[1,31300,31860,-1,2,"scaffold339","GLEAN","CDS"]],"mRNA"],[0,41426,44687,-1,"lamu_GLEAN_10000596",1,"scaffold339","GLEAN",[[1,44650,44687,-1,0,"scaffold339","GLEAN","CDS"],[1,43670,43853,-1,2,"scaffold339","GLEAN","CDS"],[1,43067,43157,-1,2,"scaffold339","GLEAN","CDS"],[1,42485,42670,-1,2,"scaffold339","GLEAN","CDS"],[1,42242,42365,-1,0,"scaffold339","GLEAN","CDS"],[1,41964,42117,-1,0,"scaffold339","GLEAN","CDS"],[1,41426,41753,-1,0,"scaffold339","GLEAN","CDS"]],"mRNA"],[0,47315,48078,-1,"lamu_GLEAN_10000597",0.559333,"scaffold339","GLEAN",[[1,47940,48078,-1,0,"scaffold339","GLEAN","CDS"],[1,47315,47486,-1,0,"scaffold339","GLEAN","CDS"]],"mRNA"],[0,48861,59060,-1,"lamu_GLEAN_10000598",0.578329,"scaffold339","GLEAN",[[1,58925,59060,-1,0,"scaffold339","GLEAN","CDS"],[1,57282,57357,-1,0,"scaffold339","GLEAN","CDS"],[1,56074,56190,-1,0,"scaffold339","GLEAN","CDS"],[1,55712,55827,-1,1,"scaffold339","GLEAN","CDS"],[1,55471,55600,-1,0,"scaffold339","GLEAN","CDS"],[1,54504,54552,-1,0,"scaffold339","GLEAN","CDS"],[1,53738,53917,-1,0,"scaffold339","GLEAN","CDS"],[1,53425,53622,-1,1,"scaffold339","GLEAN","CDS"],[1,53027,53320,-1,2,"scaffold339","GLEAN","CDS"],[1,52710,52824,-1,0,"scaffold339","GLEAN","CDS"],[1,52037,52574,-1,0,"scaffold339","GLEAN","CDS"],[1,51797,51944,-1,0,"scaffold339","GLEAN","CDS"],[1,50721,50794,-1,0,"scaffold339","GLEAN","CDS"],[1,49206,49262,-1,2,"scaffold339","GLEAN","CDS"],[1,48861,49074,-1,0,"scaffold339","GLEAN","CDS"]],"mRNA"],[0,60853,63436,1,"lamu_GLEAN_10000599",1,"scaffold339","GLEAN",[[1,60853,61033,1,0,"scaffold339","GLEAN","CDS"],[1,61469,61661,1,0,"scaffold339","GLEAN","CDS"],[1,62118,62709,1,0,"scaffold339","GLEAN","CDS"],[1,62821,63436,1,0,"scaffold339","GLEAN","CDS"]],"mRNA"],[0,65715,66495,-1,"lamu_GLEAN_10000600",0.83704,"scaffold339","GLEAN",[[1,66442,66495,-1,0,"scaffold339","GLEAN","CDS"],[1,66258,66348,-1,1,"scaffold339","GLEAN","CDS"],[1,66091,66151,-1,1,"scaffold339","GLEAN","CDS"],[1,65715,65743,-1,1,"scaffold339","GLEAN","CDS"]],"mRNA"]],"urlTemplate":"lf-{Chunk}.json"}}