{"featureCount":7,"formatVersion":1,"histograms":{"meta":[{"arrayParams":{"chunkSize":10000,"length":2,"urlTemplate":"hist-500000-{Chunk}.json"},"basesPerBin":"500000"}],"stats":[{"basesPerBin":"500000","max":4,"mean":3.5}]},"intervals":{"classes":[{"attributes":["Start","End","Strand","Id","Score","Seq_id","Source","Subfeatures","Type"],"isArrayAttr":{"Subfeatures":1}},{"attributes":["Start","End","Strand","Phase","Seq_id","Source","Type"],"isArrayAttr":{}},{"attributes":["Start","End","Chunk"],"isArrayAttr":{"Sublist":1}}],"count":7,"lazyClass":2,"maxEnd":888495,"minStart":246967,"nclist":[[0,246967,247294,-1,"lamu_GLEAN_10004860",0.566896,"scaffold118","GLEAN",[[1,246967,247294,-1,0,"scaffold118","GLEAN","CDS"]],"mRNA"],[0,253609,254164,1,"lamu_GLEAN_10004861",0.579698,"scaffold118","GLEAN",[[1,253609,254164,1,0,"scaffold118","GLEAN","CDS"]],"mRNA"],[0,302723,303113,1,"lamu_GLEAN_10004862",0.840433,"scaffold118","GLEAN",[[1,302723,303113,1,0,"scaffold118","GLEAN","CDS"]],"mRNA"],[0,445131,445548,1,"lamu_GLEAN_10004863",0.647902,"scaffold118","GLEAN",[[1,445131,445548,1,0,"scaffold118","GLEAN","CDS"]],"mRNA"],[0,549049,549801,-1,"lamu_GLEAN_10004864",0.998721,"scaffold118","GLEAN",[[1,549579,549801,-1,0,"scaffold118","GLEAN","CDS"],[1,549049,549475,-1,0,"scaffold118","GLEAN","CDS"]],"mRNA"],[0,795324,796008,-1,"lamu_GLEAN_10004865",1,"scaffold118","GLEAN",[[1,795324,796008,-1,0,"scaffold118","GLEAN","CDS"]],"mRNA"],[0,888150,888495,1,"lamu_GLEAN_10004866",0.983753,"scaffold118","GLEAN",[[1,888150,888495,1,0,"scaffold118","GLEAN","CDS"]],"mRNA"]],"urlTemplate":"lf-{Chunk}.json"}}