{"featureCount":57,"formatVersion":1,"histograms":{"meta":[{"arrayParams":{"chunkSize":10000,"length":22,"urlTemplate":"hist-100000-{Chunk}.json"},"basesPerBin":"100000"}],"stats":[{"basesPerBin":"100000","max":7,"mean":2.59090909090909}]},"intervals":{"classes":[{"attributes":["Start","End","Strand","Id","Score","Seq_id","Source","Subfeatures","Type"],"isArrayAttr":{"Subfeatures":1}},{"attributes":["Start","End","Strand","Phase","Seq_id","Source","Type"],"isArrayAttr":{}},{"attributes":["Start","End","Chunk"],"isArrayAttr":{"Sublist":1}}],"count":57,"lazyClass":2,"maxEnd":2153642,"minStart":83949,"nclist":[[0,83949,94925,-1,"lamu_GLEAN_10009447",0.391568,"scaffold19","GLEAN",[[1,94738,94925,-1,0,"scaffold19","GLEAN","CDS"],[1,94256,94347,-1,2,"scaffold19","GLEAN","CDS"],[1,93572,93928,-1,1,"scaffold19","GLEAN","CDS"],[1,92846,92944,-1,2,"scaffold19","GLEAN","CDS"],[1,92397,92517,-1,0,"scaffold19","GLEAN","CDS"],[1,92100,92190,-1,0,"scaffold19","GLEAN","CDS"],[1,91818,91934,-1,0,"scaffold19","GLEAN","CDS"],[1,91243,91343,-1,1,"scaffold19","GLEAN","CDS"],[1,90589,90637,-1,0,"scaffold19","GLEAN","CDS"],[1,90430,90508,-1,0,"scaffold19","GLEAN","CDS"],[1,90233,90353,-1,0,"scaffold19","GLEAN","CDS"],[1,89910,90016,-1,0,"scaffold19","GLEAN","CDS"],[1,89639,89803,-1,2,"scaffold19","GLEAN","CDS"],[1,89168,89303,-1,0,"scaffold19","GLEAN","CDS"],[1,88681,88812,-1,0,"scaffold19","GLEAN","CDS"],[1,88320,88383,-1,1,"scaffold19","GLEAN","CDS"],[1,88100,88179,-1,1,"scaffold19","GLEAN","CDS"],[1,87185,87317,-1,0,"scaffold19","GLEAN","CDS"],[1,86858,86890,-1,0,"scaffold19","GLEAN","CDS"],[1,86593,86763,-1,1,"scaffold19","GLEAN","CDS"],[1,86179,86328,-1,2,"scaffold19","GLEAN","CDS"],[1,85824,85926,-1,0,"scaffold19","GLEAN","CDS"],[1,85671,85728,-1,0,"scaffold19","GLEAN","CDS"],[1,84877,85021,-1,0,"scaffold19","GLEAN","CDS"],[1,84426,84497,-1,0,"scaffold19","GLEAN","CDS"],[1,83949,84055,-1,1,"scaffold19","GLEAN","CDS"]],"mRNA"],[0,112173,117202,1,"lamu_GLEAN_10009448",0.985991,"scaffold19","GLEAN",[[1,112173,112509,1,0,"scaffold19","GLEAN","CDS"],[1,112751,112806,1,0,"scaffold19","GLEAN","CDS"],[1,112920,113096,1,2,"scaffold19","GLEAN","CDS"],[1,113183,113405,1,0,"scaffold19","GLEAN","CDS"],[1,113488,113727,1,0,"scaffold19","GLEAN","CDS"],[1,113897,114697,1,1,"scaffold19","GLEAN","CDS"],[1,114799,115686,1,2,"scaffold19","GLEAN","CDS"],[1,115763,116030,1,0,"scaffold19","GLEAN","CDS"],[1,116115,116379,1,0,"scaffold19","GLEAN","CDS"],[1,116473,116767,1,0,"scaffold19","GLEAN","CDS"],[1,116842,117202,1,0,"scaffold19","GLEAN","CDS"]],"mRNA"],[0,206571,210018,1,"lamu_GLEAN_10009449",0.967493,"scaffold19","GLEAN",[[1,206571,207297,1,0,"scaffold19","GLEAN","CDS"],[1,207536,207962,1,0,"scaffold19","GLEAN","CDS"],[1,208050,208182,1,0,"scaffold19","GLEAN","CDS"],[1,208999,209181,1,0,"scaffold19","GLEAN","CDS"],[1,209277,209389,1,1,"scaffold19","GLEAN","CDS"],[1,209591,209735,1,0,"scaffold19","GLEAN","CDS"],[1,209904,210018,1,0,"scaffold19","GLEAN","CDS"]],"mRNA"],[0,215400,222077,-1,"lamu_GLEAN_10009450",0.992858,"scaffold19","GLEAN",[[1,222047,222077,-1,0,"scaffold19","GLEAN","CDS"],[1,221869,221974,-1,0,"scaffold19","GLEAN","CDS"],[1,221606,221732,-1,0,"scaffold19","GLEAN","CDS"],[1,220735,220794,-1,0,"scaffold19","GLEAN","CDS"],[1,220578,220615,-1,1,"scaffold19","GLEAN","CDS"],[1,220227,220353,-1,0,"scaffold19","GLEAN","CDS"],[1,215862,216054,-1,0,"scaffold19","GLEAN","CDS"],[1,215400,215520,-1,0,"scaffold19","GLEAN","CDS"]],"mRNA"],[0,237325,250582,-1,"lamu_GLEAN_10009451",0.983975,"scaffold19","GLEAN",[[1,250204,250582,-1,0,"scaffold19","GLEAN","CDS"],[1,249855,249927,-1,0,"scaffold19","GLEAN","CDS"],[1,246673,246757,-1,0,"scaffold19","GLEAN","CDS"],[1,246294,246450,-1,0,"scaffold19","GLEAN","CDS"],[1,238806,238875,-1,0,"scaffold19","GLEAN","CDS"],[1,238646,238712,-1,0,"scaffold19","GLEAN","CDS"],[1,238418,238547,-1,0,"scaffold19","GLEAN","CDS"],[1,237325,237391,-1,0,"scaffold19","GLEAN","CDS"]],"mRNA"],[0,326372,327375,1,"lamu_GLEAN_10009452",1,"scaffold19","GLEAN",[[1,326372,326605,1,0,"scaffold19","GLEAN","CDS"],[1,326761,326970,1,1,"scaffold19","GLEAN","CDS"],[1,327126,327223,1,2,"scaffold19","GLEAN","CDS"],[1,327320,327375,1,1,"scaffold19","GLEAN","CDS"]],"mRNA"],[0,341483,346992,1,"lamu_GLEAN_10009453",0.767581,"scaffold19","GLEAN",[[1,341483,341583,1,0,"scaffold19","GLEAN","CDS"],[1,344091,344186,1,2,"scaffold19","GLEAN","CDS"],[1,344803,344875,1,0,"scaffold19","GLEAN","CDS"],[1,344960,345008,1,0,"scaffold19","GLEAN","CDS"],[1,345104,345188,1,0,"scaffold19","GLEAN","CDS"],[1,345520,345559,1,0,"scaffold19","GLEAN","CDS"],[1,345695,345778,1,0,"scaffold19","GLEAN","CDS"],[1,346069,346132,1,1,"scaffold19","GLEAN","CDS"],[1,346892,346992,1,1,"scaffold19","GLEAN","CDS"]],"mRNA"],[0,348972,349311,-1,"lamu_GLEAN_10009454",1,"scaffold19","GLEAN",[[1,349229,349311,-1,0,"scaffold19","GLEAN","CDS"],[1,348972,349094,-1,2,"scaffold19","GLEAN","CDS"]],"mRNA"],[0,361411,364371,1,"lamu_GLEAN_10009455",0.102787,"scaffold19","GLEAN",[[1,361411,361612,1,0,"scaffold19","GLEAN","CDS"],[1,362008,363010,1,0,"scaffold19","GLEAN","CDS"],[1,363142,363919,1,0,"scaffold19","GLEAN","CDS"],[1,363951,364371,1,0,"scaffold19","GLEAN","CDS"]],"mRNA"],[0,365631,366854,-1,"lamu_GLEAN_10009456",0.332394,"scaffold19","GLEAN",[[1,366783,366854,-1,0,"scaffold19","GLEAN","CDS"],[1,366517,366593,-1,1,"scaffold19","GLEAN","CDS"],[1,366000,366170,-1,0,"scaffold19","GLEAN","CDS"],[1,365631,365869,-1,1,"scaffold19","GLEAN","CDS"]],"mRNA"],[0,375993,376604,1,"lamu_GLEAN_10009457",1,"scaffold19","GLEAN",[[1,375993,376102,1,0,"scaffold19","GLEAN","CDS"],[1,376335,376604,1,2,"scaffold19","GLEAN","CDS"]],"mRNA"],[0,453016,457982,-1,"lamu_GLEAN_10009458",0.955113,"scaffold19","GLEAN",[[1,457856,457982,-1,0,"scaffold19","GLEAN","CDS"],[1,456969,457056,-1,0,"scaffold19","GLEAN","CDS"],[1,455462,455564,-1,0,"scaffold19","GLEAN","CDS"],[1,455268,455377,-1,0,"scaffold19","GLEAN","CDS"],[1,454766,454867,-1,2,"scaffold19","GLEAN","CDS"],[1,454519,454657,-1,0,"scaffold19","GLEAN","CDS"],[1,453016,454441,-1,0,"scaffold19","GLEAN","CDS"]],"mRNA"],[0,475169,475490,1,"lamu_GLEAN_10009459",0.999661,"scaffold19","GLEAN",[[1,475169,475490,1,0,"scaffold19","GLEAN","CDS"]],"mRNA"],[0,476472,476910,-1,"lamu_GLEAN_10009460",1,"scaffold19","GLEAN",[[1,476472,476910,-1,0,"scaffold19","GLEAN","CDS"]],"mRNA"],[0,484515,489058,1,"lamu_GLEAN_10009461",0.499652,"scaffold19","GLEAN",[[1,484515,484944,1,0,"scaffold19","GLEAN","CDS"],[1,485624,485764,1,0,"scaffold19","GLEAN","CDS"],[1,486932,487022,1,1,"scaffold19","GLEAN","CDS"],[1,487106,487284,1,1,"scaffold19","GLEAN","CDS"],[1,487756,488005,1,0,"scaffold19","GLEAN","CDS"],[1,488648,488774,1,0,"scaffold19","GLEAN","CDS"],[1,488869,489058,1,0,"scaffold19","GLEAN","CDS"]],"mRNA"],[0,492725,493637,1,"lamu_GLEAN_10009462",0.999869,"scaffold19","GLEAN",[[1,492725,492797,1,0,"scaffold19","GLEAN","CDS"],[1,492883,492952,1,0,"scaffold19","GLEAN","CDS"],[1,493068,493143,1,0,"scaffold19","GLEAN","CDS"],[1,493547,493637,1,0,"scaffold19","GLEAN","CDS"]],"mRNA"],[0,496667,498109,1,"lamu_GLEAN_10009463",0.814154,"scaffold19","GLEAN",[[1,496667,496891,1,0,"scaffold19","GLEAN","CDS"],[1,497367,497486,1,1,"scaffold19","GLEAN","CDS"],[1,497960,498109,1,2,"scaffold19","GLEAN","CDS"]],"mRNA"],[0,498161,498804,1,"lamu_GLEAN_10009464",0.395834,"scaffold19","GLEAN",[[1,498161,498179,1,0,"scaffold19","GLEAN","CDS"],[1,498516,498804,1,0,"scaffold19","GLEAN","CDS"]],