{"featureCount":43,"formatVersion":1,"histograms":{"meta":[{"arrayParams":{"chunkSize":10000,"length":13,"urlTemplate":"hist-100000-{Chunk}.json"},"basesPerBin":"100000"}],"stats":[{"basesPerBin":"100000","max":5,"mean":3.46153846153846}]},"intervals":{"classes":[{"attributes":["Start","End","Strand","Id","Score","Seq_id","Source","Subfeatures","Type"],"isArrayAttr":{"Subfeatures":1}},{"attributes":["Start","End","Strand","Phase","Seq_id","Source","Type"],"isArrayAttr":{}},{"attributes":["Start","End","Chunk"],"isArrayAttr":{"Sublist":1}}],"count":43,"lazyClass":2,"maxEnd":1278857,"minStart":30715,"nclist":[[0,30715,36667,1,"lamu_GLEAN_10006072",0.435948,"scaffold44","GLEAN",[[1,30715,30973,1,0,"scaffold44","GLEAN","CDS"],[1,31544,31606,1,0,"scaffold44","GLEAN","CDS"],[1,32086,32127,1,1,"scaffold44","GLEAN","CDS"],[1,32318,32689,1,2,"scaffold44","GLEAN","CDS"],[1,32837,33383,1,0,"scaffold44","GLEAN","CDS"],[1,35473,35535,1,0,"scaffold44","GLEAN","CDS"],[1,36561,36667,1,1,"scaffold44","GLEAN","CDS"]],"mRNA"],[0,116130,116568,1,"lamu_GLEAN_10006073",1,"scaffold44","GLEAN",[[1,116130,116568,1,0,"scaffold44","GLEAN","CDS"]],"mRNA"],[0,133026,145934,1,"lamu_GLEAN_10006074",0.632984,"scaffold44","GLEAN",[[1,133026,133107,1,0,"scaffold44","GLEAN","CDS"],[1,133209,133286,1,0,"scaffold44","GLEAN","CDS"],[1,133366,133500,1,1,"scaffold44","GLEAN","CDS"],[1,133613,133710,1,2,"scaffold44","GLEAN","CDS"],[1,133836,133892,1,1,"scaffold44","GLEAN","CDS"],[1,134605,134707,1,2,"scaffold44","GLEAN","CDS"],[1,134801,134925,1,2,"scaffold44","GLEAN","CDS"],[1,135009,135196,1,1,"scaffold44","GLEAN","CDS"],[1,135328,135654,1,0,"scaffold44","GLEAN","CDS"],[1,137648,137737,1,1,"scaffold44","GLEAN","CDS"],[1,137813,137884,1,2,"scaffold44","GLEAN","CDS"],[1,138819,138930,1,0,"scaffold44","GLEAN","CDS"],[1,140239,140305,1,0,"scaffold44","GLEAN","CDS"],[1,140691,140829,1,0,"scaffold44","GLEAN","CDS"],[1,143377,143483,1,0,"scaffold44","GLEAN","CDS"],[1,143560,143632,1,2,"scaffold44","GLEAN","CDS"],[1,143768,143827,1,2,"scaffold44","GLEAN","CDS"],[1,144221,144341,1,0,"scaffold44","GLEAN","CDS"],[1,144860,145020,1,0,"scaffold44","GLEAN","CDS"],[1,145253,145420,1,2,"scaffold44","GLEAN","CDS"],[1,145643,145934,1,0,"scaffold44","GLEAN","CDS"]],"mRNA"],[0,187722,191703,-1,"lamu_GLEAN_10006075",0.999128,"scaffold44","GLEAN",[[1,190435,191703,-1,0,"scaffold44","GLEAN","CDS"],[1,189415,189623,-1,1,"scaffold44","GLEAN","CDS"],[1,187722,189294,-1,0,"scaffold44","GLEAN","CDS"]],"mRNA"],[0,235406,247798,-1,"lamu_GLEAN_10006076",0.404988,"scaffold44","GLEAN",[[1,247642,247798,-1,0,"scaffold44","GLEAN","CDS"],[1,246930,246978,-1,0,"scaffold44","GLEAN","CDS"],[1,246616,246805,-1,0,"scaffold44","GLEAN","CDS"],[1,243651,243764,-1,0,"scaffold44","GLEAN","CDS"],[1,243334,243400,-1,1,"scaffold44","GLEAN","CDS"],[1,243010,243182,-1,1,"scaffold44","GLEAN","CDS"],[1,241050,241140,-1,0,"scaffold44","GLEAN","CDS"],[1,239038,239137,-1,0,"scaffold44","GLEAN","CDS"],[1,238124,238295,-1,0,"scaffold44","GLEAN","CDS"],[1,235406,235451,-1,0,"scaffold44","GLEAN","CDS"]],"mRNA"],[0,266127,269839,1,"lamu_GLEAN_10006077",0.573157,"scaffold44","GLEAN",[[1,266127,266166,1,0,"scaffold44","GLEAN","CDS"],[1,266633,266739,1,0,"scaffold44","GLEAN","CDS"],[1,268253,268309,1,2,"scaffold44","GLEAN","CDS"],[1,268446,268524,1,0,"scaffold44","GLEAN","CDS"],[1,269149,269228,1,0,"scaffold44","GLEAN","CDS"],[1,269627,269839,1,2,"scaffold44","GLEAN","CDS"]],"mRNA"],[0,277442,281805,-1,"lamu_GLEAN_10006078",1,"scaffold44","GLEAN",[[1,281619,281805,-1,0,"scaffold44","GLEAN","CDS"],[1,281381,281529,-1,0,"scaffold44","GLEAN","CDS"],[1,278171,278599,-1,2,"scaffold44","GLEAN","CDS"],[1,277442,277907,-1,0,"scaffold44","GLEAN","CDS"]],"mRNA"],[0,299012,302523,-1,"lamu_GLEAN_10006079",0.857285,"scaffold44","GLEAN",[[1,302500,302523,-1,0,"scaffold44","GLEAN","CDS"],[1,302242,302402,-1,1,"scaffold44","GLEAN","CDS"],[1,301842,302067,-1,0,"scaffold44","GLEAN","CDS"],[1,301566,301737,-1,0,"scaffold44","GLEAN","CDS"],[1,299012,299102,-1,0,"scaffold44","GLEAN","CDS"]],"mRNA"],[0,309931,310246,1,"lamu_GLEAN_10006080",0.999991,"scaffold44","GLEAN",[[1,309931,310246,1,0,"scaffold44","GLEAN","CDS"]],"mRNA"],[0,343415,344684,1,"lamu_GLEAN_10006081",0.526235,"scaffold44","GLEAN",[[1,343415,344684,1,0,"scaffold44","GLEAN","CDS"]],"mRNA"],[0,364978,385918,-1,"lamu_GLEAN_10006082",0.613471,"scaffold44","GLEAN",[[1,385850,385918,-1,0,"scaffold44","GLEAN","CDS"],[1,385668,385748,-1,1,"scaffold44","GLEAN","CDS"],[1,385535,385573,-1,2,"scaffold44","GLEAN","CDS"],[1,385438,385445,-1,0,"scaffold44","GLEAN","CDS"],[1,385134,385290,-1,2,"scaffold44","GLEAN","CDS"],[1,383658,383734,-1,2,"scaffold44","GLEAN","CDS"],[1,381580,381705,-1,1,"scaffold44","GLEAN","CDS"],[1,381458,381493,-1,2,"scaffold44","GLEAN","CDS"],[1,381315,381374,-1,0,"scaffold44","GLEAN","CDS"],[1,373004,373088,-1,1,"scaffold44","GLEAN","CDS"],[1,372436,372532,-1,1,"scaffold44","GLEAN","CDS"],[1,372293,372342,-1,1,"scaffold44","GLEAN","CDS"],[1,372069,372157,-1,0,"scaffold44","GLEAN","CDS"],[1,371760,371959,-1,2,"scaffold44","GLEAN","CDS"],[1,370744,370850,-1,1,"scaffold44","GLEAN","CDS"],[1,370474,370605,-1,0,"scaffold44","GLEAN","CDS"],[1,370210,370372,-1,1,"scaffold44","GLEAN","CDS"],[1,369526,369676,-1,1,"scaffold44","GLEAN","CDS"],[1,364978,365744,-1,1,"scaffold44","GLEAN","CDS"]],"mRNA"],[0,389073,394866,-1,"lamu_GLEAN_10006083",0.971197,"scaffold44","GLEAN",[[1,394533,394866,-1,0,"scaffold44","GLEAN","CDS"],[1,393996,394088,-1,0,"scaffold44","GLEAN","CDS"],[1,391953,392039,-1,1,"scaffold44","GLEAN","CDS"],[1,391720,391857,-1,2,"scaffold44","GLEAN","CDS"],[1,389831,389906,-1,0,"scaffold44","GLEAN","CDS"],[1,389450,389565,-1,0,"scaffold44","GLEAN","CDS"],[1,389073,389096,-1,2,"scaffold44","GLEAN","CDS"]],"mRNA"],[0,423565,425588,-1,"lamu_GLEAN_10006084",1,"scaffold44","GLEAN",[[1,425477,425588,-1,0,"scaffold44","GLEAN","CDS"],[1,424925,425126,-1,0,"scaffold44","GLEAN","CDS"],[1,423565,423601,-1,0,"scaffold44","GLEAN","CDS"]],"mRNA"],[0,441315,447063,-1,"lamu_GLEAN_10006085",0.99658,"scaffold44","GLEAN",[[1,446766,447063,-1,0,"scaffold44","GLEAN","CDS"],[1,444647,444897,-1,0,"scaffold44","GLEAN","CDS"],[1,443307,443456,-1,2,"scaffold44","GLEAN","CDS"],[1,442981,443227,-1,0,"scaffold44","GLEAN","CDS"],[1,442244,442439,-1,0,"scaffold44","GLEAN","CDS"],[1,441315,441567,-1,0,"scaffold44","GLEAN","CDS"]],"mRNA"],[0,469469,471077,1,"lamu_GLEAN_10006086",1,"scaffold44","GLEAN",[[1,469469,470522,1,0,"scaffold44","GLEAN","CDS"],[1,470759,470915,1,0,"scaffold44","GLEAN","CDS"],[1,471029,471077,1,0,"scaffold44","GLEAN","CDS"]],"mRNA"],[0,486183,494513,-1,"lamu_GLEAN_10006087",0.845917,"scaffold44","GLEAN",[[1,494447,494513,-1,0,"scaffold44","GLEAN","CDS"],[1,493499,493537,-1,0,"scaffold44","GLEAN","CDS"],[1,487207,487311,-1,1,"scaffold44","GLEAN","CDS"],[1,486183,486227,-1,2,"scaffold44","GLEAN","CDS"]],"mRNA"],[0,508179,517938,1,"lamu_GLEAN_10006088",0.89525,"scaffold44","GLEAN",[[1,508179,509111,1,0,"scaffold44","GLEAN","CDS"],[1,510346,510407,1,1,"scaffold44","GLEAN","CDS"],[1,510505,510624,1,0,"scaffold44","GLEAN","CDS"],[1,516363,516454,1,1,"scaffold44","GLEAN","CDS"],[1,517373,517421,1,0,"scaffold44","GLEAN","CDS"],[1,517830,517938,1,0,"scaffold44","GLEAN","CDS"]],"mRNA"],[0,518887,525488,-1,"lamu_GLEAN_10006089",0.519275,"scaffold44","GLEAN",[[1,525024,525488,-1,0,"scaffold44","GLEAN","CDS"],[1,523673,523839,-1,1,"scaffold44","GLEAN","CDS"],[1,523181,523305,-1,0,"scaffold44","GLEAN","CDS"],[1,522977,523090,-1,2,"scaffold44","GLEAN","CDS"],[1,522502,522871,-1,0,"scaffold44","GLEAN","CDS"],[1,521671,521905,-1,0,"scaffold44","GLEAN","CDS"],[1,521440,521530,-1,0,"scaffold44","GLEAN","CDS"],[1,520711,520762,-1,0,"scaffold44","GLEAN","CDS"],[1,520020,520137,-1,0,"scaffold44","GLEAN","CDS"],[1,518887,519160,-1,0,"scaffold44","GLEAN","CDS"]],