{"featureCount":46,"formatVersion":1,"histograms":{"meta":[{"arrayParams":{"chunkSize":10000,"length":10,"urlTemplate":"hist-50000-{Chunk}.json"},"basesPerBin":"50000"}],"stats":[{"basesPerBin":"50000","max":8,"mean":4.8}]},"intervals":{"classes":[{"attributes":["Start","End","Strand","Id","Score","Seq_id","Source","Subfeatures","Type"],"isArrayAttr":{"Subfeatures":1}},{"attributes":["Start","End","Strand","Phase","Seq_id","Source","Type"],"isArrayAttr":{}},{"attributes":["Start","End","Chunk"],"isArrayAttr":{"Sublist":1}}],"count":46,"lazyClass":2,"maxEnd":468483,"minStart":1106,"nclist":[[0,1106,3094,1,"lamu_GLEAN_10002351",0.527707,"scaffold119","GLEAN",[[1,1106,1223,1,0,"scaffold119","GLEAN","CDS"],[1,2844,2940,1,0,"scaffold119","GLEAN","CDS"],[1,3055,3094,1,0,"scaffold119","GLEAN","CDS"]],"mRNA"],[0,5832,19034,-1,"lamu_GLEAN_10002352",0.999993,"scaffold119","GLEAN",[[1,18623,19034,-1,0,"scaffold119","GLEAN","CDS"],[1,17882,18037,-1,0,"scaffold119","GLEAN","CDS"],[1,17692,17787,-1,1,"scaffold119","GLEAN","CDS"],[1,17366,17561,-1,2,"scaffold119","GLEAN","CDS"],[1,17151,17279,-1,2,"scaffold119","GLEAN","CDS"],[1,16871,17030,-1,0,"scaffold119","GLEAN","CDS"],[1,15487,15592,-1,0,"scaffold119","GLEAN","CDS"],[1,14410,14485,-1,0,"scaffold119","GLEAN","CDS"],[1,13354,13492,-1,0,"scaffold119","GLEAN","CDS"],[1,13078,13261,-1,0,"scaffold119","GLEAN","CDS"],[1,11992,12121,-1,0,"scaffold119","GLEAN","CDS"],[1,10755,10882,-1,0,"scaffold119","GLEAN","CDS"],[1,10466,10677,-1,2,"scaffold119","GLEAN","CDS"],[1,9758,9874,-1,1,"scaffold119","GLEAN","CDS"],[1,9431,9663,-1,2,"scaffold119","GLEAN","CDS"],[1,9043,9137,-1,1,"scaffold119","GLEAN","CDS"],[1,7606,7684,-1,0,"scaffold119","GLEAN","CDS"],[1,7472,7529,-1,0,"scaffold119","GLEAN","CDS"],[1,7081,7231,-1,0,"scaffold119","GLEAN","CDS"],[1,6515,6731,-1,0,"scaffold119","GLEAN","CDS"],[1,5832,6051,-1,0,"scaffold119","GLEAN","CDS"]],"mRNA"],[0,28086,31107,-1,"lamu_GLEAN_10002353",0.859382,"scaffold119","GLEAN",[[1,30948,31107,-1,0,"scaffold119","GLEAN","CDS"],[1,30728,30770,-1,0,"scaffold119","GLEAN","CDS"],[1,30507,30582,-1,0,"scaffold119","GLEAN","CDS"],[1,30358,30432,-1,0,"scaffold119","GLEAN","CDS"],[1,30172,30239,-1,1,"scaffold119","GLEAN","CDS"],[1,29923,30037,-1,0,"scaffold119","GLEAN","CDS"],[1,29724,29811,-1,0,"scaffold119","GLEAN","CDS"],[1,29133,29204,-1,0,"scaffold119","GLEAN","CDS"],[1,28945,29011,-1,1,"scaffold119","GLEAN","CDS"],[1,28521,28608,-1,1,"scaffold119","GLEAN","CDS"],[1,28349,28425,-1,1,"scaffold119","GLEAN","CDS"],[1,28086,28200,-1,0,"scaffold119","GLEAN","CDS"]],"mRNA"],[0,39177,51561,1,"lamu_GLEAN_10002354",0.997784,"scaffold119","GLEAN",[[1,39177,39587,1,0,"scaffold119","GLEAN","CDS"],[1,44906,44985,1,1,"scaffold119","GLEAN","CDS"],[1,46741,46893,1,0,"scaffold119","GLEAN","CDS"],[1,47893,48017,1,1,"scaffold119","GLEAN","CDS"],[1,48130,48316,1,0,"scaffold119","GLEAN","CDS"],[1,50527,50599,1,0,"scaffold119","GLEAN","CDS"],[1,50736,51561,1,0,"scaffold119","GLEAN","CDS"]],"mRNA"],[0,53273,60444,1,"lamu_GLEAN_10002355",0.506038,"scaffold119","GLEAN",[[1,53273,54499,1,0,"scaffold119","GLEAN","CDS"],[1,59787,59872,1,1,"scaffold119","GLEAN","CDS"],[1,60236,60326,1,0,"scaffold119","GLEAN","CDS"],[1,60411,60444,1,0,"scaffold119","GLEAN","CDS"]],"mRNA"],[0,70999,80024,1,"lamu_GLEAN_10002356",0.171778,"scaffold119","GLEAN",[[1,70999,71576,1,0,"scaffold119","GLEAN","CDS"],[1,72626,73205,1,2,"scaffold119","GLEAN","CDS"],[1,73303,73953,1,2,"scaffold119","GLEAN","CDS"],[1,74064,74172,1,0,"scaffold119","GLEAN","CDS"],[1,74258,74359,1,0,"scaffold119","GLEAN","CDS"],[1,74456,74547,1,1,"scaffold119","GLEAN","CDS"],[1,74644,74740,1,0,"scaffold119","GLEAN","CDS"],[1,74830,74896,1,0,"scaffold119","GLEAN","CDS"],[1,79958,80024,1,0,"scaffold119","GLEAN","CDS"]],"mRNA"],[0,82696,83362,-1,"lamu_GLEAN_10002357",1,"scaffold119","GLEAN",[[1,82696,83362,-1,0,"scaffold119","GLEAN","CDS"]],"mRNA"],[0,102125,106620,1,"lamu_GLEAN_10002358",0.999285,"scaffold119","GLEAN",[[1,102125,102739,1,0,"scaffold119","GLEAN","CDS"],[1,103241,103374,1,1,"scaffold119","GLEAN","CDS"],[1,105891,105976,1,0,"scaffold119","GLEAN","CDS"],[1,106363,106620,1,2,"scaffold119","GLEAN","CDS"]],"mRNA"],[0,108073,110465,1,"lamu_GLEAN_10002359",0.998647,"scaffold119","GLEAN",[[1,108073,108285,1,0,"scaffold119","GLEAN","CDS"],[1,108378,108697,1,1,"scaffold119","GLEAN","CDS"],[1,108789,108942,1,0,"scaffold119","GLEAN","CDS"],[1,109032,109296,1,0,"scaffold119","GLEAN","CDS"],[1,109378,109465,1,0,"scaffold119","GLEAN","CDS"],[1,109554,109633,1,0,"scaffold119","GLEAN","CDS"],[1,109720,109785,1,2,"scaffold119","GLEAN","CDS"],[1,109910,110029,1,0,"scaffold119","GLEAN","CDS"],[1,110374,110465,1,1,"scaffold119","GLEAN","CDS"]],"mRNA"],[0,111339,115670,-1,"lamu_GLEAN_10002360",0.769074,"scaffold119","GLEAN",[[1,115333,115670,-1,0,"scaffold119","GLEAN","CDS"],[1,113152,113384,-1,2,"scaffold119","GLEAN","CDS"],[1,112852,113046,-1,1,"scaffold119","GLEAN","CDS"],[1,112609,112746,-1,2,"scaffold119","GLEAN","CDS"],[1,111339,111909,-1,0,"scaffold119","GLEAN","CDS"]],"mRNA"],[0,130202,146814,1,"lamu_GLEAN_10002361",0.563239,"scaffold119","GLEAN",[[1,130202,130354,1,0,"scaffold119","GLEAN","CDS"],[1,131475,131590,1,1,"scaffold119","GLEAN","CDS"],[1,134685,134795,1,0,"scaffold119","GLEAN","CDS"],[1,135002,135122,1,1,"scaffold119","GLEAN","CDS"],[1,136580,136647,1,1,"scaffold119","GLEAN","CDS"],[1,137805,137916,1,0,"scaffold119","GLEAN","CDS"],[1,138596,138647,1,0,"scaffold119","GLEAN","CDS"],[1,139365,139499,1,0,"scaffold119","GLEAN","CDS"],[1,139585,139693,1,1,"scaffold119","GLEAN","CDS"],[1,144686,144798,1,1,"scaffold119","GLEAN","CDS"],[1,145791,145896,1,0,"scaffold119","GLEAN","CDS"],[1,146549,146690,1,0,"scaffold119","GLEAN","CDS"],[1,146784,146814,1,0,"scaffold119","GLEAN","CDS"]],"mRNA"],[0,160621,162200,-1,"lamu_GLEAN_10002362",0.536671,"scaffold119","GLEAN",[[1,162047,162200,-1,0,"scaffold119","GLEAN","CDS"],[1,161620,161956,-1,0,"scaffold119","GLEAN","CDS"],[1,161270,161352,-1,0,"scaffold119","GLEAN","CDS"],[1,160745,160842,-1,2,"scaffold119","GLEAN","CDS"],[1,160621,160667,-1,1,"scaffold119","GLEAN","CDS"]],"mRNA"],[0,167032,170200,-1,"lamu_GLEAN_10002363",0.385921,"scaffold119","GLEAN",[[1,170035,170200,-1,0,"scaffold119","GLEAN","CDS"],[1,168492,168852,-1,0,"scaffold119","GLEAN","CDS"],[1,168234,168347,-1,0,"scaffold119","GLEAN","CDS"],[1,167032,167453,-1,1,"scaffold119","GLEAN","CDS"]],"mRNA"],[0,176716,183206,1,"lamu_GLEAN_10002364",0.767035,"scaffold119","GLEAN",[[1,176716,176764,1,0,"scaffold119","GLEAN","CDS"],[1,177664,177751,1,0,"scaffold119","GLEAN","CDS"],[1,178642,178732,1,0,"scaffold119","GLEAN","CDS"],[1,178847,178934,1,0,"scaffold119","GLEAN","CDS"],[1,179021,179141,1,0,"scaffold119","GLEAN","CDS"],[1,179418,181521,1,0,"scaffold119","GLEAN","CDS"],[1,181678,181825,1,0,"scaffold119","GLEAN","CDS"],[1,182213,182713,1,0,"scaffold119","GLEAN","CDS"],[1,183046,183206,1,1,"scaffold119","GLEAN","CDS"]],"mRNA"],[0,197494,198733,1,"lamu_GLEAN_10002365",1,"scaffold119","GLEAN",[[1,197494,198733,1,0,"scaffold119","GLEAN","CDS"]],"mRNA"],[0,201597,202929,1,"lamu_GLEAN_10002366",0.998792,"scaffold119","GLEAN",[[1,201597,202929,1,0,"scaffold119","GLEAN","CDS"]],"mRNA"],[0,205163,207402,1,"lamu_GLEAN_10002367",0.553151,"scaffold119","GLEAN",[[1,205163,206553,1,0,"scaffold119","GLEAN","CDS"],[1,207373,207402,1,2,"scaffold119","GLEAN","CDS"]],"mRNA"],[0,208136,211116,-1,"lamu_GLEAN_10002368",0.99658,"scaffold119","GLEAN",[[1,211014,211116,-1,0,"scaffold119","GLEAN","CDS"],[1,209988,210071,-1,0,"scaffold119","GLEAN","CDS"],[1,208920,209607,-1,1,"scaffold119","GLEAN","CDS"],[1,208608,208830,-1,1,"scaffold119","GLEAN","CDS"],[1,208403,208528,-1,1,"scaffold119","GLEAN","CDS"],[1,208136,208276,-1,2,"scaffold119","GLEAN","CDS"]],"mRNA"],[0,215575,215884,1,"lamu_GLEAN_10002369",0.999945,"scaffold119","GLEAN",[[1,215575,215884,1,0,"scaffold119","GLEAN","CDS"]],