{"featureCount":6,"formatVersion":1,"histograms":{"meta":[{"arrayParams":{"chunkSize":10000,"length":2,"urlTemplate":"hist-100000-{Chunk}.json"},"basesPerBin":"100000"}],"stats":[{"basesPerBin":"100000","max":5,"mean":3}]},"intervals":{"classes":[{"attributes":["Start","End","Strand","Id","Score","Seq_id","Source","Subfeatures","Type"],"isArrayAttr":{"Subfeatures":1}},{"attributes":["Start","End","Strand","Phase","Seq_id","Source","Type"],"isArrayAttr":{}},{"attributes":["Start","End","Chunk"],"isArrayAttr":{"Sublist":1}}],"count":6,"lazyClass":2,"maxEnd":154783,"minStart":54150,"nclist":[[0,54150,54792,-1,"lamu_GLEAN_10000961",0.917381,"scaffold238","GLEAN",[[1,54150,54792,-1,0,"scaffold238","GLEAN","CDS"]],"mRNA"],[0,122947,123274,1,"lamu_GLEAN_10000962",0.921809,"scaffold238","GLEAN",[[1,122947,123274,1,0,"scaffold238","GLEAN","CDS"]],"mRNA"],[0,129329,129886,1,"lamu_GLEAN_10000963",0.994809,"scaffold238","GLEAN",[[1,129329,129681,1,0,"scaffold238","GLEAN","CDS"],[1,129755,129886,1,2,"scaffold238","GLEAN","CDS"]],"mRNA"],[0,131229,132052,1,"lamu_GLEAN_10000964",0.979319,"scaffold238","GLEAN",[[1,131229,131420,1,0,"scaffold238","GLEAN","CDS"],[1,131613,131775,1,1,"scaffold238","GLEAN","CDS"],[1,131883,132052,1,1,"scaffold238","GLEAN","CDS"]],"mRNA"],[0,139410,140209,1,"lamu_GLEAN_10000965",0.450559,"scaffold238","GLEAN",[[1,139410,139616,1,0,"scaffold238","GLEAN","CDS"],[1,139968,140209,1,1,"scaffold238","GLEAN","CDS"]],"mRNA"],[0,154477,154783,1,"lamu_GLEAN_10000966",0.55281,"scaffold238","GLEAN",[[1,154477,154783,1,0,"scaffold238","GLEAN","CDS"]],"mRNA"]],"urlTemplate":"lf-{Chunk}.json"}}