{"featureCount":12,"formatVersion":1,"histograms":{"meta":[{"arrayParams":{"chunkSize":10000,"length":4,"urlTemplate":"hist-50000-{Chunk}.json"},"basesPerBin":"50000"}],"stats":[{"basesPerBin":"50000","max":6,"mean":3.5}]},"intervals":{"classes":[{"attributes":["Start","End","Strand","Id","Score","Seq_id","Source","Subfeatures","Type"],"isArrayAttr":{"Subfeatures":1}},{"attributes":["Start","End","Strand","Phase","Seq_id","Source","Type"],"isArrayAttr":{}},{"attributes":["Start","End","Chunk"],"isArrayAttr":{"Sublist":1}}],"count":12,"lazyClass":2,"maxEnd":154528,"minStart":35779,"nclist":[[0,35779,45343,1,"lamu_GLEAN_10001421",0.188442,"scaffold210","GLEAN",[[1,35779,35851,1,0,"scaffold210","GLEAN","CDS"],[1,36635,36851,1,0,"scaffold210","GLEAN","CDS"],[1,37109,37284,1,0,"scaffold210","GLEAN","CDS"],[1,40278,40541,1,2,"scaffold210","GLEAN","CDS"],[1,40672,40750,1,0,"scaffold210","GLEAN","CDS"],[1,41157,41234,1,0,"scaffold210","GLEAN","CDS"],[1,41342,41433,1,1,"scaffold210","GLEAN","CDS"],[1,41812,42021,1,0,"scaffold210","GLEAN","CDS"],[1,43820,43890,1,1,"scaffold210","GLEAN","CDS"],[1,45253,45343,1,0,"scaffold210","GLEAN","CDS"]],"mRNA"],[0,46819,51174,1,"lamu_GLEAN_10001422",0.218823,"scaffold210","GLEAN",[[1,46819,46908,1,0,"scaffold210","GLEAN","CDS"],[1,48124,48200,1,1,"scaffold210","GLEAN","CDS"],[1,48576,48704,1,0,"scaffold210","GLEAN","CDS"],[1,49956,50130,1,1,"scaffold210","GLEAN","CDS"],[1,51068,51174,1,1,"scaffold210","GLEAN","CDS"]],"mRNA"],[0,60854,63797,1,"lamu_GLEAN_10001423",0.964457,"scaffold210","GLEAN",[[1,60854,61082,1,0,"scaffold210","GLEAN","CDS"],[1,61225,61651,1,0,"scaffold210","GLEAN","CDS"],[1,61736,62005,1,0,"scaffold210","GLEAN","CDS"],[1,63643,63797,1,1,"scaffold210","GLEAN","CDS"]],"mRNA"],[0,70967,71732,1,"lamu_GLEAN_10001424",1,"scaffold210","GLEAN",[[1,70967,71732,1,0,"scaffold210","GLEAN","CDS"]],"mRNA"],[0,78412,83058,1,"lamu_GLEAN_10001425",0.322511,"scaffold210","GLEAN",[[1,78412,78423,1,0,"scaffold210","GLEAN","CDS"],[1,80081,80383,1,1,"scaffold210","GLEAN","CDS"],[1,81261,81431,1,2,"scaffold210","GLEAN","CDS"],[1,81945,82060,1,0,"scaffold210","GLEAN","CDS"],[1,82245,82421,1,2,"scaffold210","GLEAN","CDS"],[1,82707,82810,1,0,"scaffold210","GLEAN","CDS"],[1,82954,83058,1,2,"scaffold210","GLEAN","CDS"]],"mRNA"],[0,88481,102717,1,"lamu_GLEAN_10001426",0.988985,"scaffold210","GLEAN",[[1,88481,88864,1,0,"scaffold210","GLEAN","CDS"],[1,89318,89425,1,1,"scaffold210","GLEAN","CDS"],[1,98055,98210,1,2,"scaffold210","GLEAN","CDS"],[1,102399,102717,1,0,"scaffold210","GLEAN","CDS"]],"mRNA"],[0,103276,103869,1,"lamu_GLEAN_10001427",0.998028,"scaffold210","GLEAN",[[1,103276,103353,1,0,"scaffold210","GLEAN","CDS"],[1,103667,103869,1,1,"scaffold210","GLEAN","CDS"]],"mRNA"],[0,104886,114482,-1,"lamu_GLEAN_10001428",0.646313,"scaffold210","GLEAN",[[1,114431,114482,-1,0,"scaffold210","GLEAN","CDS"],[1,114207,114290,-1,0,"scaffold210","GLEAN","CDS"],[1,112847,112923,-1,1,"scaffold210","GLEAN","CDS"],[1,112247,112322,-1,0,"scaffold210","GLEAN","CDS"],[1,112111,112168,-1,0,"scaffold210","GLEAN","CDS"],[1,111235,111281,-1,0,"scaffold210","GLEAN","CDS"],[1,109818,109894,-1,2,"scaffold210","GLEAN","CDS"],[1,109390,109469,-1,1,"scaffold210","GLEAN","CDS"],[1,109013,109046,-1,0,"scaffold210","GLEAN","CDS"],[1,108821,108890,-1,0,"scaffold210","GLEAN","CDS"],[1,108550,108657,-1,0,"scaffold210","GLEAN","CDS"],[1,107606,107679,-1,1,"scaffold210","GLEAN","CDS"],[1,106379,106418,-1,0,"scaffold210","GLEAN","CDS"],[1,106185,106280,-1,0,"scaffold210","GLEAN","CDS"],[1,105139,105246,-1,1,"scaffold210","GLEAN","CDS"],[1,104886,104960,-1,2,"scaffold210","GLEAN","CDS"]],"mRNA"],[0,120880,122091,1,"lamu_GLEAN_10001429",0.665373,"scaffold210","GLEAN",[[1,120880,120919,1,0,"scaffold210","GLEAN","CDS"],[1,121636,121816,1,0,"scaffold210","GLEAN","CDS"],[1,122064,122091,1,0,"scaffold210","GLEAN","CDS"]],"mRNA"],[0,129597,132310,1,"lamu_GLEAN_10001430",0.999907,"scaffold210","GLEAN",[[1,129597,130234,1,0,"scaffold210","GLEAN","CDS"],[1,130380,130445,1,2,"scaffold210","GLEAN","CDS"],[1,132016,132310,1,0,"scaffold210","GLEAN","CDS"]],"mRNA"],[0,133820,140104,-1,"lamu_GLEAN_10001431",0.99733,"scaffold210","GLEAN",[[1,139640,140104,-1,0,"scaffold210","GLEAN","CDS"],[1,138264,138355,-1,1,"scaffold210","GLEAN","CDS"],[1,136851,136899,-1,0,"scaffold210","GLEAN","CDS"],[1,136361,136420,-1,0,"scaffold210","GLEAN","CDS"],[1,135451,135527,-1,1,"scaffold210","GLEAN","CDS"],[1,135205,135337,-1,0,"scaffold210","GLEAN","CDS"],[1,134889,134997,-1,0,"scaffold210","GLEAN","CDS"],[1,134287,134342,-1,0,"scaffold210","GLEAN","CDS"],[1,133820,134080,-1,2,"scaffold210","GLEAN","CDS"]],"mRNA"],[0,153613,154528,1,"lamu_GLEAN_10001432",0.965591,"scaffold210","GLEAN",[[1,153613,154528,1,0,"scaffold210","GLEAN","CDS"]],"mRNA"]],"urlTemplate":"lf-{Chunk}.json"}}