{"featureCount":21,"formatVersion":1,"histograms":{"meta":[{"arrayParams":{"chunkSize":10000,"length":6,"urlTemplate":"hist-50000-{Chunk}.json"},"basesPerBin":"50000"}],"stats":[{"basesPerBin":"50000","max":6,"mean":3.83333333333333}]},"intervals":{"classes":[{"attributes":["Start","End","Strand","Id","Score","Seq_id","Source","Subfeatures","Type"],"isArrayAttr":{"Subfeatures":1}},{"attributes":["Start","End","Strand","Phase","Seq_id","Source","Type"],"isArrayAttr":{}},{"attributes":["Start","End","Chunk"],"isArrayAttr":{"Sublist":1}}],"count":21,"lazyClass":2,"maxEnd":294976,"minStart":33577,"nclist":[[0,33577,37083,1,"lamu_GLEAN_10001511",0.56974,"scaffold167","GLEAN",[[1,33577,33799,1,0,"scaffold167","GLEAN","CDS"],[1,33920,34305,1,0,"scaffold167","GLEAN","CDS"],[1,34589,34771,1,2,"scaffold167","GLEAN","CDS"],[1,34853,34909,1,0,"scaffold167","GLEAN","CDS"],[1,35381,35556,1,1,"scaffold167","GLEAN","CDS"],[1,36426,37083,1,0,"scaffold167","GLEAN","CDS"]],"mRNA"],[0,43553,43865,1,"lamu_GLEAN_10001512",0.918603,"scaffold167","GLEAN",[[1,43553,43865,1,0,"scaffold167","GLEAN","CDS"]],"mRNA"],[0,47326,48733,-1,"lamu_GLEAN_10001513",0.69377,"scaffold167","GLEAN",[[1,48628,48733,-1,0,"scaffold167","GLEAN","CDS"],[1,47730,47897,-1,0,"scaffold167","GLEAN","CDS"],[1,47326,47627,-1,1,"scaffold167","GLEAN","CDS"]],"mRNA"],[0,53134,53518,-1,"lamu_GLEAN_10001514",0.567445,"scaffold167","GLEAN",[[1,53134,53518,-1,0,"scaffold167","GLEAN","CDS"]],"mRNA"],[0,55971,58727,1,"lamu_GLEAN_10001515",1,"scaffold167","GLEAN",[[1,55971,56007,1,0,"scaffold167","GLEAN","CDS"],[1,56087,56208,1,0,"scaffold167","GLEAN","CDS"],[1,56302,56520,1,2,"scaffold167","GLEAN","CDS"],[1,56993,57541,1,0,"scaffold167","GLEAN","CDS"],[1,57817,58727,1,1,"scaffold167","GLEAN","CDS"]],"mRNA"],[0,68072,69587,1,"lamu_GLEAN_10001516",0.999776,"scaffold167","GLEAN",[[1,68072,68205,1,0,"scaffold167","GLEAN","CDS"],[1,68338,68407,1,2,"scaffold167","GLEAN","CDS"],[1,69288,69395,1,2,"scaffold167","GLEAN","CDS"],[1,69497,69587,1,0,"scaffold167","GLEAN","CDS"]],"mRNA"],[0,75789,82672,1,"lamu_GLEAN_10001517",0.999992,"scaffold167","GLEAN",[[1,75789,76460,1,0,"scaffold167","GLEAN","CDS"],[1,80347,80624,1,1,"scaffold167","GLEAN","CDS"],[1,82092,82188,1,0,"scaffold167","GLEAN","CDS"],[1,82285,82672,1,0,"scaffold167","GLEAN","CDS"]],"mRNA"],[0,100262,104564,1,"lamu_GLEAN_10001518",0.549905,"scaffold167","GLEAN",[[1,100262,100588,1,0,"scaffold167","GLEAN","CDS"],[1,100727,100796,1,1,"scaffold167","GLEAN","CDS"],[1,103168,103307,1,1,"scaffold167","GLEAN","CDS"],[1,104507,104564,1,0,"scaffold167","GLEAN","CDS"]],"mRNA"],[0,107137,112290,1,"lamu_GLEAN_10001519",1,"scaffold167","GLEAN",[[1,107137,108382,1,0,"scaffold167","GLEAN","CDS"],[1,111900,112290,1,0,"scaffold167","GLEAN","CDS"]],"mRNA"],[0,119949,123601,1,"lamu_GLEAN_10001520",0.646569,"scaffold167","GLEAN",[[1,119949,120080,1,0,"scaffold167","GLEAN","CDS"],[1,120849,121041,1,1,"scaffold167","GLEAN","CDS"],[1,121117,121577,1,1,"scaffold167","GLEAN","CDS"],[1,122479,122632,1,0,"scaffold167","GLEAN","CDS"],[1,122734,123111,1,0,"scaffold167","GLEAN","CDS"],[1,123426,123601,1,1,"scaffold167","GLEAN","CDS"]],"mRNA"],[0,134897,135320,-1,"lamu_GLEAN_10001521",0.999999,"scaffold167","GLEAN",[[1,134897,135320,-1,0,"scaffold167","GLEAN","CDS"]],"mRNA"],[0,136669,149431,1,"lamu_GLEAN_10001522",0.440496,"scaffold167","GLEAN",[[1,136669,136804,1,0,"scaffold167","GLEAN","CDS"],[1,137031,137146,1,0,"scaffold167","GLEAN","CDS"],[1,137227,137412,1,2,"scaffold167","GLEAN","CDS"],[1,137525,137633,1,0,"scaffold167","GLEAN","CDS"],[1,138009,138074,1,0,"scaffold167","GLEAN","CDS"],[1,139130,139236,1,1,"scaffold167","GLEAN","CDS"],[1,140398,140557,1,0,"scaffold167","GLEAN","CDS"],[1,140842,140989,1,0,"scaffold167","GLEAN","CDS"],[1,141072,141201,1,0,"scaffold167","GLEAN","CDS"],[1,142182,142250,1,0,"scaffold167","GLEAN","CDS"],[1,148098,148180,1,1,"scaffold167","GLEAN","CDS"],[1,148417,148504,1,0,"scaffold167","GLEAN","CDS"],[1,149103,149195,1,0,"scaffold167","GLEAN","CDS"],[1,149334,149431,1,1,"scaffold167","GLEAN","CDS"]],"mRNA"],[0,149973,152333,-1,"lamu_GLEAN_10001523",0.985418,"scaffold167","GLEAN",[[1,151968,152333,-1,0,"scaffold167","GLEAN","CDS"],[1,151705,151827,-1,1,"scaffold167","GLEAN","CDS"],[1,151235,151327,-1,2,"scaffold167","GLEAN","CDS"],[1,150174,150261,-1,0,"scaffold167","GLEAN","CDS"],[1,149973,150081,-1,0,"scaffold167","GLEAN","CDS"]],"mRNA"],[0,193200,199153,1,"lamu_GLEAN_10001524",0.659609,"scaffold167","GLEAN",[[1,193200,193834,1,0,"scaffold167","GLEAN","CDS"],[1,194831,194993,1,2,"scaffold167","GLEAN","CDS"],[1,195660,195716,1,2,"scaffold167","GLEAN","CDS"],[1,196821,196911,1,0,"scaffold167","GLEAN","CDS"],[1,197827,197921,1,0,"scaffold167","GLEAN","CDS"],[1,198003,198155,1,2,"scaffold167","GLEAN","CDS"],[1,198232,198324,1,0,"scaffold167","GLEAN","CDS"],[1,198453,198592,1,1,"scaffold167","GLEAN","CDS"],[1,198803,198902,1,0,"scaffold167","GLEAN","CDS"],[1,198988,199153,1,0,"scaffold167","GLEAN","CDS"]],"mRNA"],[0,200019,201898,1,"lamu_GLEAN_10001525",0.999998,"scaffold167","GLEAN",[[1,200019,200427,1,0,"scaffold167","GLEAN","CDS"],[1,201295,201439,1,0,"scaffold167","GLEAN","CDS"],[1,201568,201898,1,0,"scaffold167","GLEAN","CDS"]],"mRNA"],[0,224202,225723,1,"lamu_GLEAN_10001526",0.992105,"scaffold167","GLEAN",[[1,224202,225723,1,0,"scaffold167","GLEAN","CDS"]],"mRNA"],[0,238119,240888,1,"lamu_GLEAN_10001527",0.999722,"scaffold167","GLEAN",[[1,238119,238302,1,0,"scaffold167","GLEAN","CDS"],[1,238924,240223,1,0,"scaffold167","GLEAN","CDS"],[1,240292,240421,1,0,"scaffold167","GLEAN","CDS"],[1,240660,240888,1,0,"scaffold167","GLEAN","CDS"]],"mRNA"],[0,241623,245309,1,"lamu_GLEAN_10001528",0.998791,"scaffold167","GLEAN",[[1,241623,241775,1,0,"scaffold167","GLEAN","CDS"],[1,241874,242044,1,1,"scaffold167","GLEAN","CDS"],[1,243381,243458,1,2,"scaffold167","GLEAN","CDS"],[1,243554,243620,1,0,"scaffold167","GLEAN","CDS"],[1,243756,243831,1,0,"scaffold167","GLEAN","CDS"],[1,244476,244551,1,0,"scaffold167","GLEAN","CDS"],[1,244880,245309,1,0,"scaffold167","GLEAN","CDS"]],"mRNA"],[0,249240,258521,1,"lamu_GLEAN_10001529",0.236741,"scaffold167","GLEAN",[[1,249240,249470,1,0,"scaffold167","GLEAN","CDS"],[1,250993,251140,1,1,"scaffold167","GLEAN","CDS"],[1,252035,252171,1,1,"scaffold167","GLEAN","CDS"],[1,253224,253326,1,0,"scaffold167","GLEAN","CDS"],[1,253792,253912,1,0,"scaffold167","GLEAN","CDS"],[1,254007,254088,1,0,"scaffold167","GLEAN","CDS"],[1,254547,254609,1,0,"scaffold167","GLEAN","CDS"],[1,254858,255104,1,1,"scaffold167","GLEAN","CDS"],[1,257328,257653,1,1,"scaffold167","GLEAN","CDS"],[1,257928,258162,1,0,"scaffold167","GLEAN","CDS"],[1,258254,258521,1,0,"scaffold167","GLEAN","CDS"]],"mRNA"],[0,280392,288467,1,"lamu_GLEAN_10001530",0.501123,"scaffold167","GLEAN",[[1,280392,280518,1,0,"scaffold167","GLEAN","CDS"],[1,281217,281268,1,0,"scaffold167","GLEAN","CDS"],[1,281384,281477,1,0,"scaffold167","GLEAN","CDS"],[1,287996,288098,1,0,"scaffold167","GLEAN","CDS"],[1,288422,288467,1,0,"scaffold167","GLEAN","CDS"]],"mRNA"],[0,290175,294976,1,"lamu_GLEAN_10001531",0.563859,"scaffold167","GLEAN",[[1,290175,290401,1,0,"scaffold167","GLEAN","CDS"],[1,291694,291981,1,2,"scaffold167","GLEAN","CDS"],[1,292092,292237,1,0,"scaffold167","GLEAN","CDS"],[1,293296,293436,1,2,"scaffold167","GLEAN","CDS"],[1,293709,293820,1,0,"scaffold167","GLEAN","CDS"],[1,294760,294976,1,0,"scaffold167","GLEAN","CDS"]],"mRNA"]],"urlTemplate":"lf-{Chunk}.json"}}