{"featureCount":18,"formatVersion":1,"histograms":{"meta":[{"arrayParams":{"chunkSize":10000,"length":5,"urlTemplate":"hist-50000-{Chunk}.json"},"basesPerBin":"50000"}],"stats":[{"basesPerBin":"50000","max":6,"mean":4}]},"intervals":{"classes":[{"attributes":["Start","End","Strand","Id","Score","Seq_id","Source","Subfeatures","Type"],"isArrayAttr":{"Subfeatures":1}},{"attributes":["Start","End","Strand","Phase","Seq_id","Source","Type"],"isArrayAttr":{}},{"attributes":["Start","End","Chunk"],"isArrayAttr":{"Sublist":1}}],"count":18,"lazyClass":2,"maxEnd":207661,"minStart":384,"nclist":[[0,384,7685,1,"lamu_GLEAN_10001150",0.544722,"scaffold208","GLEAN",[[1,384,620,1,0,"scaffold208","GLEAN","CDS"],[1,2050,2264,1,1,"scaffold208","GLEAN","CDS"],[1,3827,3911,1,0,"scaffold208","GLEAN","CDS"],[1,4100,4169,1,0,"scaffold208","GLEAN","CDS"],[1,4531,4615,1,0,"scaffold208","GLEAN","CDS"],[1,5489,5639,1,0,"scaffold208","GLEAN","CDS"],[1,6383,6470,1,0,"scaffold208","GLEAN","CDS"],[1,6987,7092,1,0,"scaffold208","GLEAN","CDS"],[1,7195,7318,1,0,"scaffold208","GLEAN","CDS"],[1,7610,7685,1,0,"scaffold208","GLEAN","CDS"]],"mRNA"],[0,10877,12895,-1,"lamu_GLEAN_10001151",0.895037,"scaffold208","GLEAN",[[1,12037,12895,-1,0,"scaffold208","GLEAN","CDS"],[1,10877,11876,-1,0,"scaffold208","GLEAN","CDS"]],"mRNA"],[0,14035,16443,-1,"lamu_GLEAN_10001152",0.489325,"scaffold208","GLEAN",[[1,16256,16443,-1,0,"scaffold208","GLEAN","CDS"],[1,15501,15668,-1,2,"scaffold208","GLEAN","CDS"],[1,15292,15375,-1,0,"scaffold208","GLEAN","CDS"],[1,14035,14714,-1,1,"scaffold208","GLEAN","CDS"]],"mRNA"],[0,48020,55514,-1,"lamu_GLEAN_10001153",0.997238,"scaffold208","GLEAN",[[1,54812,55514,-1,0,"scaffold208","GLEAN","CDS"],[1,53305,53430,-1,0,"scaffold208","GLEAN","CDS"],[1,52072,52157,-1,1,"scaffold208","GLEAN","CDS"],[1,51608,51774,-1,0,"scaffold208","GLEAN","CDS"],[1,51465,51506,-1,2,"scaffold208","GLEAN","CDS"],[1,51120,51388,-1,0,"scaffold208","GLEAN","CDS"],[1,50678,50802,-1,2,"scaffold208","GLEAN","CDS"],[1,49681,50042,-1,1,"scaffold208","GLEAN","CDS"],[1,48020,48377,-1,0,"scaffold208","GLEAN","CDS"]],"mRNA"],[0,67145,68650,-1,"lamu_GLEAN_10001154",0.999756,"scaffold208","GLEAN",[[1,67971,68650,-1,0,"scaffold208","GLEAN","CDS"],[1,67145,67270,-1,2,"scaffold208","GLEAN","CDS"]],"mRNA"],[0,78866,79517,1,"lamu_GLEAN_10001155",0.500445,"scaffold208","GLEAN",[[1,78866,78945,1,0,"scaffold208","GLEAN","CDS"],[1,79305,79517,1,2,"scaffold208","GLEAN","CDS"]],"mRNA"],[0,86866,92276,1,"lamu_GLEAN_10001156",0.212979,"scaffold208","GLEAN",[[1,86866,87214,1,0,"scaffold208","GLEAN","CDS"],[1,87906,87985,1,0,"scaffold208","GLEAN","CDS"],[1,90173,90244,1,2,"scaffold208","GLEAN","CDS"],[1,90831,90929,1,0,"scaffold208","GLEAN","CDS"],[1,91043,91109,1,1,"scaffold208","GLEAN","CDS"],[1,92054,92155,1,1,"scaffold208","GLEAN","CDS"],[1,92241,92276,1,2,"scaffold208","GLEAN","CDS"]],"mRNA"],[0,111429,114646,-1,"lamu_GLEAN_10001157",1,"scaffold208","GLEAN",[[1,114267,114646,-1,0,"scaffold208","GLEAN","CDS"],[1,112911,113219,-1,2,"scaffold208","GLEAN","CDS"],[1,112223,112821,-1,0,"scaffold208","GLEAN","CDS"],[1,111941,112114,-1,2,"scaffold208","GLEAN","CDS"],[1,111429,111831,-1,0,"scaffold208","GLEAN","CDS"]],"mRNA"],[0,118090,126091,1,"lamu_GLEAN_10001158",0.998453,"scaffold208","GLEAN",[[1,118090,120298,1,0,"scaffold208","GLEAN","CDS"],[1,120950,121145,1,0,"scaffold208","GLEAN","CDS"],[1,122526,122807,1,0,"scaffold208","GLEAN","CDS"],[1,123646,123826,1,1,"scaffold208","GLEAN","CDS"],[1,123992,124170,1,1,"scaffold208","GLEAN","CDS"],[1,125917,126091,1,0,"scaffold208","GLEAN","CDS"]],"mRNA"],[0,129620,131044,1,"lamu_GLEAN_10001159",0.999564,"scaffold208","GLEAN",[[1,129620,129984,1,0,"scaffold208","GLEAN","CDS"],[1,130157,131044,1,2,"scaffold208","GLEAN","CDS"]],"mRNA"],[0,146273,146939,-1,"lamu_GLEAN_10001160",1,"scaffold208","GLEAN",[[1,146273,146939,-1,0,"scaffold208","GLEAN","CDS"]],"mRNA"],[0,151304,154152,-1,"lamu_GLEAN_10001161",0.999625,"scaffold208","GLEAN",[[1,153989,154152,-1,0,"scaffold208","GLEAN","CDS"],[1,153734,153822,-1,2,"scaffold208","GLEAN","CDS"],[1,153508,153617,-1,1,"scaffold208","GLEAN","CDS"],[1,152603,153332,-1,0,"scaffold208","GLEAN","CDS"],[1,151304,151385,-1,0,"scaffold208","GLEAN","CDS"]],"mRNA"],[0,154897,164568,1,"lamu_GLEAN_10001162",0.999994,"scaffold208","GLEAN",[[1,154897,155408,1,0,"scaffold208","GLEAN","CDS"],[1,155732,155978,1,2,"scaffold208","GLEAN","CDS"],[1,157543,157739,1,2,"scaffold208","GLEAN","CDS"],[1,158711,158971,1,1,"scaffold208","GLEAN","CDS"],[1,159081,159209,1,2,"scaffold208","GLEAN","CDS"],[1,161986,162103,1,0,"scaffold208","GLEAN","CDS"],[1,163853,163904,1,0,"scaffold208","GLEAN","CDS"],[1,164328,164568,1,0,"scaffold208","GLEAN","CDS"]],"mRNA"],[0,165395,167527,-1,"lamu_GLEAN_10001163",0.999963,"scaffold208","GLEAN",[[1,167506,167527,-1,0,"scaffold208","GLEAN","CDS"],[1,166459,166506,-1,0,"scaffold208","GLEAN","CDS"],[1,166252,166355,-1,1,"scaffold208","GLEAN","CDS"],[1,165395,166172,-1,0,"scaffold208","GLEAN","CDS"]],"mRNA"],[0,173496,173959,1,"lamu_GLEAN_10001164",0.999089,"scaffold208","GLEAN",[[1,173496,173692,1,0,"scaffold208","GLEAN","CDS"],[1,173795,173959,1,2,"scaffold208","GLEAN","CDS"]],"mRNA"],[0,174498,176240,-1,"lamu_GLEAN_10001165",0.843535,"scaffold208","GLEAN",[[1,175006,176240,-1,0,"scaffold208","GLEAN","CDS"],[1,174498,174533,-1,2,"scaffold208","GLEAN","CDS"]],"mRNA"],[0,195237,204983,1,"lamu_GLEAN_10001166",0.942602,"scaffold208","GLEAN",[[1,195237,195309,1,0,"scaffold208","GLEAN","CDS"],[1,196638,196685,1,0,"scaffold208","GLEAN","CDS"],[1,196799,196908,1,1,"scaffold208","GLEAN","CDS"],[1,197248,197335,1,0,"scaffold208","GLEAN","CDS"],[1,200786,200958,1,0,"scaffold208","GLEAN","CDS"],[1,203677,204105,1,2,"scaffold208","GLEAN","CDS"],[1,204599,204661,1,0,"scaffold208","GLEAN","CDS"],[1,204754,204857,1,1,"scaffold208","GLEAN","CDS"],[1,204926,204983,1,0,"scaffold208","GLEAN","CDS"]],"mRNA"],[0,207073,207661,1,"lamu_GLEAN_10001167",0.996423,"scaffold208","GLEAN",[[1,207073,207661,1,0,"scaffold208","GLEAN","CDS"]],"mRNA"]],"urlTemplate":"lf-{Chunk}.json"}}