{"featureCount":13,"formatVersion":1,"histograms":{"meta":[{"arrayParams":{"chunkSize":10000,"length":5,"urlTemplate":"hist-200000-{Chunk}.json"},"basesPerBin":"200000"}],"stats":[{"basesPerBin":"200000","max":7,"mean":2.8}]},"intervals":{"classes":[{"attributes":["Start","End","Strand","Id","Score","Seq_id","Source","Subfeatures","Type"],"isArrayAttr":{"Subfeatures":1}},{"attributes":["Start","End","Strand","Phase","Seq_id","Source","Type"],"isArrayAttr":{}},{"attributes":["Start","End","Chunk"],"isArrayAttr":{"Sublist":1}}],"count":13,"lazyClass":2,"maxEnd":816517,"minStart":51932,"nclist":[[0,51932,52738,1,"lamu_GLEAN_10004565",0.255629,"scaffold105","GLEAN",[[1,51932,51965,1,0,"scaffold105","GLEAN","CDS"],[1,52095,52203,1,0,"scaffold105","GLEAN","CDS"],[1,52516,52738,1,0,"scaffold105","GLEAN","CDS"]],"mRNA"],[0,78740,79588,1,"lamu_GLEAN_10004566",0.428138,"scaffold105","GLEAN",[[1,78740,79006,1,0,"scaffold105","GLEAN","CDS"],[1,79446,79588,1,1,"scaffold105","GLEAN","CDS"]],"mRNA"],[0,93031,93367,-1,"lamu_GLEAN_10004567",0.999991,"scaffold105","GLEAN",[[1,93031,93367,-1,0,"scaffold105","GLEAN","CDS"]],"mRNA"],[0,101454,101835,-1,"lamu_GLEAN_10004568",0.921943,"scaffold105","GLEAN",[[1,101454,101835,-1,0,"scaffold105","GLEAN","CDS"]],"mRNA"],[0,542878,543565,-1,"lamu_GLEAN_10004569",0.990346,"scaffold105","GLEAN",[[1,543457,543565,-1,0,"scaffold105","GLEAN","CDS"],[1,542878,543121,-1,0,"scaffold105","GLEAN","CDS"]],"mRNA"],[0,594910,606120,1,"lamu_GLEAN_10004570",0.240396,"scaffold105","GLEAN",[[1,594910,595227,1,0,"scaffold105","GLEAN","CDS"],[1,596590,596999,1,1,"scaffold105","GLEAN","CDS"],[1,597127,597355,1,0,"scaffold105","GLEAN","CDS"],[1,605577,606120,1,0,"scaffold105","GLEAN","CDS"]],"mRNA"],[0,610505,611042,-1,"lamu_GLEAN_10004571",0.973096,"scaffold105","GLEAN",[[1,610505,611042,-1,0,"scaffold105","GLEAN","CDS"]],"mRNA"],[0,623689,625078,1,"lamu_GLEAN_10004572",0.637976,"scaffold105","GLEAN",[[1,623689,623795,1,0,"scaffold105","GLEAN","CDS"],[1,623922,624064,1,2,"scaffold105","GLEAN","CDS"],[1,624723,625078,1,1,"scaffold105","GLEAN","CDS"]],"mRNA"],[0,626776,627082,-1,"lamu_GLEAN_10004573",0.921404,"scaffold105","GLEAN",[[1,626776,627082,-1,0,"scaffold105","GLEAN","CDS"]],"mRNA"],[0,673043,673928,1,"lamu_GLEAN_10004574",1,"scaffold105","GLEAN",[[1,673043,673351,1,0,"scaffold105","GLEAN","CDS"],[1,673437,673725,1,1,"scaffold105","GLEAN","CDS"],[1,673804,673928,1,1,"scaffold105","GLEAN","CDS"]],"mRNA"],[0,692352,692823,1,"lamu_GLEAN_10004575",0.631351,"scaffold105","GLEAN",[[1,692352,692823,1,0,"scaffold105","GLEAN","CDS"]],"mRNA"],[0,693237,693780,1,"lamu_GLEAN_10004576",0.669249,"scaffold105","GLEAN",[[1,693237,693780,1,0,"scaffold105","GLEAN","CDS"]],"mRNA"],[0,815518,816517,1,"lamu_GLEAN_10004577",0.977294,"scaffold105","GLEAN",[[1,815518,816517,1,0,"scaffold105","GLEAN","CDS"]],"mRNA"]],"urlTemplate":"lf-{Chunk}.json"}}