{"featureCount":25,"formatVersion":1,"histograms":{"meta":[{"arrayParams":{"chunkSize":10000,"length":7,"urlTemplate":"hist-100000-{Chunk}.json"},"basesPerBin":"100000"}],"stats":[{"basesPerBin":"100000","max":6,"mean":3.71428571428571}]},"intervals":{"classes":[{"attributes":["Start","End","Strand","Id","Score","Seq_id","Source","Subfeatures","Type"],"isArrayAttr":{"Subfeatures":1}},{"attributes":["Start","End","Strand","Phase","Seq_id","Source","Type"],"isArrayAttr":{}},{"attributes":["Start","End","Chunk"],"isArrayAttr":{"Sublist":1}}],"count":25,"lazyClass":2,"maxEnd":642153,"minStart":18197,"nclist":[[0,18197,19094,1,"lamu_GLEAN_10003311",1,"scaffold94","GLEAN",[[1,18197,19094,1,0,"scaffold94","GLEAN","CDS"]],"mRNA"],[0,39358,39832,1,"lamu_GLEAN_10003312",0.986566,"scaffold94","GLEAN",[[1,39358,39832,1,0,"scaffold94","GLEAN","CDS"]],"mRNA"],[0,51806,52361,-1,"lamu_GLEAN_10003313",0.80767,"scaffold94","GLEAN",[[1,51806,52361,-1,0,"scaffold94","GLEAN","CDS"]],"mRNA"],[0,86867,88459,1,"lamu_GLEAN_10003314",0.298228,"scaffold94","GLEAN",[[1,86867,87351,1,0,"scaffold94","GLEAN","CDS"],[1,87509,87585,1,2,"scaffold94","GLEAN","CDS"],[1,88428,88459,1,1,"scaffold94","GLEAN","CDS"]],"mRNA"],[0,108270,109392,-1,"lamu_GLEAN_10003315",0.776839,"scaffold94","GLEAN",[[1,108989,109392,-1,0,"scaffold94","GLEAN","CDS"],[1,108270,108518,-1,2,"scaffold94","GLEAN","CDS"]],"mRNA"],[0,153562,154297,1,"lamu_GLEAN_10003316",0.643359,"scaffold94","GLEAN",[[1,153562,153728,1,0,"scaffold94","GLEAN","CDS"],[1,153875,153990,1,2,"scaffold94","GLEAN","CDS"],[1,154152,154297,1,1,"scaffold94","GLEAN","CDS"]],"mRNA"],[0,278717,280721,-1,"lamu_GLEAN_10003317",0.569938,"scaffold94","GLEAN",[[1,280603,280721,-1,0,"scaffold94","GLEAN","CDS"],[1,279244,279534,-1,2,"scaffold94","GLEAN","CDS"],[1,278717,279110,-1,0,"scaffold94","GLEAN","CDS"]],"mRNA"],[0,283934,287074,1,"lamu_GLEAN_10003318",0.979252,"scaffold94","GLEAN",[[1,283934,284180,1,0,"scaffold94","GLEAN","CDS"],[1,285166,285406,1,0,"scaffold94","GLEAN","CDS"],[1,285559,285703,1,0,"scaffold94","GLEAN","CDS"],[1,286343,286478,1,0,"scaffold94","GLEAN","CDS"],[1,286801,287074,1,0,"scaffold94","GLEAN","CDS"]],"mRNA"],[0,298909,300358,-1,"lamu_GLEAN_10003319",0.557205,"scaffold94","GLEAN",[[1,300261,300358,-1,0,"scaffold94","GLEAN","CDS"],[1,300053,300151,-1,2,"scaffold94","GLEAN","CDS"],[1,299373,299884,-1,0,"scaffold94","GLEAN","CDS"],[1,299157,299208,-1,2,"scaffold94","GLEAN","CDS"],[1,298909,299067,-1,2,"scaffold94","GLEAN","CDS"]],"mRNA"],[0,308007,310106,-1,"lamu_GLEAN_10003320",0.986778,"scaffold94","GLEAN",[[1,309966,310106,-1,0,"scaffold94","GLEAN","CDS"],[1,309190,309297,-1,1,"scaffold94","GLEAN","CDS"],[1,308695,308791,-1,2,"scaffold94","GLEAN","CDS"],[1,308294,308393,-1,2,"scaffold94","GLEAN","CDS"],[1,308102,308182,-1,2,"scaffold94","GLEAN","CDS"],[1,308007,308043,-1,0,"scaffold94","GLEAN","CDS"]],"mRNA"],[0,327728,330334,1,"lamu_GLEAN_10003321",1,"scaffold94","GLEAN",[[1,327728,327960,1,0,"scaffold94","GLEAN","CDS"],[1,328095,328373,1,2,"scaffold94","GLEAN","CDS"],[1,329057,329222,1,0,"scaffold94","GLEAN","CDS"],[1,329298,329433,1,0,"scaffold94","GLEAN","CDS"],[1,330124,330334,1,0,"scaffold94","GLEAN","CDS"]],"mRNA"],[0,351507,352725,1,"lamu_GLEAN_10003322",0.465178,"scaffold94","GLEAN",[[1,351507,351575,1,0,"scaffold94","GLEAN","CDS"],[1,352288,352427,1,1,"scaffold94","GLEAN","CDS"],[1,352512,352725,1,0,"scaffold94","GLEAN","CDS"]],"mRNA"],[0,355381,356679,-1,"lamu_GLEAN_10003323",0.850254,"scaffold94","GLEAN",[[1,356659,356679,-1,0,"scaffold94","GLEAN","CDS"],[1,356258,356358,-1,1,"scaffold94","GLEAN","CDS"],[1,355943,355985,-1,0,"scaffold94","GLEAN","CDS"],[1,355801,355843,-1,0,"scaffold94","GLEAN","CDS"],[1,355381,355579,-1,0,"scaffold94","GLEAN","CDS"]],"mRNA"],[0,386207,392967,-1,"lamu_GLEAN_10003324",0.999881,"scaffold94","GLEAN",[[1,392785,392967,-1,0,"scaffold94","GLEAN","CDS"],[1,392503,392585,-1,1,"scaffold94","GLEAN","CDS"],[1,387851,387913,-1,0,"scaffold94","GLEAN","CDS"],[1,386949,387049,-1,1,"scaffold94","GLEAN","CDS"],[1,386814,386856,-1,0,"scaffold94","GLEAN","CDS"],[1,386406,386448,-1,0,"scaffold94","GLEAN","CDS"],[1,386207,386303,-1,0,"scaffold94","GLEAN","CDS"]],"mRNA"],[0,417126,421174,1,"lamu_GLEAN_10003325",0.296995,"scaffold94","GLEAN",[[1,417126,417367,1,0,"scaffold94","GLEAN","CDS"],[1,418207,418839,1,2,"scaffold94","GLEAN","CDS"],[1,419121,419637,1,0,"scaffold94","GLEAN","CDS"],[1,421015,421174,1,0,"scaffold94","GLEAN","CDS"]],"mRNA"],[0,422388,425130,-1,"lamu_GLEAN_10003326",0.999611,"scaffold94","GLEAN",[[1,425047,425130,-1,0,"scaffold94","GLEAN","CDS"],[1,424180,424321,-1,1,"scaffold94","GLEAN","CDS"],[1,423936,424067,-1,1,"scaffold94","GLEAN","CDS"],[1,423271,423448,-1,2,"scaffold94","GLEAN","CDS"],[1,422388,422978,-1,2,"scaffold94","GLEAN","CDS"]],"mRNA"],[0,437585,439539,1,"lamu_GLEAN_10003327",0.998776,"scaffold94","GLEAN",[[1,437585,437877,1,0,"scaffold94","GLEAN","CDS"],[1,437988,438183,1,2,"scaffold94","GLEAN","CDS"],[1,438698,438859,1,2,"scaffold94","GLEAN","CDS"],[1,438966,439216,1,0,"scaffold94","GLEAN","CDS"],[1,439318,439539,1,2,"scaffold94","GLEAN","CDS"]],"mRNA"],[0,439846,441415,-1,"lamu_GLEAN_10003328",1,"scaffold94","GLEAN",[[1,441156,441415,-1,0,"scaffold94","GLEAN","CDS"],[1,440942,441067,-1,2,"scaffold94","GLEAN","CDS"],[1,440527,440776,-1,0,"scaffold94","GLEAN","CDS"],[1,440158,440417,-1,0,"scaffold94","GLEAN","CDS"],[1,439846,440070,-1,2,"scaffold94","GLEAN","CDS"]],"mRNA"],[0,462021,465676,1,"lamu_GLEAN_10003329",0.450254,"scaffold94","GLEAN",[[1,462021,462107,1,0,"scaffold94","GLEAN","CDS"],[1,462205,462263,1,1,"scaffold94","GLEAN","CDS"],[1,462461,462538,1,0,"scaffold94","GLEAN","CDS"],[1,463041,463189,1,1,"scaffold94","GLEAN","CDS"],[1,464240,464363,1,0,"scaffold94","GLEAN","CDS"],[1,464490,464719,1,0,"scaffold94","GLEAN","CDS"],[1,464914,464985,1,2,"scaffold94","GLEAN","CDS"],[1,465526,465676,1,0,"scaffold94","GLEAN","CDS"]],"mRNA"],[0,501387,503806,-1,"lamu_GLEAN_10003330",0.997731,"scaffold94","GLEAN",[[1,503581,503806,-1,0,"scaffold94","GLEAN","CDS"],[1,503300,503396,-1,0,"scaffold94","GLEAN","CDS"],[1,502337,502452,-1,0,"scaffold94","GLEAN","CDS"],[1,501774,501948,-1,2,"scaffold94","GLEAN","CDS"],[1,501387,501461,-1,2,"scaffold94","GLEAN","CDS"]],"mRNA"],[0,610964,611270,1,"lamu_GLEAN_10003331",0.589195,"scaffold94","GLEAN",[[1,610964,611270,1,0,"scaffold94","GLEAN","CDS"]],"mRNA"],[0,613040,615182,-1,"lamu_GLEAN_10003332",0.580829,"scaffold94","GLEAN",[[1,615035,615182,-1,0,"scaffold94","GLEAN","CDS"],[1,614629,614870,-1,0,"scaffold94","GLEAN","CDS"],[1,613040,613144,-1,2,"scaffold94","GLEAN","CDS"]],"mRNA"],[0,624614,626942,1,"lamu_GLEAN_10003333",0.966303,"scaffold94","GLEAN",[[1,624614,626942,1,0,"scaffold94","GLEAN","CDS"]],"mRNA"],[0,636531,636975,1,"lamu_GLEAN_10003334",0.370608,"scaffold94","GLEAN",[[1,636531,636975,1,0,"scaffold94","GLEAN","CDS"]],"mRNA"],[0,641835,642153,1,"lamu_GLEAN_10003335",0.493717,"scaffold94","GLEAN",[[1,641835,642153,1,0,"scaffold94","GLEAN","CDS"]],"mRNA"]],"urlTemplate":"lf-{Chunk}.json"}}