{"featureCount":19,"formatVersion":1,"histograms":{"meta":[{"arrayParams":{"chunkSize":10000,"length":6,"urlTemplate":"hist-50000-{Chunk}.json"},"basesPerBin":"50000"}],"stats":[{"basesPerBin":"50000","max":6,"mean":3.16666666666667}]},"intervals":{"classes":[{"attributes":["Start","End","Strand","Id","Score","Seq_id","Source","Subfeatures","Type"],"isArrayAttr":{"Subfeatures":1}},{"attributes":["Start","End","Strand","Phase","Seq_id","Source","Type"],"isArrayAttr":{}},{"attributes":["Start","End","Chunk"],"isArrayAttr":{"Sublist":1}}],"count":19,"lazyClass":2,"maxEnd":269142,"minStart":12723,"nclist":[[0,12723,14475,1,"lamu_GLEAN_10001469",0.998426,"scaffold172","GLEAN",[[1,12723,12783,1,0,"scaffold172","GLEAN","CDS"],[1,13815,14475,1,0,"scaffold172","GLEAN","CDS"]],"mRNA"],[0,20565,25246,1,"lamu_GLEAN_10001470",0.835236,"scaffold172","GLEAN",[[1,20565,20652,1,0,"scaffold172","GLEAN","CDS"],[1,22524,22925,1,0,"scaffold172","GLEAN","CDS"],[1,23558,23688,1,1,"scaffold172","GLEAN","CDS"],[1,24536,24904,1,0,"scaffold172","GLEAN","CDS"],[1,25167,25246,1,1,"scaffold172","GLEAN","CDS"]],"mRNA"],[0,52668,57346,-1,"lamu_GLEAN_10001471",0.44478,"scaffold172","GLEAN",[[1,57338,57346,-1,0,"scaffold172","GLEAN","CDS"],[1,57158,57237,-1,1,"scaffold172","GLEAN","CDS"],[1,57002,57071,-1,0,"scaffold172","GLEAN","CDS"],[1,56833,56923,-1,0,"scaffold172","GLEAN","CDS"],[1,56579,56718,-1,0,"scaffold172","GLEAN","CDS"],[1,56147,56250,-1,2,"scaffold172","GLEAN","CDS"],[1,54888,54997,-1,1,"scaffold172","GLEAN","CDS"],[1,54683,54749,-1,0,"scaffold172","GLEAN","CDS"],[1,54448,54517,-1,0,"scaffold172","GLEAN","CDS"],[1,54273,54337,-1,0,"scaffold172","GLEAN","CDS"],[1,54072,54189,-1,2,"scaffold172","GLEAN","CDS"],[1,53215,53349,-1,2,"scaffold172","GLEAN","CDS"],[1,53045,53124,-1,0,"scaffold172","GLEAN","CDS"],[1,52668,52886,-1,2,"scaffold172","GLEAN","CDS"]],"mRNA"],[0,91106,91439,-1,"lamu_GLEAN_10001472",0.918611,"scaffold172","GLEAN",[[1,91106,91439,-1,0,"scaffold172","GLEAN","CDS"]],"mRNA"],[0,107006,110273,-1,"lamu_GLEAN_10001473",0.584543,"scaffold172","GLEAN",[[1,109994,110273,-1,0,"scaffold172","GLEAN","CDS"],[1,109647,109721,-1,0,"scaffold172","GLEAN","CDS"],[1,109349,109545,-1,1,"scaffold172","GLEAN","CDS"],[1,108956,109167,-1,0,"scaffold172","GLEAN","CDS"],[1,107999,108678,-1,2,"scaffold172","GLEAN","CDS"],[1,107823,107901,-1,1,"scaffold172","GLEAN","CDS"],[1,107006,107229,-1,1,"scaffold172","GLEAN","CDS"]],"mRNA"],[0,131851,133454,1,"lamu_GLEAN_10001474",0.999631,"scaffold172","GLEAN",[[1,131851,131992,1,0,"scaffold172","GLEAN","CDS"],[1,132105,132399,1,0,"scaffold172","GLEAN","CDS"],[1,132815,133454,1,0,"scaffold172","GLEAN","CDS"]],"mRNA"],[0,139500,143014,-1,"lamu_GLEAN_10001475",0.570625,"scaffold172","GLEAN",[[1,142715,143014,-1,0,"scaffold172","GLEAN","CDS"],[1,140851,141807,-1,1,"scaffold172","GLEAN","CDS"],[1,140181,140761,-1,2,"scaffold172","GLEAN","CDS"],[1,139500,139996,-1,1,"scaffold172","GLEAN","CDS"]],"mRNA"],[0,152451,152886,1,"lamu_GLEAN_10001476",0.99999,"scaffold172","GLEAN",[[1,152451,152886,1,0,"scaffold172","GLEAN","CDS"]],"mRNA"],[0,154574,157901,-1,"lamu_GLEAN_10001477",0.560504,"scaffold172","GLEAN",[[1,157602,157901,-1,0,"scaffold172","GLEAN","CDS"],[1,154574,155067,-1,1,"scaffold172","GLEAN","CDS"]],"mRNA"],[0,187432,189716,1,"lamu_GLEAN_10001478",0.958882,"scaffold172","GLEAN",[[1,187432,187497,1,0,"scaffold172","GLEAN","CDS"],[1,187606,187652,1,1,"scaffold172","GLEAN","CDS"],[1,187764,187879,1,0,"scaffold172","GLEAN","CDS"],[1,187983,188051,1,2,"scaffold172","GLEAN","CDS"],[1,188140,188731,1,0,"scaffold172","GLEAN","CDS"],[1,188810,188915,1,0,"scaffold172","GLEAN","CDS"],[1,189374,189716,1,0,"scaffold172","GLEAN","CDS"]],"mRNA"],[0,191611,192885,1,"lamu_GLEAN_10001479",0.958831,"scaffold172","GLEAN",[[1,191611,191633,1,0,"scaffold172","GLEAN","CDS"],[1,192308,192431,1,2,"scaffold172","GLEAN","CDS"],[1,192541,192885,1,2,"scaffold172","GLEAN","CDS"]],"mRNA"],[0,210905,214494,1,"lamu_GLEAN_10001480",0.99658,"scaffold172","GLEAN",[[1,210905,212660,1,0,"scaffold172","GLEAN","CDS"],[1,213714,213828,1,0,"scaffold172","GLEAN","CDS"],[1,214010,214160,1,0,"scaffold172","GLEAN","CDS"],[1,214347,214494,1,0,"scaffold172","GLEAN","CDS"]],"mRNA"],[0,215875,216977,-1,"lamu_GLEAN_10001481",0.709207,"scaffold172","GLEAN",[[1,216943,216977,-1,0,"scaffold172","GLEAN","CDS"],[1,216481,216599,-1,2,"scaffold172","GLEAN","CDS"],[1,216375,216412,-1,1,"scaffold172","GLEAN","CDS"],[1,216043,216275,-1,0,"scaffold172","GLEAN","CDS"],[1,215875,215952,-1,2,"scaffold172","GLEAN","CDS"]],"mRNA"],[0,219742,227365,-1,"lamu_GLEAN_10001482",0.610857,"scaffold172","GLEAN",[[1,227158,227365,-1,0,"scaffold172","GLEAN","CDS"],[1,226923,227058,-1,0,"scaffold172","GLEAN","CDS"],[1,226643,226710,-1,0,"scaffold172","GLEAN","CDS"],[1,225674,225754,-1,2,"scaffold172","GLEAN","CDS"],[1,224365,224476,-1,0,"scaffold172","GLEAN","CDS"],[1,224064,224277,-1,0,"scaffold172","GLEAN","CDS"],[1,223580,223709,-1,0,"scaffold172","GLEAN","CDS"],[1,222790,223459,-1,0,"scaffold172","GLEAN","CDS"],[1,221915,222108,-1,0,"scaffold172","GLEAN","CDS"],[1,221629,221823,-1,2,"scaffold172","GLEAN","CDS"],[1,221209,221311,-1,0,"scaffold172","GLEAN","CDS"],[1,220801,220941,-1,0,"scaffold172","GLEAN","CDS"],[1,220218,220497,-1,1,"scaffold172","GLEAN","CDS"],[1,219742,220007,-1,1,"scaffold172","GLEAN","CDS"]],"mRNA"],[0,228276,229202,-1,"lamu_GLEAN_10001483",1,"scaffold172","GLEAN",[[1,228892,229202,-1,0,"scaffold172","GLEAN","CDS"],[1,228692,228823,-1,2,"scaffold172","GLEAN","CDS"],[1,228276,228561,-1,0,"scaffold172","GLEAN","CDS"]],"mRNA"],[0,234748,235246,1,"lamu_GLEAN_10001484",1,"scaffold172","GLEAN",[[1,234748,235246,1,0,"scaffold172","GLEAN","CDS"]],"mRNA"],[0,236928,239321,-1,"lamu_GLEAN_10001485",0.51416,"scaffold172","GLEAN",[[1,239244,239321,-1,0,"scaffold172","GLEAN","CDS"],[1,238988,239150,-1,1,"scaffold172","GLEAN","CDS"],[1,238588,238667,-1,1,"scaffold172","GLEAN","CDS"],[1,238407,238472,-1,0,"scaffold172","GLEAN","CDS"],[1,238213,238313,-1,1,"scaffold172","GLEAN","CDS"],[1,238082,238124,-1,0,"scaffold172","GLEAN","CDS"],[1,237530,237572,-1,0,"scaffold172","GLEAN","CDS"],[1,236928,236961,-1,0,"scaffold172","GLEAN","CDS"]],"mRNA"],[0,251630,259240,-1,"lamu_GLEAN_10001486",0.780313,"scaffold172","GLEAN",[[1,259186,259240,-1,0,"scaffold172","GLEAN","CDS"],[1,258489,258635,-1,0,"scaffold172","GLEAN","CDS"],[1,255372,255451,-1,1,"scaffold172","GLEAN","CDS"],[1,255015,255077,-1,0,"scaffold172","GLEAN","CDS"],[1,253730,253824,-1,1,"scaffold172","GLEAN","CDS"],[1,253088,253130,-1,0,"scaffold172","GLEAN","CDS"],[1,251800,251913,-1,0,"scaffold172","GLEAN","CDS"],[1,251630,251718,-1,1,"scaffold172","GLEAN","CDS"]],"mRNA"],[0,268170,269142,1,"lamu_GLEAN_10001487",1,"scaffold172","GLEAN",[[1,268170,269142,1,0,"scaffold172","GLEAN","CDS"]],"mRNA"]],"urlTemplate":"lf-{Chunk}.json"}}