{"featureCount":14,"formatVersion":1,"histograms":{"meta":[{"arrayParams":{"chunkSize":10000,"length":3,"urlTemplate":"hist-500000-{Chunk}.json"},"basesPerBin":"500000"}],"stats":[{"basesPerBin":"500000","max":5,"mean":4.66666666666667}]},"intervals":{"classes":[{"attributes":["Start","End","Strand","Id","Score","Seq_id","Source","Subfeatures","Type"],"isArrayAttr":{"Subfeatures":1}},{"attributes":["Start","End","Strand","Phase","Seq_id","Source","Type"],"isArrayAttr":{}},{"attributes":["Start","End","Chunk"],"isArrayAttr":{"Sublist":1}}],"count":14,"lazyClass":2,"maxEnd":1370775,"minStart":64254,"nclist":[[0,64254,67307,-1,"lamu_GLEAN_10006570",0.609449,"scaffold49","GLEAN",[[1,67239,67307,-1,0,"scaffold49","GLEAN","CDS"],[1,66935,67111,-1,1,"scaffold49","GLEAN","CDS"],[1,66077,66162,-1,2,"scaffold49","GLEAN","CDS"],[1,64608,64866,-1,1,"scaffold49","GLEAN","CDS"],[1,64254,64405,-1,1,"scaffold49","GLEAN","CDS"]],"mRNA"],[0,129529,130003,-1,"lamu_GLEAN_10006571",1,"scaffold49","GLEAN",[[1,129529,130003,-1,0,"scaffold49","GLEAN","CDS"]],"mRNA"],[0,258355,259495,-1,"lamu_GLEAN_10006572",0.862246,"scaffold49","GLEAN",[[1,259367,259495,-1,0,"scaffold49","GLEAN","CDS"],[1,259072,259268,-1,1,"scaffold49","GLEAN","CDS"],[1,258355,258463,-1,0,"scaffold49","GLEAN","CDS"]],"mRNA"],[0,386288,388755,1,"lamu_GLEAN_10006573",0.989004,"scaffold49","GLEAN",[[1,386288,386437,1,0,"scaffold49","GLEAN","CDS"],[1,387535,387650,1,1,"scaffold49","GLEAN","CDS"],[1,387879,387983,1,0,"scaffold49","GLEAN","CDS"],[1,388508,388755,1,1,"scaffold49","GLEAN","CDS"]],"mRNA"],[0,398596,401562,-1,"lamu_GLEAN_10006574",0.619591,"scaffold49","GLEAN",[[1,401487,401562,-1,0,"scaffold49","GLEAN","CDS"],[1,401276,401414,-1,0,"scaffold49","GLEAN","CDS"],[1,400863,400971,-1,0,"scaffold49","GLEAN","CDS"],[1,400437,400759,-1,0,"scaffold49","GLEAN","CDS"],[1,398596,398661,-1,2,"scaffold49","GLEAN","CDS"]],"mRNA"],[0,857635,858435,1,"lamu_GLEAN_10006575",0.484982,"scaffold49","GLEAN",[[1,857635,857765,1,0,"scaffold49","GLEAN","CDS"],[1,858172,858435,1,2,"scaffold49","GLEAN","CDS"]],"mRNA"],[0,891913,892713,-1,"lamu_GLEAN_10006576",0.673445,"scaffold49","GLEAN",[[1,892307,892713,-1,0,"scaffold49","GLEAN","CDS"],[1,891913,892089,-1,2,"scaffold49","GLEAN","CDS"]],"mRNA"],[0,907031,907349,1,"lamu_GLEAN_10006577",0.804974,"scaffold49","GLEAN",[[1,907031,907349,1,0,"scaffold49","GLEAN","CDS"]],"mRNA"],[0,983027,983330,-1,"lamu_GLEAN_10006578",0.952073,"scaffold49","GLEAN",[[1,983027,983330,-1,0,"scaffold49","GLEAN","CDS"]],"mRNA"],[0,1003199,1003909,1,"lamu_GLEAN_10006579",0.438996,"scaffold49","GLEAN",[[1,1003199,1003653,1,0,"scaffold49","GLEAN","CDS"],[1,1003664,1003909,1,2,"scaffold49","GLEAN","CDS"]],"mRNA"],[0,1053020,1053974,1,"lamu_GLEAN_10006580",0.99913,"scaffold49","GLEAN",[[1,1053020,1053297,1,0,"scaffold49","GLEAN","CDS"],[1,1053357,1053974,1,2,"scaffold49","GLEAN","CDS"]],"mRNA"],[0,1154317,1154789,1,"lamu_GLEAN_10006581",0.937458,"scaffold49","GLEAN",[[1,1154317,1154508,1,0,"scaffold49","GLEAN","CDS"],[1,1154674,1154789,1,1,"scaffold49","GLEAN","CDS"]],"mRNA"],[0,1272900,1273877,-1,"lamu_GLEAN_10006582",0.343203,"scaffold49","GLEAN",[[1,1273801,1273877,-1,0,"scaffold49","GLEAN","CDS"],[1,1272900,1273385,-1,2,"scaffold49","GLEAN","CDS"]],"mRNA"],[0,1370307,1370775,1,"lamu_GLEAN_10006583",0.279599,"scaffold49","GLEAN",[[1,1370307,1370410,1,0,"scaffold49","GLEAN","CDS"],[1,1370584,1370775,1,2,"scaffold49","GLEAN","CDS"]],"mRNA"]],"urlTemplate":"lf-{Chunk}.json"}}