{"featureCount":7,"formatVersion":1,"histograms":{"meta":[{"arrayParams":{"chunkSize":10000,"length":2,"urlTemplate":"hist-100000-{Chunk}.json"},"basesPerBin":"100000"}],"stats":[{"basesPerBin":"100000","max":6,"mean":3.5}]},"intervals":{"classes":[{"attributes":["Start","End","Strand","Id","Score","Seq_id","Source","Subfeatures","Type"],"isArrayAttr":{"Subfeatures":1}},{"attributes":["Start","End","Strand","Phase","Seq_id","Source","Type"],"isArrayAttr":{}},{"attributes":["Start","End","Chunk"],"isArrayAttr":{"Sublist":1}}],"count":7,"lazyClass":2,"maxEnd":178020,"minStart":72171,"nclist":[[0,72171,80415,1,"lamu_GLEAN_10001201",0.643793,"scaffold203","GLEAN",[[1,72171,72239,1,0,"scaffold203","GLEAN","CDS"],[1,80306,80415,1,1,"scaffold203","GLEAN","CDS"]],"mRNA"],[0,113527,114154,-1,"lamu_GLEAN_10001202",0.999916,"scaffold203","GLEAN",[[1,114083,114154,-1,0,"scaffold203","GLEAN","CDS"],[1,113527,113849,-1,1,"scaffold203","GLEAN","CDS"]],"mRNA"],[0,120398,120737,-1,"lamu_GLEAN_10001203",1,"scaffold203","GLEAN",[[1,120398,120737,-1,0,"scaffold203","GLEAN","CDS"]],"mRNA"],[0,122355,123654,-1,"lamu_GLEAN_10001204",0.622225,"scaffold203","GLEAN",[[1,122355,123654,-1,0,"scaffold203","GLEAN","CDS"]],"mRNA"],[0,128668,129037,-1,"lamu_GLEAN_10001205",1,"scaffold203","GLEAN",[[1,128668,129037,-1,0,"scaffold203","GLEAN","CDS"]],"mRNA"],[0,140919,151589,-1,"lamu_GLEAN_10001206",0.639796,"scaffold203","GLEAN",[[1,151058,151589,-1,0,"scaffold203","GLEAN","CDS"],[1,150817,150946,-1,0,"scaffold203","GLEAN","CDS"],[1,150646,150712,-1,0,"scaffold203","GLEAN","CDS"],[1,148809,148878,-1,0,"scaffold203","GLEAN","CDS"],[1,148317,148389,-1,0,"scaffold203","GLEAN","CDS"],[1,147269,147477,-1,0,"scaffold203","GLEAN","CDS"],[1,146258,146425,-1,2,"scaffold203","GLEAN","CDS"],[1,144391,145026,-1,0,"scaffold203","GLEAN","CDS"],[1,142523,142855,-1,1,"scaffold203","GLEAN","CDS"],[1,140919,141407,-1,2,"scaffold203","GLEAN","CDS"]],"mRNA"],[0,174107,178020,-1,"lamu_GLEAN_10001207",0.999997,"scaffold203","GLEAN",[[1,177945,178020,-1,0,"scaffold203","GLEAN","CDS"],[1,176863,177045,-1,0,"scaffold203","GLEAN","CDS"],[1,174107,174258,-1,1,"scaffold203","GLEAN","CDS"]],"mRNA"]],"urlTemplate":"lf-{Chunk}.json"}}