{"featureCount":16,"formatVersion":1,"histograms":{"meta":[{"arrayParams":{"chunkSize":10000,"length":5,"urlTemplate":"hist-50000-{Chunk}.json"},"basesPerBin":"50000"}],"stats":[{"basesPerBin":"50000","max":8,"mean":3.4}]},"intervals":{"classes":[{"attributes":["Start","End","Strand","Id","Score","Seq_id","Source","Subfeatures","Type"],"isArrayAttr":{"Subfeatures":1}},{"attributes":["Start","End","Strand","Phase","Seq_id","Source","Type"],"isArrayAttr":{}},{"attributes":["Start","End","Chunk"],"isArrayAttr":{"Sublist":1}}],"count":16,"lazyClass":2,"maxEnd":248087,"minStart":19922,"nclist":[[0,19922,25610,1,"lamu_GLEAN_10001396",0.489584,"scaffold176","GLEAN",[[1,19922,20214,1,0,"scaffold176","GLEAN","CDS"],[1,24657,24849,1,2,"scaffold176","GLEAN","CDS"],[1,25269,25610,1,2,"scaffold176","GLEAN","CDS"]],"mRNA"],[0,32730,33627,1,"lamu_GLEAN_10001397",0.424414,"scaffold176","GLEAN",[[1,32730,33102,1,0,"scaffold176","GLEAN","CDS"],[1,33198,33627,1,0,"scaffold176","GLEAN","CDS"]],"mRNA"],[0,34398,35933,1,"lamu_GLEAN_10001398",0.293733,"scaffold176","GLEAN",[[1,34398,34647,1,0,"scaffold176","GLEAN","CDS"],[1,34779,34943,1,0,"scaffold176","GLEAN","CDS"],[1,35455,35933,1,1,"scaffold176","GLEAN","CDS"]],"mRNA"],[0,38043,40129,1,"lamu_GLEAN_10001399",0.614518,"scaffold176","GLEAN",[[1,38043,39278,1,0,"scaffold176","GLEAN","CDS"],[1,39458,39652,1,1,"scaffold176","GLEAN","CDS"],[1,39737,40129,1,2,"scaffold176","GLEAN","CDS"]],"mRNA"],[0,65661,66090,-1,"lamu_GLEAN_10001400",0.965371,"scaffold176","GLEAN",[[1,65661,66090,-1,0,"scaffold176","GLEAN","CDS"]],"mRNA"],[0,87656,88349,-1,"lamu_GLEAN_10001401",0.647902,"scaffold176","GLEAN",[[1,87656,88349,-1,0,"scaffold176","GLEAN","CDS"]],"mRNA"],[0,120969,121290,1,"lamu_GLEAN_10001402",0.999991,"scaffold176","GLEAN",[[1,120969,121290,1,0,"scaffold176","GLEAN","CDS"]],"mRNA"],[0,125176,132395,1,"lamu_GLEAN_10001403",0.642449,"scaffold176","GLEAN",[[1,125176,125248,1,0,"scaffold176","GLEAN","CDS"],[1,125329,125595,1,0,"scaffold176","GLEAN","CDS"],[1,127166,127286,1,1,"scaffold176","GLEAN","CDS"],[1,127374,127465,1,1,"scaffold176","GLEAN","CDS"],[1,129058,129164,1,0,"scaffold176","GLEAN","CDS"],[1,131385,131473,1,2,"scaffold176","GLEAN","CDS"],[1,132163,132395,1,1,"scaffold176","GLEAN","CDS"]],"mRNA"],[0,178608,200667,-1,"lamu_GLEAN_10001404",0.420855,"scaffold176","GLEAN",[[1,200475,200667,-1,0,"scaffold176","GLEAN","CDS"],[1,191975,192019,-1,0,"scaffold176","GLEAN","CDS"],[1,191705,191876,-1,1,"scaffold176","GLEAN","CDS"],[1,187662,188120,-1,1,"scaffold176","GLEAN","CDS"],[1,178608,179060,-1,2,"scaffold176","GLEAN","CDS"]],"mRNA"],[0,214135,214492,-1,"lamu_GLEAN_10001405",0.999991,"scaffold176","GLEAN",[[1,214135,214492,-1,0,"scaffold176","GLEAN","CDS"]],"mRNA"],[0,216373,216727,-1,"lamu_GLEAN_10001406",0.958713,"scaffold176","GLEAN",[[1,216373,216727,-1,0,"scaffold176","GLEAN","CDS"]],"mRNA"],[0,217809,221547,-1,"lamu_GLEAN_10001407",0.423311,"scaffold176","GLEAN",[[1,221374,221547,-1,0,"scaffold176","GLEAN","CDS"],[1,221121,221196,-1,1,"scaffold176","GLEAN","CDS"],[1,218536,218848,-1,1,"scaffold176","GLEAN","CDS"],[1,217809,218434,-1,1,"scaffold176","GLEAN","CDS"]],"mRNA"],[0,222230,222563,1,"lamu_GLEAN_10001408",0.999991,"scaffold176","GLEAN",[[1,222230,222563,1,0,"scaffold176","GLEAN","CDS"]],"mRNA"],[0,224973,225932,-1,"lamu_GLEAN_10001409",0.999147,"scaffold176","GLEAN",[[1,225844,225932,-1,0,"scaffold176","GLEAN","CDS"],[1,224973,225443,-1,2,"scaffold176","GLEAN","CDS"]],"mRNA"],[0,227370,229388,1,"lamu_GLEAN_10001410",0.645524,"scaffold176","GLEAN",[[1,227370,227521,1,0,"scaffold176","GLEAN","CDS"],[1,228296,228638,1,2,"scaffold176","GLEAN","CDS"],[1,228699,229388,1,2,"scaffold176","GLEAN","CDS"]],"mRNA"],[0,246006,248087,-1,"lamu_GLEAN_10001411",0.37952,"scaffold176","GLEAN",[[1,247951,248087,-1,0,"scaffold176","GLEAN","CDS"],[1,247612,247858,-1,2,"scaffold176","GLEAN","CDS"],[1,246006,246209,-1,2,"scaffold176","GLEAN","CDS"]],"mRNA"]],"urlTemplate":"lf-{Chunk}.json"}}