{"featureCount":48,"formatVersion":1,"histograms":{"meta":[{"arrayParams":{"chunkSize":10000,"length":11,"urlTemplate":"hist-100000-{Chunk}.json"},"basesPerBin":"100000"}],"stats":[{"basesPerBin":"100000","max":9,"mean":4.45454545454545}]},"intervals":{"classes":[{"attributes":["Start","End","Strand","Id","Score","Seq_id","Source","Subfeatures","Type"],"isArrayAttr":{"Subfeatures":1}},{"attributes":["Start","End","Strand","Phase","Seq_id","Source","Type"],"isArrayAttr":{}},{"attributes":["Start","End","Chunk"],"isArrayAttr":{"Sublist":1}}],"count":48,"lazyClass":2,"maxEnd":1072422,"minStart":42148,"nclist":[[0,42148,42628,1,"lamu_GLEAN_10005594",0.639583,"scaffold63","GLEAN",[[1,42148,42323,1,0,"scaffold63","GLEAN","CDS"],[1,42356,42628,1,2,"scaffold63","GLEAN","CDS"]],"mRNA"],[0,107446,107989,1,"lamu_GLEAN_10005595",0.84054,"scaffold63","GLEAN",[[1,107446,107989,1,0,"scaffold63","GLEAN","CDS"]],"mRNA"],[0,162143,162854,-1,"lamu_GLEAN_10005596",0.99774,"scaffold63","GLEAN",[[1,162143,162854,-1,0,"scaffold63","GLEAN","CDS"]],"mRNA"],[0,164385,165180,-1,"lamu_GLEAN_10005597",0.997783,"scaffold63","GLEAN",[[1,164385,165180,-1,0,"scaffold63","GLEAN","CDS"]],"mRNA"],[0,218193,218538,1,"lamu_GLEAN_10005598",0.233983,"scaffold63","GLEAN",[[1,218193,218538,1,0,"scaffold63","GLEAN","CDS"]],"mRNA"],[0,268755,269418,1,"lamu_GLEAN_10005599",0.370312,"scaffold63","GLEAN",[[1,268755,269418,1,0,"scaffold63","GLEAN","CDS"]],"mRNA"],[0,318237,319200,1,"lamu_GLEAN_10005600",0.459721,"scaffold63","GLEAN",[[1,318237,318448,1,0,"scaffold63","GLEAN","CDS"],[1,318643,319200,1,2,"scaffold63","GLEAN","CDS"]],"mRNA"],[0,334931,335255,1,"lamu_GLEAN_10005601",0.99988,"scaffold63","GLEAN",[[1,334931,335255,1,0,"scaffold63","GLEAN","CDS"]],"mRNA"],[0,483162,485781,-1,"lamu_GLEAN_10005602",1,"scaffold63","GLEAN",[[1,485206,485781,-1,0,"scaffold63","GLEAN","CDS"],[1,483727,483839,-1,1,"scaffold63","GLEAN","CDS"],[1,483162,483468,-1,0,"scaffold63","GLEAN","CDS"]],"mRNA"],[0,487192,492304,-1,"lamu_GLEAN_10005603",0.999938,"scaffold63","GLEAN",[[1,491965,492304,-1,0,"scaffold63","GLEAN","CDS"],[1,490644,491266,-1,0,"scaffold63","GLEAN","CDS"],[1,488221,488382,-1,2,"scaffold63","GLEAN","CDS"],[1,488002,488091,-1,0,"scaffold63","GLEAN","CDS"],[1,487759,487919,-1,1,"scaffold63","GLEAN","CDS"],[1,487468,487531,-1,0,"scaffold63","GLEAN","CDS"],[1,487192,487363,-1,0,"scaffold63","GLEAN","CDS"]],"mRNA"],[0,497483,498389,-1,"lamu_GLEAN_10005604",1,"scaffold63","GLEAN",[[1,497483,498389,-1,0,"scaffold63","GLEAN","CDS"]],"mRNA"],[0,518026,518635,-1,"lamu_GLEAN_10005605",1,"scaffold63","GLEAN",[[1,518026,518635,-1,0,"scaffold63","GLEAN","CDS"]],"mRNA"],[0,519185,524768,1,"lamu_GLEAN_10005606",0.819195,"scaffold63","GLEAN",[[1,519185,519394,1,0,"scaffold63","GLEAN","CDS"],[1,519769,519929,1,1,"scaffold63","GLEAN","CDS"],[1,520218,520319,1,0,"scaffold63","GLEAN","CDS"],[1,520453,520544,1,1,"scaffold63","GLEAN","CDS"],[1,520853,520949,1,0,"scaffold63","GLEAN","CDS"],[1,521033,521147,1,0,"scaffold63","GLEAN","CDS"],[1,521234,521318,1,0,"scaffold63","GLEAN","CDS"],[1,521479,521635,1,0,"scaffold63","GLEAN","CDS"],[1,521745,521820,1,0,"scaffold63","GLEAN","CDS"],[1,521973,522080,1,0,"scaffold63","GLEAN","CDS"],[1,522161,522354,1,1,"scaffold63","GLEAN","CDS"],[1,522686,522872,1,0,"scaffold63","GLEAN","CDS"],[1,523030,523111,1,0,"scaffold63","GLEAN","CDS"],[1,523265,523400,1,0,"scaffold63","GLEAN","CDS"],[1,523488,523814,1,0,"scaffold63","GLEAN","CDS"],[1,524043,524149,1,1,"scaffold63","GLEAN","CDS"],[1,524374,524524,1,0,"scaffold63","GLEAN","CDS"],[1,524609,524768,1,0,"scaffold63","GLEAN","CDS"]],"mRNA"],[0,526205,526742,-1,"lamu_GLEAN_10005607",1,"scaffold63","GLEAN",[[1,526205,526742,-1,0,"scaffold63","GLEAN","CDS"]],"mRNA"],[0,538213,550149,1,"lamu_GLEAN_10005608",0.548545,"scaffold63","GLEAN",[[1,538213,538318,1,0,"scaffold63","GLEAN","CDS"],[1,539399,539472,1,0,"scaffold63","GLEAN","CDS"],[1,539613,539723,1,2,"scaffold63","GLEAN","CDS"],[1,540264,540311,1,0,"scaffold63","GLEAN","CDS"],[1,541300,541398,1,1,"scaffold63","GLEAN","CDS"],[1,542314,542622,1,2,"scaffold63","GLEAN","CDS"],[1,543978,544116,1,0,"scaffold63","GLEAN","CDS"],[1,544485,544675,1,0,"scaffold63","GLEAN","CDS"],[1,545838,546059,1,2,"scaffold63","GLEAN","CDS"],[1,546262,546328,1,0,"scaffold63","GLEAN","CDS"],[1,547014,547134,1,0,"scaffold63","GLEAN","CDS"],[1,547439,547516,1,0,"scaffold63","GLEAN","CDS"],[1,548194,548314,1,1,"scaffold63","GLEAN","CDS"],[1,548413,548633,1,1,"scaffold63","GLEAN","CDS"],[1,549346,549628,1,0,"scaffold63","GLEAN","CDS"],[1,550068,550149,1,0,"scaffold63","GLEAN","CDS"]],"mRNA"],[0,551093,551528,-1,"lamu_GLEAN_10005609",1,"scaffold63","GLEAN",[[1,551093,551528,-1,0,"scaffold63","GLEAN","CDS"]],"mRNA"],[0,555176,555779,1,"lamu_GLEAN_10005610",1,"scaffold63","GLEAN",[[1,555176,555779,1,0,"scaffold63","GLEAN","CDS"]],"mRNA"],[0,559256,559508,1,"lamu_GLEAN_10005611",0.55972,"scaffold63","GLEAN",[[1,559256,559300,1,0,"scaffold63","GLEAN","CDS"],[1,559342,559508,1,1,"scaffold63","GLEAN","CDS"]],"mRNA"],[0,618599,621762,1,"lamu_GLEAN_10005612",0.601914,"scaffold63","GLEAN",[[1,618599,618650,1,0,"scaffold63","GLEAN","CDS"],[1,618811,618966,1,0,"scaffold63","GLEAN","CDS"],[1,619086,619132,1,1,"scaffold63","GLEAN","CDS"],[1,619305,619444,1,0,"scaffold63","GLEAN","CDS"],[1,619840,619904,1,2,"scaffold63","GLEAN","CDS"],[1,620294,620346,1,1,"scaffold63","GLEAN","CDS"],[1,620812,620956,1,0,"scaffold63","GLEAN","CDS"],[1,621287,621407,1,0,"scaffold63","GLEAN","CDS"],[1,621744,621762,1,0,"scaffold63","GLEAN","CDS"]],"mRNA"],[0,622396,628814,-1,"lamu_GLEAN_10005613",0.999776,"scaffold63","GLEAN",[[1,628373,628814,-1,0,"scaffold63","GLEAN","CDS"],[1,626285,626417,-1,0,"scaffold63","GLEAN","CDS"],[1,626134,626208,-1,0,"scaffold63","GLEAN","CDS"],[1,625965,626035,-1,1,"scaffold63","GLEAN","CDS"],[1,625835,625891,-1,0,"scaffold63","GLEAN","CDS"],[1,625660,625732,-1,1,"scaffold63","GLEAN","CDS"],[1,625089,625184,-1,1,"scaffold63","GLEAN","CDS"],[1,624937,625004,-1,2,"scaffold63","GLEAN","CDS"],[1,624705,624835,-1,1,"scaffold63","GLEAN","CDS"],[1,624364,624583,-1,0,"scaffold63","GLEAN","CDS"],[1,623731,623862,-1,0,"scaffold63","GLEAN","CDS"],[1,623301,623476,-1,1,"scaffold63","GLEAN","CDS"],[1,623119,623210,-1,0,"scaffold63","GLEAN","CDS"],[1,622885,623043,-1,2,"scaffold63","GLEAN","CDS"],[1,622615,622804,-1,0,"scaffold63","GLEAN","CDS"],[1,622396,622456,-1,0,"scaffold63","GLEAN","CDS"]],"mRNA"],[0,640878,642290,-1,"lamu_GLEAN_10005614",0.999999,"scaffold63","GLEAN",[[1,641760,642290,-1,0,"scaffold63","GLEAN","CDS"],[1,641309,641670,-1,1,"scaffold63","GLEAN","CDS"],[1,640878,641040,-1,0,"scaffold63","GLEAN","CDS"]],"mRNA"],[0,657270,663943,1,"lamu_GLEAN_10005615",0.722849,"scaffold63","GLEAN",[[1,657270,657662,1,0,"scaffold63","GLEAN","CDS"],[1,658537,658569,1,1,"scaffold63","GLEAN","CDS"],[1,659013,659090,1,2,"scaffold63","GLEAN","CDS"],[1,659195,659249,1,0,"scaffold63","GLEAN","CDS"],[1,660576,660780,1,0,"scaffold63","GLEAN","CDS"],[1,660981,661351,1,0,"scaffold63","GLEAN","CDS"],[1,662404,662560,1,2,"scaffold63","GLEAN","CDS"],[1,662639,662815,1,2,"scaffold63","GLEAN","CDS"],[1,662911,663007,1,0,"scaffold63","GLEAN","CDS"],[1,663805,663943,1,0,"scaffold63","GLEAN","CDS"]],