{"featureCount":7,"formatVersion":1,"histograms":{"meta":[{"arrayParams":{"chunkSize":10000,"length":3,"urlTemplate":"hist-100000-{Chunk}.json"},"basesPerBin":"100000"}],"stats":[{"basesPerBin":"100000","max":4,"mean":2.66666666666667}]},"intervals":{"classes":[{"attributes":["Start","End","Strand","Id","Score","Seq_id","Source","Subfeatures","Type"],"isArrayAttr":{"Subfeatures":1}},{"attributes":["Start","End","Strand","Phase","Seq_id","Source","Type"],"isArrayAttr":{}},{"attributes":["Start","End","Chunk"],"isArrayAttr":{"Sublist":1}}],"count":7,"lazyClass":2,"maxEnd":212912,"minStart":37184,"nclist":[[0,37184,37544,-1,"lamu_GLEAN_10001208",0.625887,"scaffold273","GLEAN",[[1,37184,37544,-1,0,"scaffold273","GLEAN","CDS"]],"mRNA"],[0,66690,70416,1,"lamu_GLEAN_10001209",0.955406,"scaffold273","GLEAN",[[1,66690,66838,1,0,"scaffold273","GLEAN","CDS"],[1,69377,69568,1,2,"scaffold273","GLEAN","CDS"],[1,70299,70416,1,0,"scaffold273","GLEAN","CDS"]],"mRNA"],[0,93759,95624,1,"lamu_GLEAN_10001210",0.694529,"scaffold273","GLEAN",[[1,93759,94016,1,0,"scaffold273","GLEAN","CDS"],[1,94284,94573,1,1,"scaffold273","GLEAN","CDS"],[1,95411,95624,1,0,"scaffold273","GLEAN","CDS"]],"mRNA"],[0,99976,100678,1,"lamu_GLEAN_10001211",0.904068,"scaffold273","GLEAN",[[1,99976,100147,1,0,"scaffold273","GLEAN","CDS"],[1,100315,100678,1,0,"scaffold273","GLEAN","CDS"]],"mRNA"],[0,116602,118806,-1,"lamu_GLEAN_10001212",0.467217,"scaffold273","GLEAN",[[1,118524,118806,-1,0,"scaffold273","GLEAN","CDS"],[1,117814,118049,-1,0,"scaffold273","GLEAN","CDS"],[1,116602,116913,-1,2,"scaffold273","GLEAN","CDS"]],"mRNA"],[0,142318,143096,-1,"lamu_GLEAN_10001213",0.999975,"scaffold273","GLEAN",[[1,142927,143096,-1,0,"scaffold273","GLEAN","CDS"],[1,142318,142452,-1,2,"scaffold273","GLEAN","CDS"]],"mRNA"],[0,212208,212912,-1,"lamu_GLEAN_10001214",0.558724,"scaffold273","GLEAN",[[1,212786,212912,-1,0,"scaffold273","GLEAN","CDS"],[1,212208,212361,-1,0,"scaffold273","GLEAN","CDS"]],"mRNA"]],"urlTemplate":"lf-{Chunk}.json"}}