{"featureCount":61,"formatVersion":1,"histograms":{"meta":[{"arrayParams":{"chunkSize":10000,"length":24,"urlTemplate":"hist-20000-{Chunk}.json"},"basesPerBin":"20000"}],"stats":[{"basesPerBin":"20000","max":5,"mean":2.91666666666667}]},"intervals":{"classes":[{"attributes":["Start","End","Strand","Id","Score","Seq_id","Source","Subfeatures","Type"],"isArrayAttr":{"Subfeatures":1}},{"attributes":["Start","End","Strand","Phase","Seq_id","Source","Type"],"isArrayAttr":{}},{"attributes":["Start","End","Chunk"],"isArrayAttr":{"Sublist":1}}],"count":61,"lazyClass":2,"maxEnd":474467,"minStart":33060,"nclist":[[0,33060,34197,-1,"lamu_GLEAN_10002522",0.325256,"scaffold115","GLEAN",[[1,33882,34197,-1,0,"scaffold115","GLEAN","CDS"],[1,33060,33150,-1,0,"scaffold115","GLEAN","CDS"]],"mRNA"],[0,37267,38341,-1,"lamu_GLEAN_10002523",0.99993,"scaffold115","GLEAN",[[1,37267,38341,-1,0,"scaffold115","GLEAN","CDS"]],"mRNA"],[0,48953,50348,-1,"lamu_GLEAN_10002524",0.80053,"scaffold115","GLEAN",[[1,50299,50348,-1,0,"scaffold115","GLEAN","CDS"],[1,48953,49555,-1,2,"scaffold115","GLEAN","CDS"]],"mRNA"],[0,58116,59145,-1,"lamu_GLEAN_10002525",1,"scaffold115","GLEAN",[[1,58116,59145,-1,0,"scaffold115","GLEAN","CDS"]],"mRNA"],[0,60335,62540,-1,"lamu_GLEAN_10002526",0.711513,"scaffold115","GLEAN",[[1,62216,62540,-1,0,"scaffold115","GLEAN","CDS"],[1,60947,61038,-1,0,"scaffold115","GLEAN","CDS"],[1,60335,60490,-1,2,"scaffold115","GLEAN","CDS"]],"mRNA"],[0,65497,71262,1,"lamu_GLEAN_10002527",0.996495,"scaffold115","GLEAN",[[1,65497,65614,1,0,"scaffold115","GLEAN","CDS"],[1,67190,67307,1,0,"scaffold115","GLEAN","CDS"],[1,68497,68596,1,0,"scaffold115","GLEAN","CDS"],[1,69414,69603,1,0,"scaffold115","GLEAN","CDS"],[1,69984,70166,1,0,"scaffold115","GLEAN","CDS"],[1,70856,71262,1,1,"scaffold115","GLEAN","CDS"]],"mRNA"],[0,72590,79113,-1,"lamu_GLEAN_10002528",0.648823,"scaffold115","GLEAN",[[1,79094,79113,-1,0,"scaffold115","GLEAN","CDS"],[1,78919,79035,-1,2,"scaffold115","GLEAN","CDS"],[1,78620,78709,-1,0,"scaffold115","GLEAN","CDS"],[1,78041,78084,-1,1,"scaffold115","GLEAN","CDS"],[1,76888,77093,-1,0,"scaffold115","GLEAN","CDS"],[1,76636,76750,-1,2,"scaffold115","GLEAN","CDS"],[1,76225,76548,-1,2,"scaffold115","GLEAN","CDS"],[1,75426,75969,-1,0,"scaffold115","GLEAN","CDS"],[1,74579,75278,-1,0,"scaffold115","GLEAN","CDS"],[1,73629,74205,-1,0,"scaffold115","GLEAN","CDS"],[1,73197,73515,-1,0,"scaffold115","GLEAN","CDS"],[1,72590,72698,-1,0,"scaffold115","GLEAN","CDS"]],"mRNA"],[0,88655,96074,1,"lamu_GLEAN_10002529",0.999775,"scaffold115","GLEAN",[[1,88655,88768,1,0,"scaffold115","GLEAN","CDS"],[1,89833,89915,1,1,"scaffold115","GLEAN","CDS"],[1,90073,90164,1,0,"scaffold115","GLEAN","CDS"],[1,90267,90297,1,2,"scaffold115","GLEAN","CDS"],[1,90432,90542,1,2,"scaffold115","GLEAN","CDS"],[1,90633,90706,1,0,"scaffold115","GLEAN","CDS"],[1,90785,90906,1,2,"scaffold115","GLEAN","CDS"],[1,90995,91113,1,1,"scaffold115","GLEAN","CDS"],[1,93249,93389,1,0,"scaffold115","GLEAN","CDS"],[1,93494,93552,1,1,"scaffold115","GLEAN","CDS"],[1,95241,95312,1,0,"scaffold115","GLEAN","CDS"],[1,95533,96074,1,1,"scaffold115","GLEAN","CDS"]],"mRNA"],[0,100516,104852,-1,"lamu_GLEAN_10002530",0.999995,"scaffold115","GLEAN",[[1,104412,104852,-1,0,"scaffold115","GLEAN","CDS"],[1,103508,103812,-1,1,"scaffold115","GLEAN","CDS"],[1,102060,102525,-1,0,"scaffold115","GLEAN","CDS"],[1,100516,100591,-1,0,"scaffold115","GLEAN","CDS"]],"mRNA"],[0,111440,113124,1,"lamu_GLEAN_10002531",0.798928,"scaffold115","GLEAN",[[1,111440,111453,1,0,"scaffold115","GLEAN","CDS"],[1,111738,111806,1,2,"scaffold115","GLEAN","CDS"],[1,112821,113124,1,0,"scaffold115","GLEAN","CDS"]],"mRNA"],[0,116215,119071,-1,"lamu_GLEAN_10002532",1,"scaffold115","GLEAN",[[1,118954,119071,-1,0,"scaffold115","GLEAN","CDS"],[1,118159,118230,-1,0,"scaffold115","GLEAN","CDS"],[1,117373,117462,-1,1,"scaffold115","GLEAN","CDS"],[1,116900,117012,-1,2,"scaffold115","GLEAN","CDS"],[1,116493,116584,-1,1,"scaffold115","GLEAN","CDS"],[1,116215,116359,-1,0,"scaffold115","GLEAN","CDS"]],"mRNA"],[0,120884,124178,1,"lamu_GLEAN_10002533",1,"scaffold115","GLEAN",[[1,120884,121027,1,0,"scaffold115","GLEAN","CDS"],[1,121201,121271,1,1,"scaffold115","GLEAN","CDS"],[1,121659,122552,1,0,"scaffold115","GLEAN","CDS"],[1,122664,122923,1,1,"scaffold115","GLEAN","CDS"],[1,123003,123132,1,0,"scaffold115","GLEAN","CDS"],[1,123812,124178,1,0,"scaffold115","GLEAN","CDS"]],"mRNA"],[0,124944,125451,-1,"lamu_GLEAN_10002534",1,"scaffold115","GLEAN",[[1,124944,125451,-1,0,"scaffold115","GLEAN","CDS"]],"mRNA"],[0,126370,130127,-1,"lamu_GLEAN_10002535",0.837882,"scaffold115","GLEAN",[[1,129996,130127,-1,0,"scaffold115","GLEAN","CDS"],[1,128947,128996,-1,1,"scaffold115","GLEAN","CDS"],[1,128610,128837,-1,0,"scaffold115","GLEAN","CDS"],[1,127672,127871,-1,1,"scaffold115","GLEAN","CDS"],[1,127430,127574,-1,0,"scaffold115","GLEAN","CDS"],[1,126863,126938,-1,0,"scaffold115","GLEAN","CDS"],[1,126370,126532,-1,0,"scaffold115","GLEAN","CDS"]],"mRNA"],[0,139882,147523,1,"lamu_GLEAN_10002536",0.998792,"scaffold115","GLEAN",[[1,139882,139962,1,0,"scaffold115","GLEAN","CDS"],[1,140657,140796,1,1,"scaffold115","GLEAN","CDS"],[1,141121,141217,1,0,"scaffold115","GLEAN","CDS"],[1,141454,141596,1,0,"scaffold115","GLEAN","CDS"],[1,143254,143349,1,2,"scaffold115","GLEAN","CDS"],[1,143535,143697,1,0,"scaffold115","GLEAN","CDS"],[1,144516,144597,1,0,"scaffold115","GLEAN","CDS"],[1,144682,144904,1,0,"scaffold115","GLEAN","CDS"],[1,145072,145207,1,0,"scaffold115","GLEAN","CDS"],[1,146499,146580,1,0,"scaffold115","GLEAN","CDS"],[1,146753,146840,1,0,"scaffold115","GLEAN","CDS"],[1,146945,147053,1,0,"scaffold115","GLEAN","CDS"],[1,147295,147523,1,0,"scaffold115","GLEAN","CDS"]],"mRNA"],[0,149341,153254,-1,"lamu_GLEAN_10002537",1,"scaffold115","GLEAN",[[1,153137,153254,-1,0,"scaffold115","GLEAN","CDS"],[1,151733,152254,-1,0,"scaffold115","GLEAN","CDS"],[1,151553,151626,-1,1,"scaffold115","GLEAN","CDS"],[1,150750,150831,-1,0,"scaffold115","GLEAN","CDS"],[1,150587,150651,-1,0,"scaffold115","GLEAN","CDS"],[1,149720,149808,-1,2,"scaffold115","GLEAN","CDS"],[1,149520,149605,-1,1,"scaffold115","GLEAN","CDS"],[1,149341,149425,-1,0,"scaffold115","GLEAN","CDS"]],"mRNA"],[0,159133,161487,1,"lamu_GLEAN_10002538",0.999995,"scaffold115","GLEAN",[[1,159133,159209,1,0,"scaffold115","GLEAN","CDS"],[1,159929,160075,1,2,"scaffold115","GLEAN","CDS"],[1,160297,160516,1,0,"scaffold115","GLEAN","CDS"],[1,160869,161082,1,0,"scaffold115","GLEAN","CDS"],[1,161190,161487,1,0,"scaffold115","GLEAN","CDS"]],"mRNA"],[0,162467,165821,-1,"lamu_GLEAN_10002539",0.906602,"scaffold115","GLEAN",[[1,165686,165821,-1,0,"scaffold115","GLEAN","CDS"],[1,165499,165573,-1,0,"scaffold115","GLEAN","CDS"],[1,163690,163817,-1,1,"scaffold115","GLEAN","CDS"],[1,163263,163578,-1,0,"scaffold115","GLEAN","CDS"],[1,162467,162740,-1,0,"scaffold115","GLEAN","CDS"]],"mRNA"],[0,167660,168263,-1,"lamu_GLEAN_10002540",0.906398,"scaffold115","GLEAN",[[1,167660,168263,-1,0,"scaffold115","GLEAN","CDS"]],