{"featureCount":8,"formatVersion":1,"histograms":{"meta":[{"arrayParams":{"chunkSize":10000,"length":2,"urlTemplate":"hist-200000-{Chunk}.json"},"basesPerBin":"200000"}],"stats":[{"basesPerBin":"200000","max":6,"mean":4}]},"intervals":{"classes":[{"attributes":["Start","End","Strand","Id","Score","Seq_id","Source","Subfeatures","Type"],"isArrayAttr":{"Subfeatures":1}},{"attributes":["Start","End","Strand","Phase","Seq_id","Source","Type"],"isArrayAttr":{}},{"attributes":["Start","End","Chunk"],"isArrayAttr":{"Sublist":1}}],"count":8,"lazyClass":2,"maxEnd":320082,"minStart":83900,"nclist":[[0,83900,89353,-1,"lamu_GLEAN_10001904",0.472604,"scaffold147","GLEAN",[[1,89003,89353,-1,0,"scaffold147","GLEAN","CDS"],[1,88784,88872,-1,1,"scaffold147","GLEAN","CDS"],[1,87405,87533,-1,0,"scaffold147","GLEAN","CDS"],[1,86894,87250,-1,1,"scaffold147","GLEAN","CDS"],[1,86605,86769,-1,2,"scaffold147","GLEAN","CDS"],[1,85658,85739,-1,0,"scaffold147","GLEAN","CDS"],[1,85412,85579,-1,0,"scaffold147","GLEAN","CDS"],[1,85200,85306,-1,1,"scaffold147","GLEAN","CDS"],[1,84861,85112,-1,0,"scaffold147","GLEAN","CDS"],[1,84576,84778,-1,1,"scaffold147","GLEAN","CDS"],[1,83900,84269,-1,0,"scaffold147","GLEAN","CDS"]],"mRNA"],[0,114046,114361,1,"lamu_GLEAN_10001905",0.999034,"scaffold147","GLEAN",[[1,114046,114361,1,0,"scaffold147","GLEAN","CDS"]],"mRNA"],[0,134198,136406,1,"lamu_GLEAN_10001906",0.497448,"scaffold147","GLEAN",[[1,134198,134583,1,0,"scaffold147","GLEAN","CDS"],[1,134762,134870,1,2,"scaffold147","GLEAN","CDS"],[1,134962,135081,1,2,"scaffold147","GLEAN","CDS"],[1,135177,135237,1,0,"scaffold147","GLEAN","CDS"],[1,135354,135609,1,0,"scaffold147","GLEAN","CDS"],[1,135727,135834,1,0,"scaffold147","GLEAN","CDS"],[1,135918,136005,1,1,"scaffold147","GLEAN","CDS"],[1,136156,136406,1,1,"scaffold147","GLEAN","CDS"]],"mRNA"],[0,143005,143771,1,"lamu_GLEAN_10001907",0.775544,"scaffold147","GLEAN",[[1,143005,143116,1,0,"scaffold147","GLEAN","CDS"],[1,143212,143437,1,0,"scaffold147","GLEAN","CDS"],[1,143699,143771,1,0,"scaffold147","GLEAN","CDS"]],"mRNA"],[0,159738,161799,1,"lamu_GLEAN_10001908",0.3029,"scaffold147","GLEAN",[[1,159738,159916,1,0,"scaffold147","GLEAN","CDS"],[1,160112,160220,1,2,"scaffold147","GLEAN","CDS"],[1,160312,160347,1,2,"scaffold147","GLEAN","CDS"],[1,160733,160988,1,0,"scaffold147","GLEAN","CDS"],[1,161109,161216,1,0,"scaffold147","GLEAN","CDS"],[1,161307,161397,1,1,"scaffold147","GLEAN","CDS"],[1,161549,161799,1,1,"scaffold147","GLEAN","CDS"]],"mRNA"],[0,182710,190574,-1,"lamu_GLEAN_10001909",0.999999,"scaffold147","GLEAN",[[1,190376,190574,-1,0,"scaffold147","GLEAN","CDS"],[1,189630,189757,-1,0,"scaffold147","GLEAN","CDS"],[1,188888,189019,-1,2,"scaffold147","GLEAN","CDS"],[1,188200,188302,-1,0,"scaffold147","GLEAN","CDS"],[1,188046,188130,-1,0,"scaffold147","GLEAN","CDS"],[1,187153,187381,-1,0,"scaffold147","GLEAN","CDS"],[1,186720,186911,-1,0,"scaffold147","GLEAN","CDS"],[1,186483,186588,-1,1,"scaffold147","GLEAN","CDS"],[1,186039,186348,-1,1,"scaffold147","GLEAN","CDS"],[1,184913,185071,-1,1,"scaffold147","GLEAN","CDS"],[1,184695,184802,-1,2,"scaffold147","GLEAN","CDS"],[1,183444,183501,-1,0,"scaffold147","GLEAN","CDS"],[1,182710,182929,-1,0,"scaffold147","GLEAN","CDS"]],"mRNA"],[0,230905,236945,1,"lamu_GLEAN_10001910",0.990341,"scaffold147","GLEAN",[[1,230905,231318,1,0,"scaffold147","GLEAN","CDS"],[1,234438,234784,1,1,"scaffold147","GLEAN","CDS"],[1,234898,235178,1,0,"scaffold147","GLEAN","CDS"],[1,236757,236945,1,2,"scaffold147","GLEAN","CDS"]],"mRNA"],[0,318161,320082,-1,"lamu_GLEAN_10001911",0.997629,"scaffold147","GLEAN",[[1,319799,320082,-1,0,"scaffold147","GLEAN","CDS"],[1,318930,318995,-1,2,"scaffold147","GLEAN","CDS"],[1,318778,318839,-1,0,"scaffold147","GLEAN","CDS"],[1,318528,318675,-1,2,"scaffold147","GLEAN","CDS"],[1,318161,318286,-1,2,"scaffold147","GLEAN","CDS"]],"mRNA"]],"urlTemplate":"lf-{Chunk}.json"}}