{"featureCount":23,"formatVersion":1,"histograms":{"meta":[{"arrayParams":{"chunkSize":10000,"length":7,"urlTemplate":"hist-100000-{Chunk}.json"},"basesPerBin":"100000"}],"stats":[{"basesPerBin":"100000","max":5,"mean":3.28571428571429}]},"intervals":{"classes":[{"attributes":["Start","End","Strand","Id","Score","Seq_id","Source","Subfeatures","Type"],"isArrayAttr":{"Subfeatures":1}},{"attributes":["Start","End","Strand","Phase","Seq_id","Source","Type"],"isArrayAttr":{}},{"attributes":["Start","End","Chunk"],"isArrayAttr":{"Sublist":1}}],"count":23,"lazyClass":2,"maxEnd":651249,"minStart":11270,"nclist":[[0,11270,18664,1,"lamu_GLEAN_10003603",1,"scaffold89","GLEAN",[[1,11270,11285,1,0,"scaffold89","GLEAN","CDS"],[1,11403,11664,1,0,"scaffold89","GLEAN","CDS"],[1,11756,11882,1,0,"scaffold89","GLEAN","CDS"],[1,11970,12174,1,0,"scaffold89","GLEAN","CDS"],[1,13272,13442,1,0,"scaffold89","GLEAN","CDS"],[1,13529,13665,1,1,"scaffold89","GLEAN","CDS"],[1,14233,14350,1,0,"scaffold89","GLEAN","CDS"],[1,14459,14579,1,0,"scaffold89","GLEAN","CDS"],[1,14721,14820,1,0,"scaffold89","GLEAN","CDS"],[1,14903,14993,1,0,"scaffold89","GLEAN","CDS"],[1,16214,16302,1,0,"scaffold89","GLEAN","CDS"],[1,16577,16666,1,2,"scaffold89","GLEAN","CDS"],[1,16775,16850,1,0,"scaffold89","GLEAN","CDS"],[1,18565,18664,1,0,"scaffold89","GLEAN","CDS"]],"mRNA"],[0,19816,26140,-1,"lamu_GLEAN_10003604",0.996186,"scaffold89","GLEAN",[[1,26031,26140,-1,0,"scaffold89","GLEAN","CDS"],[1,24746,24888,-1,2,"scaffold89","GLEAN","CDS"],[1,24508,24599,-1,1,"scaffold89","GLEAN","CDS"],[1,24325,24403,-1,0,"scaffold89","GLEAN","CDS"],[1,23342,23423,-1,0,"scaffold89","GLEAN","CDS"],[1,23167,23257,-1,0,"scaffold89","GLEAN","CDS"],[1,20739,20805,-1,0,"scaffold89","GLEAN","CDS"],[1,20399,20462,-1,0,"scaffold89","GLEAN","CDS"],[1,19991,20078,-1,0,"scaffold89","GLEAN","CDS"],[1,19816,19909,-1,0,"scaffold89","GLEAN","CDS"]],"mRNA"],[0,48027,57266,-1,"lamu_GLEAN_10003605",0.922532,"scaffold89","GLEAN",[[1,57223,57266,-1,0,"scaffold89","GLEAN","CDS"],[1,52498,52596,-1,2,"scaffold89","GLEAN","CDS"],[1,51619,51816,-1,0,"scaffold89","GLEAN","CDS"],[1,48027,48298,-1,1,"scaffold89","GLEAN","CDS"]],"mRNA"],[0,59991,65876,-1,"lamu_GLEAN_10003606",0.676091,"scaffold89","GLEAN",[[1,65296,65876,-1,0,"scaffold89","GLEAN","CDS"],[1,60823,60936,-1,2,"scaffold89","GLEAN","CDS"],[1,60099,60207,-1,0,"scaffold89","GLEAN","CDS"],[1,59991,60030,-1,0,"scaffold89","GLEAN","CDS"]],"mRNA"],[0,87444,92303,1,"lamu_GLEAN_10003607",1,"scaffold89","GLEAN",[[1,87444,87528,1,0,"scaffold89","GLEAN","CDS"],[1,87765,87833,1,0,"scaffold89","GLEAN","CDS"],[1,88475,88548,1,1,"scaffold89","GLEAN","CDS"],[1,89749,89865,1,0,"scaffold89","GLEAN","CDS"],[1,89976,90081,1,1,"scaffold89","GLEAN","CDS"],[1,91332,91432,1,1,"scaffold89","GLEAN","CDS"],[1,92126,92303,1,0,"scaffold89","GLEAN","CDS"]],"mRNA"],[0,119329,120988,1,"lamu_GLEAN_10003608",1,"scaffold89","GLEAN",[[1,119329,120988,1,0,"scaffold89","GLEAN","CDS"]],"mRNA"],[0,143539,144901,1,"lamu_GLEAN_10003609",1,"scaffold89","GLEAN",[[1,143539,143834,1,0,"scaffold89","GLEAN","CDS"],[1,143931,144582,1,2,"scaffold89","GLEAN","CDS"],[1,144674,144901,1,2,"scaffold89","GLEAN","CDS"]],"mRNA"],[0,145406,146435,1,"lamu_GLEAN_10003610",1,"scaffold89","GLEAN",[[1,145406,146435,1,0,"scaffold89","GLEAN","CDS"]],"mRNA"],[0,165714,167068,-1,"lamu_GLEAN_10003611",0.999776,"scaffold89","GLEAN",[[1,166683,167068,-1,0,"scaffold89","GLEAN","CDS"],[1,166005,166059,-1,2,"scaffold89","GLEAN","CDS"],[1,165714,165851,-1,2,"scaffold89","GLEAN","CDS"]],"mRNA"],[0,180499,191466,1,"lamu_GLEAN_10003612",0.696478,"scaffold89","GLEAN",[[1,180499,180595,1,0,"scaffold89","GLEAN","CDS"],[1,180940,181091,1,0,"scaffold89","GLEAN","CDS"],[1,181180,181258,1,2,"scaffold89","GLEAN","CDS"],[1,181480,181596,1,2,"scaffold89","GLEAN","CDS"],[1,182141,182195,1,0,"scaffold89","GLEAN","CDS"],[1,182590,182678,1,0,"scaffold89","GLEAN","CDS"],[1,182811,182904,1,2,"scaffold89","GLEAN","CDS"],[1,184669,184752,1,2,"scaffold89","GLEAN","CDS"],[1,184855,184896,1,0,"scaffold89","GLEAN","CDS"],[1,184968,185137,1,1,"scaffold89","GLEAN","CDS"],[1,185770,185945,1,0,"scaffold89","GLEAN","CDS"],[1,186079,186333,1,2,"scaffold89","GLEAN","CDS"],[1,190045,190099,1,0,"scaffold89","GLEAN","CDS"],[1,190243,190407,1,0,"scaffold89","GLEAN","CDS"],[1,191120,191190,1,1,"scaffold89","GLEAN","CDS"],[1,191427,191466,1,0,"scaffold89","GLEAN","CDS"]],"mRNA"],[0,204150,205084,1,"lamu_GLEAN_10003613",0.938062,"scaffold89","GLEAN",[[1,204150,204180,1,0,"scaffold89","GLEAN","CDS"],[1,204958,205084,1,0,"scaffold89","GLEAN","CDS"]],"mRNA"],[0,231265,231640,1,"lamu_GLEAN_10003614",0.761503,"scaffold89","GLEAN",[[1,231265,231358,1,0,"scaffold89","GLEAN","CDS"],[1,231520,231640,1,0,"scaffold89","GLEAN","CDS"]],"mRNA"],[0,249212,249641,1,"lamu_GLEAN_10003615",0.966528,"scaffold89","GLEAN",[[1,249212,249245,1,0,"scaffold89","GLEAN","CDS"],[1,249608,249641,1,0,"scaffold89","GLEAN","CDS"]],"mRNA"],[0,253083,264637,-1,"lamu_GLEAN_10003616",0.365591,"scaffold89","GLEAN",[[1,264203,264637,-1,0,"scaffold89","GLEAN","CDS"],[1,261945,262055,-1,1,"scaffold89","GLEAN","CDS"],[1,261098,261156,-1,2,"scaffold89","GLEAN","CDS"],[1,259179,259254,-1,1,"scaffold89","GLEAN","CDS"],[1,259016,259091,-1,1,"scaffold89","GLEAN","CDS"],[1,258894,258942,-1,1,"scaffold89","GLEAN","CDS"],[1,258676,258745,-1,1,"scaffold89","GLEAN","CDS"],[1,258115,258575,-1,1,"scaffold89","GLEAN","CDS"],[1,257764,258048,-1,0,"scaffold89","GLEAN","CDS"],[1,257630,257679,-1,1,"scaffold89","GLEAN","CDS"],[1,254410,254688,-1,0,"scaffold89","GLEAN","CDS"],[1,254143,254323,-1,1,"scaffold89","GLEAN","CDS"],[1,253083,253144,-1,1,"scaffold89","GLEAN","CDS"]],"mRNA"],[0,300157,306384,1,"lamu_GLEAN_10003617",0.997373,"scaffold89","GLEAN",[[1,300157,300305,1,0,"scaffold89","GLEAN","CDS"],[1,301793,301874,1,2,"scaffold89","GLEAN","CDS"],[1,305255,305583,1,2,"scaffold89","GLEAN","CDS"],[1,306179,306384,1,1,"scaffold89","GLEAN","CDS"]],"mRNA"],[0,324867,330039,1,"lamu_GLEAN_10003618",0.996543,"scaffold89","GLEAN",[[1,324867,324982,1,0,"scaffold89","GLEAN","CDS"],[1,325614,325811,1,2,"scaffold89","GLEAN","CDS"],[1,328502,328583,1,0,"scaffold89","GLEAN","CDS"],[1,328773,329055,1,0,"scaffold89","GLEAN","CDS"],[1,329607,329682,1,0,"scaffold89","GLEAN","CDS"],[1,329760,330039,1,0,"scaffold89","GLEAN","CDS"]],"mRNA"],[0,366579,374845,1,"lamu_GLEAN_10003619",0.999776,"scaffold89","GLEAN",[[1,366579,367696,1,0,"scaffold89","GLEAN","CDS"],[1,368076,368148,1,2,"scaffold89","GLEAN","CDS"],[1,369025,369237,1,2,"scaffold89","GLEAN","CDS"],[1,370887,371111,1,0,"scaffold89","GLEAN","CDS"],[1,373998,374845,1,1,"scaffold89","GLEAN","CDS"]],"mRNA"],[0,421643,422441,-1,"lamu_GLEAN_10003620",1,"scaffold89","GLEAN",[[1,421643,422441,-1,0,"scaffold89","GLEAN","CDS"]],"mRNA"],[0,428720,429062,-1,"lamu_GLEAN_10003621",0.709432,"scaffold89","GLEAN",[[1,428720,429062,-1,0,"scaffold89","GLEAN","CDS"]],"mRNA"],[0,476720,482771,-1,"lamu_GLEAN_10003622",0.589269,"scaffold89","GLEAN",[[1,481870,482771,-1,0,"scaffold89","GLEAN","CDS"],[1,479301,480864,-1,2,"scaffold89","GLEAN","CDS"],[1,476720,477310,-1,2,"scaffold89","GLEAN","CDS"]],"mRNA"],[0,561629,563477,-1,"lamu_GLEAN_10003623",0.995774,"scaffold89","GLEAN",[[1,561629,563477,-1,0,"scaffold89","GLEAN","CDS"]],"mRNA"],[0,635793,643478,1,"lamu_GLEAN_10003624",0.439125,"scaffold89","GLEAN",[[1,635793,635903,1,0,"scaffold89","GLEAN","CDS"],[1,638513,638595,1,1,"scaffold89","GLEAN","CDS"],[1,638833,638924,1,0,"scaffold89","GLEAN","CDS"],[1,639022,639071,1,2,"scaffold89","GLEAN","CDS"],[1,639162,639280,1,1,"scaffold89","GLEAN","CDS"],[1,639431,639504,1,0,"scaffold89","GLEAN","CDS"],[1,639586,639707,1,2,"scaffold89","GLEAN","CDS"],[1,639972,640090,1,1,"scaffold89","GLEAN","CDS"],[1,641524,641664,1,0,"scaffold89","GLEAN","CDS"],[1,641778,641836,1,1,"scaffold89","GLEAN","CDS"],[1,642755,642826,1,0,"scaffold89","GLEAN","CDS"],[1,642940,643478,1,1,"scaffold89","GLEAN","CDS"]],