{"featureCount":19,"formatVersion":1,"histograms":{"meta":[{"arrayParams":{"chunkSize":10000,"length":5,"urlTemplate":"hist-100000-{Chunk}.json"},"basesPerBin":"100000"}],"stats":[{"basesPerBin":"100000","max":7,"mean":4.2}]},"intervals":{"classes":[{"attributes":["Start","End","Strand","Id","Score","Seq_id","Source","Subfeatures","Type"],"isArrayAttr":{"Subfeatures":1}},{"attributes":["Start","End","Strand","Phase","Seq_id","Source","Type"],"isArrayAttr":{}},{"attributes":["Start","End","Chunk"],"isArrayAttr":{"Sublist":1}}],"count":19,"lazyClass":2,"maxEnd":424756,"minStart":79695,"nclist":[[0,79695,86334,-1,"lamu_GLEAN_10002295",0.993585,"scaffold123","GLEAN",[[1,86048,86334,-1,0,"scaffold123","GLEAN","CDS"],[1,85787,85886,-1,2,"scaffold123","GLEAN","CDS"],[1,81766,81885,-1,2,"scaffold123","GLEAN","CDS"],[1,79695,81666,-1,0,"scaffold123","GLEAN","CDS"]],"mRNA"],[0,105549,108859,1,"lamu_GLEAN_10002296",0.999999,"scaffold123","GLEAN",[[1,105549,105876,1,0,"scaffold123","GLEAN","CDS"],[1,107571,108577,1,0,"scaffold123","GLEAN","CDS"],[1,108653,108859,1,2,"scaffold123","GLEAN","CDS"]],"mRNA"],[0,109674,113063,-1,"lamu_GLEAN_10002297",0.67179,"scaffold123","GLEAN",[[1,112884,113063,-1,0,"scaffold123","GLEAN","CDS"],[1,112565,112713,-1,1,"scaffold123","GLEAN","CDS"],[1,112151,112249,-1,0,"scaffold123","GLEAN","CDS"],[1,111854,112075,-1,1,"scaffold123","GLEAN","CDS"],[1,111241,111685,-1,2,"scaffold123","GLEAN","CDS"],[1,110976,111125,-1,2,"scaffold123","GLEAN","CDS"],[1,110667,110871,-1,0,"scaffold123","GLEAN","CDS"],[1,110192,110342,-1,0,"scaffold123","GLEAN","CDS"],[1,109674,109914,-1,0,"scaffold123","GLEAN","CDS"]],"mRNA"],[0,168098,170012,1,"lamu_GLEAN_10002298",0.99993,"scaffold123","GLEAN",[[1,168098,168184,1,0,"scaffold123","GLEAN","CDS"],[1,168299,168416,1,1,"scaffold123","GLEAN","CDS"],[1,168575,168654,1,1,"scaffold123","GLEAN","CDS"],[1,169212,169333,1,0,"scaffold123","GLEAN","CDS"],[1,169624,169738,1,2,"scaffold123","GLEAN","CDS"],[1,169848,170012,1,2,"scaffold123","GLEAN","CDS"]],"mRNA"],[0,179564,180447,-1,"lamu_GLEAN_10002299",0.995166,"scaffold123","GLEAN",[[1,180234,180447,-1,0,"scaffold123","GLEAN","CDS"],[1,179564,179921,-1,0,"scaffold123","GLEAN","CDS"]],"mRNA"],[0,205550,206264,-1,"lamu_GLEAN_10002300",1,"scaffold123","GLEAN",[[1,206162,206264,-1,0,"scaffold123","GLEAN","CDS"],[1,205550,205754,-1,0,"scaffold123","GLEAN","CDS"]],"mRNA"],[0,271758,273726,1,"lamu_GLEAN_10002301",1,"scaffold123","GLEAN",[[1,271758,273726,1,0,"scaffold123","GLEAN","CDS"]],"mRNA"],[0,276561,281213,-1,"lamu_GLEAN_10002302",0.997715,"scaffold123","GLEAN",[[1,281048,281213,-1,0,"scaffold123","GLEAN","CDS"],[1,280798,280894,-1,0,"scaffold123","GLEAN","CDS"],[1,280640,280709,-1,0,"scaffold123","GLEAN","CDS"],[1,280345,280450,-1,0,"scaffold123","GLEAN","CDS"],[1,280198,280255,-1,0,"scaffold123","GLEAN","CDS"],[1,279905,280106,-1,0,"scaffold123","GLEAN","CDS"],[1,279088,279181,-1,0,"scaffold123","GLEAN","CDS"],[1,278904,279004,-1,0,"scaffold123","GLEAN","CDS"],[1,278376,278476,-1,2,"scaffold123","GLEAN","CDS"],[1,277017,277103,-1,1,"scaffold123","GLEAN","CDS"],[1,276561,276731,-1,2,"scaffold123","GLEAN","CDS"]],"mRNA"],[0,286055,301007,1,"lamu_GLEAN_10002303",0.867019,"scaffold123","GLEAN",[[1,286055,286302,1,0,"scaffold123","GLEAN","CDS"],[1,286405,286446,1,2,"scaffold123","GLEAN","CDS"],[1,286848,286941,1,0,"scaffold123","GLEAN","CDS"],[1,287284,287359,1,0,"scaffold123","GLEAN","CDS"],[1,287648,287891,1,0,"scaffold123","GLEAN","CDS"],[1,288303,288353,1,0,"scaffold123","GLEAN","CDS"],[1,293576,293646,1,1,"scaffold123","GLEAN","CDS"],[1,293904,294006,1,0,"scaffold123","GLEAN","CDS"],[1,294075,294128,1,0,"scaffold123","GLEAN","CDS"],[1,294986,295131,1,1,"scaffold123","GLEAN","CDS"],[1,295259,295344,1,0,"scaffold123","GLEAN","CDS"],[1,300446,300575,1,2,"scaffold123","GLEAN","CDS"],[1,300825,301007,1,2,"scaffold123","GLEAN","CDS"]],"mRNA"],[0,314170,315391,-1,"lamu_GLEAN_10002304",0.518951,"scaffold123","GLEAN",[[1,314170,315391,-1,0,"scaffold123","GLEAN","CDS"]],"mRNA"],[0,341431,351015,1,"lamu_GLEAN_10002305",0.996012,"scaffold123","GLEAN",[[1,341431,341649,1,0,"scaffold123","GLEAN","CDS"],[1,342029,342144,1,1,"scaffold123","GLEAN","CDS"],[1,342274,342478,1,0,"scaffold123","GLEAN","CDS"],[1,343542,343680,1,0,"scaffold123","GLEAN","CDS"],[1,343833,343995,1,0,"scaffold123","GLEAN","CDS"],[1,344128,344323,1,0,"scaffold123","GLEAN","CDS"],[1,346429,346530,1,0,"scaffold123","GLEAN","CDS"],[1,348642,348715,1,1,"scaffold123","GLEAN","CDS"],[1,348784,348813,1,0,"scaffold123","GLEAN","CDS"],[1,348912,349036,1,1,"scaffold123","GLEAN","CDS"],[1,349882,349993,1,0,"scaffold123","GLEAN","CDS"],[1,350910,351015,1,0,"scaffold123","GLEAN","CDS"]],"mRNA"],[0,380781,387245,1,"lamu_GLEAN_10002306",0.999995,"scaffold123","GLEAN",[[1,380781,380988,1,0,"scaffold123","GLEAN","CDS"],[1,381230,381364,1,0,"scaffold123","GLEAN","CDS"],[1,381527,381687,1,1,"scaffold123","GLEAN","CDS"],[1,382467,382654,1,0,"scaffold123","GLEAN","CDS"],[1,383288,383434,1,2,"scaffold123","GLEAN","CDS"],[1,383509,383582,1,0,"scaffold123","GLEAN","CDS"],[1,383709,383773,1,2,"scaffold123","GLEAN","CDS"],[1,385177,385277,1,1,"scaffold123","GLEAN","CDS"],[1,386772,386931,1,0,"scaffold123","GLEAN","CDS"],[1,387074,387245,1,0,"scaffold123","GLEAN","CDS"]],"mRNA"],[0,389345,390554,1,"lamu_GLEAN_10002307",1,"scaffold123","GLEAN",[[1,389345,389839,1,0,"scaffold123","GLEAN","CDS"],[1,389980,390554,1,1,"scaffold123","GLEAN","CDS"]],"mRNA"],[0,391228,397485,-1,"lamu_GLEAN_10002308",0.994608,"scaffold123","GLEAN",[[1,397419,397485,-1,0,"scaffold123","GLEAN","CDS"],[1,396741,396819,-1,0,"scaffold123","GLEAN","CDS"],[1,393814,393895,-1,0,"scaffold123","GLEAN","CDS"],[1,393282,393360,-1,0,"scaffold123","GLEAN","CDS"],[1,392720,392770,-1,0,"scaffold123","GLEAN","CDS"],[1,392539,392627,-1,1,"scaffold123","GLEAN","CDS"],[1,392183,392441,-1,0,"scaffold123","GLEAN","CDS"],[1,391978,392071,-1,0,"scaffold123","GLEAN","CDS"],[1,391673,391778,-1,0,"scaffold123","GLEAN","CDS"],[1,391472,391589,-1,0,"scaffold123","GLEAN","CDS"],[1,391228,391300,-1,0,"scaffold123","GLEAN","CDS"]],"mRNA"],[0,399653,404357,1,"lamu_GLEAN_10002309",0.97647,"scaffold123","GLEAN",[[1,399653,400023,1,0,"scaffold123","GLEAN","CDS"],[1,400240,400422,1,2,"scaffold123","GLEAN","CDS"],[1,400871,401048,1,0,"scaffold123","GLEAN","CDS"],[1,401125,401368,1,0,"scaffold123","GLEAN","CDS"],[1,401474,401600,1,0,"scaffold123","GLEAN","CDS"],[1,401703,401952,1,0,"scaffold123","GLEAN","CDS"],[1,402045,402207,1,0,"scaffold123","GLEAN","CDS"],[1,402274,402456,1,0,"scaffold123","GLEAN","CDS"],[1,402547,402677,1,1,"scaffold123","GLEAN","CDS"],[1,403359,403695,1,0,"scaffold123","GLEAN","CDS"],[1,403789,404019,1,0,"scaffold123","GLEAN","CDS"],[1,404110,404357,1,1,"scaffold123","GLEAN","CDS"]],"mRNA"],[0,404996,409672,-1,"lamu_GLEAN_10002310",0.802353,"scaffold123","GLEAN",[[1,409591,409672,-1,0,"scaffold123","GLEAN","CDS"],[1,408624,408805,-1,0,"scaffold123","GLEAN","CDS"],[1,407556,407673,-1,2,"scaffold123","GLEAN","CDS"],[1,407213,407272,-1,2,"scaffold123","GLEAN","CDS"],[1,405890,406025,-1,0,"scaffold123","GLEAN","CDS"],[1,405164,405314,-1,0,"scaffold123","GLEAN","CDS"],[1,404996,405041,-1,0,"scaffold123","GLEAN","CDS"]],"mRNA"],[0,413869,418987,-1,"lamu_GLEAN_10002311",0.52685,"scaffold123","GLEAN",[[1,418636,418987,-1,0,"scaffold123","GLEAN","CDS"],[1,418082,418211,-1,0,"scaffold123","GLEAN","CDS"],[1,415719,415812,-1,0,"scaffold123","GLEAN","CDS"],[1,413869,413950,-1,0,"scaffold123","GLEAN","CDS"]],"mRNA"],[0,420601,422896,1,"lamu_GLEAN_10002312",0.89117,"scaffold123","GLEAN",[[1,420601,420788,1,0,"scaffold123","GLEAN","CDS"],[1,422252,422896,1,2,"scaffold123","GLEAN","CDS"]],"mRNA"],[0,423566,424756,-1,"lamu_GLEAN_10002313",0.510197,"scaffold123","GLEAN",[[1,424399,424756,-1,0,"scaffold123","GLEAN","CDS"],[1,424086,424211,-1,0,"scaffold123","GLEAN","CDS"],[1,423566,423732,-1,1,"scaffold123","GLEAN","CDS"]],"mRNA"]],"urlTemplate":"lf-{Chunk}.json"}}