{"featureCount":10,"formatVersion":1,"histograms":{"meta":[{"arrayParams":{"chunkSize":10000,"length":3,"urlTemplate":"hist-200000-{Chunk}.json"},"basesPerBin":"200000"}],"stats":[{"basesPerBin":"200000","max":5,"mean":3.33333333333333}]},"intervals":{"classes":[{"attributes":["Start","End","Strand","Id","Score","Seq_id","Source","Subfeatures","Type"],"isArrayAttr":{"Subfeatures":1}},{"attributes":["Start","End","Strand","Phase","Seq_id","Source","Type"],"isArrayAttr":{}},{"attributes":["Start","End","Chunk"],"isArrayAttr":{"Sublist":1}}],"count":10,"lazyClass":2,"maxEnd":540050,"minStart":123365,"nclist":[[0,123365,125726,1,"lamu_GLEAN_10002988",0.995854,"scaffold101","GLEAN",[[1,123365,123568,1,0,"scaffold101","GLEAN","CDS"],[1,123659,123765,1,1,"scaffold101","GLEAN","CDS"],[1,125588,125726,1,0,"scaffold101","GLEAN","CDS"]],"mRNA"],[0,144784,145333,1,"lamu_GLEAN_10002989",0.999631,"scaffold101","GLEAN",[[1,144784,145333,1,0,"scaffold101","GLEAN","CDS"]],"mRNA"],[0,168199,168604,1,"lamu_GLEAN_10002990",0.943435,"scaffold101","GLEAN",[[1,168199,168604,1,0,"scaffold101","GLEAN","CDS"]],"mRNA"],[0,272916,276128,1,"lamu_GLEAN_10002991",0.784393,"scaffold101","GLEAN",[[1,272916,273173,1,0,"scaffold101","GLEAN","CDS"],[1,274102,274511,1,1,"scaffold101","GLEAN","CDS"],[1,274765,274867,1,0,"scaffold101","GLEAN","CDS"],[1,275010,275151,1,0,"scaffold101","GLEAN","CDS"],[1,275987,276128,1,0,"scaffold101","GLEAN","CDS"]],"mRNA"],[0,288486,288858,-1,"lamu_GLEAN_10002992",0.999812,"scaffold101","GLEAN",[[1,288486,288858,-1,0,"scaffold101","GLEAN","CDS"]],"mRNA"],[0,424683,425540,-1,"lamu_GLEAN_10002993",0.854627,"scaffold101","GLEAN",[[1,425268,425540,-1,0,"scaffold101","GLEAN","CDS"],[1,424683,425053,-1,1,"scaffold101","GLEAN","CDS"]],"mRNA"],[0,437460,437925,1,"lamu_GLEAN_10002994",0.977284,"scaffold101","GLEAN",[[1,437460,437925,1,0,"scaffold101","GLEAN","CDS"]],"mRNA"],[0,448777,449167,1,"lamu_GLEAN_10002995",0.977284,"scaffold101","GLEAN",[[1,448777,449167,1,0,"scaffold101","GLEAN","CDS"]],"mRNA"],[0,510021,512305,-1,"lamu_GLEAN_10002996",0.693273,"scaffold101","GLEAN",[[1,511951,512305,-1,0,"scaffold101","GLEAN","CDS"],[1,510918,511598,-1,0,"scaffold101","GLEAN","CDS"],[1,510021,510280,-1,1,"scaffold101","GLEAN","CDS"]],"mRNA"],[0,537864,540050,1,"lamu_GLEAN_10002997",0.995871,"scaffold101","GLEAN",[[1,537864,538130,1,0,"scaffold101","GLEAN","CDS"],[1,539599,540050,1,1,"scaffold101","GLEAN","CDS"]],"mRNA"]],"urlTemplate":"lf-{Chunk}.json"}}