{"featureCount":38,"formatVersion":1,"histograms":{"meta":[{"arrayParams":{"chunkSize":10000,"length":13,"urlTemplate":"hist-50000-{Chunk}.json"},"basesPerBin":"50000"}],"stats":[{"basesPerBin":"50000","max":6,"mean":3.07692307692308}]},"intervals":{"classes":[{"attributes":["Start","End","Strand","Id","Score","Seq_id","Source","Subfeatures","Type"],"isArrayAttr":{"Subfeatures":1}},{"attributes":["Start","End","Strand","Phase","Seq_id","Source","Type"],"isArrayAttr":{}},{"attributes":["Start","End","Chunk"],"isArrayAttr":{"Sublist":1}}],"count":38,"lazyClass":2,"maxEnd":621369,"minStart":8486,"nclist":[[0,8486,8964,1,"lamu_GLEAN_10003273",0.980287,"scaffold100","GLEAN",[[1,8486,8583,1,0,"scaffold100","GLEAN","CDS"],[1,8683,8964,1,2,"scaffold100","GLEAN","CDS"]],"mRNA"],[0,23273,28588,-1,"lamu_GLEAN_10003274",0.675528,"scaffold100","GLEAN",[[1,26432,28588,-1,0,"scaffold100","GLEAN","CDS"],[1,24163,24471,-1,1,"scaffold100","GLEAN","CDS"],[1,23273,23674,-1,2,"scaffold100","GLEAN","CDS"]],"mRNA"],[0,34052,35962,1,"lamu_GLEAN_10003275",0.87734,"scaffold100","GLEAN",[[1,34052,34298,1,0,"scaffold100","GLEAN","CDS"],[1,34733,34844,1,0,"scaffold100","GLEAN","CDS"],[1,35000,35081,1,0,"scaffold100","GLEAN","CDS"],[1,35890,35962,1,0,"scaffold100","GLEAN","CDS"]],"mRNA"],[0,36388,37579,-1,"lamu_GLEAN_10003276",0.982477,"scaffold100","GLEAN",[[1,36388,37579,-1,0,"scaffold100","GLEAN","CDS"]],"mRNA"],[0,61203,62883,-1,"lamu_GLEAN_10003277",0.998864,"scaffold100","GLEAN",[[1,62828,62883,-1,0,"scaffold100","GLEAN","CDS"],[1,61925,62279,-1,2,"scaffold100","GLEAN","CDS"],[1,61203,61460,-1,2,"scaffold100","GLEAN","CDS"]],"mRNA"],[0,75034,80807,1,"lamu_GLEAN_10003278",0.999767,"scaffold100","GLEAN",[[1,75034,75262,1,0,"scaffold100","GLEAN","CDS"],[1,75435,75540,1,0,"scaffold100","GLEAN","CDS"],[1,78064,78133,1,0,"scaffold100","GLEAN","CDS"],[1,78583,78656,1,0,"scaffold100","GLEAN","CDS"],[1,78729,78851,1,2,"scaffold100","GLEAN","CDS"],[1,78948,79023,1,0,"scaffold100","GLEAN","CDS"],[1,79238,79661,1,0,"scaffold100","GLEAN","CDS"],[1,80243,80319,1,0,"scaffold100","GLEAN","CDS"],[1,80425,80589,1,2,"scaffold100","GLEAN","CDS"],[1,80693,80807,1,0,"scaffold100","GLEAN","CDS"]],"mRNA"],[0,83596,84340,1,"lamu_GLEAN_10003279",0.997587,"scaffold100","GLEAN",[[1,83596,84340,1,0,"scaffold100","GLEAN","CDS"]],"mRNA"],[0,98507,99206,1,"lamu_GLEAN_10003280",1,"scaffold100","GLEAN",[[1,98507,98638,1,0,"scaffold100","GLEAN","CDS"],[1,99007,99206,1,1,"scaffold100","GLEAN","CDS"]],"mRNA"],[0,100056,100764,1,"lamu_GLEAN_10003281",0.996628,"scaffold100","GLEAN",[[1,100056,100764,1,0,"scaffold100","GLEAN","CDS"]],"mRNA"],[0,115749,116649,-1,"lamu_GLEAN_10003282",1,"scaffold100","GLEAN",[[1,115749,116649,-1,0,"scaffold100","GLEAN","CDS"]],"mRNA"],[0,130790,139336,-1,"lamu_GLEAN_10003283",0.673895,"scaffold100","GLEAN",[[1,138974,139336,-1,0,"scaffold100","GLEAN","CDS"],[1,138364,138470,-1,1,"scaffold100","GLEAN","CDS"],[1,137980,138197,-1,0,"scaffold100","GLEAN","CDS"],[1,137763,137882,-1,2,"scaffold100","GLEAN","CDS"],[1,135423,135522,-1,0,"scaffold100","GLEAN","CDS"],[1,134863,134917,-1,0,"scaffold100","GLEAN","CDS"],[1,134686,134785,-1,0,"scaffold100","GLEAN","CDS"],[1,132063,132117,-1,0,"scaffold100","GLEAN","CDS"],[1,131886,131985,-1,0,"scaffold100","GLEAN","CDS"],[1,131546,131692,-1,0,"scaffold100","GLEAN","CDS"],[1,131237,131286,-1,1,"scaffold100","GLEAN","CDS"],[1,130790,131165,-1,0,"scaffold100","GLEAN","CDS"]],"mRNA"],[0,147223,163751,1,"lamu_GLEAN_10003284",0.77317,"scaffold100","GLEAN",[[1,147223,147281,1,0,"scaffold100","GLEAN","CDS"],[1,147366,147422,1,2,"scaffold100","GLEAN","CDS"],[1,148503,148611,1,0,"scaffold100","GLEAN","CDS"],[1,148693,148809,1,0,"scaffold100","GLEAN","CDS"],[1,149371,149438,1,1,"scaffold100","GLEAN","CDS"],[1,149742,149784,1,0,"scaffold100","GLEAN","CDS"],[1,151490,151532,1,0,"scaffold100","GLEAN","CDS"],[1,152128,152205,1,0,"scaffold100","GLEAN","CDS"],[1,152479,152606,1,1,"scaffold100","GLEAN","CDS"],[1,152683,152851,1,0,"scaffold100","GLEAN","CDS"],[1,153862,153991,1,0,"scaffold100","GLEAN","CDS"],[1,154079,154181,1,0,"scaffold100","GLEAN","CDS"],[1,154315,154447,1,0,"scaffold100","GLEAN","CDS"],[1,156275,156350,1,0,"scaffold100","GLEAN","CDS"],[1,157226,157334,1,0,"scaffold100","GLEAN","CDS"],[1,162243,162339,1,0,"scaffold100","GLEAN","CDS"],[1,162443,162527,1,0,"scaffold100","GLEAN","CDS"],[1,163457,163522,1,0,"scaffold100","GLEAN","CDS"],[1,163651,163751,1,1,"scaffold100","GLEAN","CDS"]],"mRNA"],[0,165230,166440,-1,"lamu_GLEAN_10003285",0.999999,"scaffold100","GLEAN",[[1,166359,166440,-1,0,"scaffold100","GLEAN","CDS"],[1,165496,165633,-1,0,"scaffold100","GLEAN","CDS"],[1,165230,165405,-1,1,"scaffold100","GLEAN","CDS"]],"mRNA"],[0,181464,190192,1,"lamu_GLEAN_10003286",0.291411,"scaffold100","GLEAN",[[1,181464,181963,1,0,"scaffold100","GLEAN","CDS"],[1,182396,182494,1,2,"scaffold100","GLEAN","CDS"],[1,182596,182767,1,0,"scaffold100","GLEAN","CDS"],[1,184764,184865,1,0,"scaffold100","GLEAN","CDS"],[1,185848,185984,1,1,"scaffold100","GLEAN","CDS"],[1,186230,186281,1,0,"scaffold100","GLEAN","CDS"],[1,186417,186705,1,0,"scaffold100","GLEAN","CDS"],[1,187756,187991,1,0,"scaffold100","GLEAN","CDS"],[1,189439,189526,1,2,"scaffold100","GLEAN","CDS"],[1,189616,189726,1,2,"scaffold100","GLEAN","CDS"],[1,189883,190192,1,0,"scaffold100","GLEAN","CDS"]],"mRNA"],[0,197872,199183,1,"lamu_GLEAN_10003287",1,"scaffold100","GLEAN",[[1,197872,199183,1,0,"scaffold100","GLEAN","CDS"]],"mRNA"],[0,225938,226393,1,"lamu_GLEAN_10003288",0.99968,"scaffold100","GLEAN",[[1,225938,226029,1,0,"scaffold100","GLEAN","CDS"],[1,226103,226180,1,2,"scaffold100","GLEAN","CDS"],[1,226282,226393,1,0,"scaffold100","GLEAN","CDS"]],"mRNA"],[0,237744,238692,1,"lamu_GLEAN_10003289",0.999776,"scaffold100","GLEAN",[[1,237744,238692,1,0,"scaffold100","GLEAN","CDS"]],"mRNA"],[0,251901,252209,-1,"lamu_GLEAN_10003290",0.974992,"scaffold100","GLEAN",[[1,252053,252209,-1,0,"scaffold100","GLEAN","CDS"],[1,251901,251949,-1,0,"scaffold100","GLEAN","CDS"]],"mRNA"],[0,267996,273914,1,"lamu_GLEAN_10003291",0.997786,"scaffold100","GLEAN",[[1,267996,268120,1,0,"scaffold100","GLEAN","CDS"],[1,269139,269214,1,2,"scaffold100","GLEAN","CDS"],[1,269290,269510,1,2,"scaffold100","GLEAN","CDS"],[1,270035,270099,1,1,"scaffold100","GLEAN","CDS"],[1,271424,271517,1,0,"scaffold100","GLEAN","CDS"],[1,271608,271717,1,0,"scaffold100","GLEAN","CDS"],[1,271865,271915,1,2,"scaffold100","GLEAN","CDS"],[1,271998,272089,1,0,"scaffold100","GLEAN","CDS"],[1,272622,272693,1,2,"scaffold100","GLEAN","CDS"],[1,272936,273035,1,0,"scaffold100","GLEAN","CDS"],[1,273641,273708,1,0,"scaffold100","GLEAN","CDS"],[1,273831,273914,1,2,"scaffold100","GLEAN","CDS"]],"mRNA"],[0,275941,279754,1,"lamu_GLEAN_10003292",0.574924,"scaffold100","GLEAN",[[1,275941,276643,1,0,"scaffold100","GLEAN","CDS"],[1,277112,277278,1,0,"scaffold100","GLEAN","CDS"],[1,277411,277623,1,2,"scaffold100","GLEAN","CDS"],[1,277711,277792,1,0,"scaffold100","GLEAN","CDS"],[1,278227,278721,1,0,"scaffold100","GLEAN","CDS"],[1,278811,278860,1,1,"scaffold100","GLEAN","CDS"],[1,279427,279754,1,0,"scaffold100","GLEAN","CDS"]],"mRNA"],[0,280438,283275,-1,"lamu_GLEAN_10003293",0.840466,"scaffold100","GLEAN",[[1,283092,283275,-1,0,"scaffold100","GLEAN","CDS"],[1,282816,282952,-1,0,"scaffold100","GLEAN","CDS"],[1,281972,282040,-1,2,"scaffold100","GLEAN","CDS"],[1,281782,281869,-1,0,"scaffold100","GLEAN","CDS"],[1,280876,280980,-1,0,"scaffold100","GLEAN","CDS"],[1,280633,280703,-1,1,"scaffold100","GLEAN","CDS"],[1,280438,280519,-1,0,"scaffold100","GLEAN","CDS"]],"mRNA"],[0,284433,287222,-1,"lamu_GLEAN_10003294",0.997484,"scaffold100","GLEAN",[[1,285522,287222,-1,0,"scaffold100","GLEAN","CDS"],[1,284433,285292,-1,1,"scaffold100","GLEAN","CDS"]],"mRNA"],[0,296045,299684,1,"lamu_GLEAN_10003295",0.999369,"scaffold100","GLEAN",[[1,296045,296569,1,0,"scaffold100","GLEAN","CDS"],[1,298888,299684,1,1,"scaffold100","GLEAN","CDS"]],