{"featureCount":9,"formatVersion":1,"histograms":{"meta":[{"arrayParams":{"chunkSize":10000,"length":4,"urlTemplate":"hist-50000-{Chunk}.json"},"basesPerBin":"50000"}],"stats":[{"basesPerBin":"50000","max":4,"mean":2.25}]},"intervals":{"classes":[{"attributes":["Start","End","Strand","Id","Score","Seq_id","Source","Subfeatures","Type"],"isArrayAttr":{"Subfeatures":1}},{"attributes":["Start","End","Strand","Phase","Seq_id","Source","Type"],"isArrayAttr":{}},{"attributes":["Start","End","Chunk"],"isArrayAttr":{"Sublist":1}}],"count":9,"lazyClass":2,"maxEnd":178504,"minStart":31238,"nclist":[[0,31238,33437,1,"lamu_GLEAN_10001412",0.243144,"scaffold175","GLEAN",[[1,31238,31827,1,0,"scaffold175","GLEAN","CDS"],[1,31971,32093,1,2,"scaffold175","GLEAN","CDS"],[1,32413,32574,1,0,"scaffold175","GLEAN","CDS"],[1,32990,33089,1,1,"scaffold175","GLEAN","CDS"],[1,33265,33437,1,1,"scaffold175","GLEAN","CDS"]],"mRNA"],[0,51579,54828,1,"lamu_GLEAN_10001413",0.629582,"scaffold175","GLEAN",[[1,51579,52876,1,0,"scaffold175","GLEAN","CDS"],[1,54187,54828,1,2,"scaffold175","GLEAN","CDS"]],"mRNA"],[0,75493,77663,1,"lamu_GLEAN_10001414",1,"scaffold175","GLEAN",[[1,75493,75959,1,0,"scaffold175","GLEAN","CDS"],[1,76553,76843,1,2,"scaffold175","GLEAN","CDS"],[1,76932,77097,1,0,"scaffold175","GLEAN","CDS"],[1,77295,77361,1,0,"scaffold175","GLEAN","CDS"],[1,77442,77511,1,0,"scaffold175","GLEAN","CDS"],[1,77591,77663,1,0,"scaffold175","GLEAN","CDS"]],"mRNA"],[0,89913,93140,1,"lamu_GLEAN_10001415",0.995576,"scaffold175","GLEAN",[[1,89913,90140,1,0,"scaffold175","GLEAN","CDS"],[1,92698,93140,1,1,"scaffold175","GLEAN","CDS"]],"mRNA"],[0,96462,98601,1,"lamu_GLEAN_10001416",0.997786,"scaffold175","GLEAN",[[1,96462,96864,1,0,"scaffold175","GLEAN","CDS"],[1,98214,98601,1,0,"scaffold175","GLEAN","CDS"]],"mRNA"],[0,118820,120534,1,"lamu_GLEAN_10001417",0.996518,"scaffold175","GLEAN",[[1,118820,119747,1,0,"scaffold175","GLEAN","CDS"],[1,120246,120534,1,0,"scaffold175","GLEAN","CDS"]],"mRNA"],[0,157818,162162,1,"lamu_GLEAN_10001418",0.538733,"scaffold175","GLEAN",[[1,157818,158750,1,0,"scaffold175","GLEAN","CDS"],[1,161756,162162,1,1,"scaffold175","GLEAN","CDS"]],"mRNA"],[0,165425,165802,-1,"lamu_GLEAN_10001419",1,"scaffold175","GLEAN",[[1,165741,165802,-1,0,"scaffold175","GLEAN","CDS"],[1,165425,165652,-1,2,"scaffold175","GLEAN","CDS"]],"mRNA"],[0,176519,178504,1,"lamu_GLEAN_10001420",0.09641,"scaffold175","GLEAN",[[1,176519,176596,1,0,"scaffold175","GLEAN","CDS"],[1,176885,177015,1,1,"scaffold175","GLEAN","CDS"],[1,177112,177877,1,0,"scaffold175","GLEAN","CDS"],[1,177999,178080,1,0,"scaffold175","GLEAN","CDS"],[1,178165,178504,1,0,"scaffold175","GLEAN","CDS"]],"mRNA"]],"urlTemplate":"lf-{Chunk}.json"}}