{"featureCount":11,"formatVersion":1,"histograms":{"meta":[{"arrayParams":{"chunkSize":10000,"length":4,"urlTemplate":"hist-100000-{Chunk}.json"},"basesPerBin":"100000"}],"stats":[{"basesPerBin":"100000","max":4,"mean":2.75}]},"intervals":{"classes":[{"attributes":["Start","End","Strand","Id","Score","Seq_id","Source","Subfeatures","Type"],"isArrayAttr":{"Subfeatures":1}},{"attributes":["Start","End","Strand","Phase","Seq_id","Source","Type"],"isArrayAttr":{}},{"attributes":["Start","End","Chunk"],"isArrayAttr":{"Sublist":1}}],"count":11,"lazyClass":2,"maxEnd":351959,"minStart":32759,"nclist":[[0,32759,38994,1,"lamu_GLEAN_10002223",0.667918,"scaffold133","GLEAN",[[1,32759,32870,1,0,"scaffold133","GLEAN","CDS"],[1,33112,33224,1,0,"scaffold133","GLEAN","CDS"],[1,36592,36873,1,2,"scaffold133","GLEAN","CDS"],[1,37439,37556,1,0,"scaffold133","GLEAN","CDS"],[1,38176,38227,1,0,"scaffold133","GLEAN","CDS"],[1,38826,38994,1,0,"scaffold133","GLEAN","CDS"]],"mRNA"],[0,154195,154570,1,"lamu_GLEAN_10002224",0.999995,"scaffold133","GLEAN",[[1,154195,154378,1,0,"scaffold133","GLEAN","CDS"],[1,154477,154570,1,0,"scaffold133","GLEAN","CDS"]],"mRNA"],[0,165198,165501,1,"lamu_GLEAN_10002225",0.918588,"scaffold133","GLEAN",[[1,165198,165501,1,0,"scaffold133","GLEAN","CDS"]],"mRNA"],[0,182004,182586,1,"lamu_GLEAN_10002226",0.999975,"scaffold133","GLEAN",[[1,182004,182586,1,0,"scaffold133","GLEAN","CDS"]],"mRNA"],[0,200737,202187,1,"lamu_GLEAN_10002227",0.975337,"scaffold133","GLEAN",[[1,200737,200978,1,0,"scaffold133","GLEAN","CDS"],[1,202050,202187,1,2,"scaffold133","GLEAN","CDS"]],"mRNA"],[0,211564,212005,-1,"lamu_GLEAN_10002228",0.887119,"scaffold133","GLEAN",[[1,211759,212005,-1,0,"scaffold133","GLEAN","CDS"],[1,211564,211660,-1,0,"scaffold133","GLEAN","CDS"]],"mRNA"],[0,256169,256502,-1,"lamu_GLEAN_10002229",0.914323,"scaffold133","GLEAN",[[1,256169,256502,-1,0,"scaffold133","GLEAN","CDS"]],"mRNA"],[0,273382,273901,-1,"lamu_GLEAN_10002230",0.969207,"scaffold133","GLEAN",[[1,273382,273901,-1,0,"scaffold133","GLEAN","CDS"]],"mRNA"],[0,323768,324988,1,"lamu_GLEAN_10002231",0.994237,"scaffold133","GLEAN",[[1,323768,324041,1,0,"scaffold133","GLEAN","CDS"],[1,324793,324988,1,0,"scaffold133","GLEAN","CDS"]],"mRNA"],[0,344415,345229,-1,"lamu_GLEAN_10002232",0.953915,"scaffold133","GLEAN",[[1,345103,345229,-1,0,"scaffold133","GLEAN","CDS"],[1,344415,344703,-1,0,"scaffold133","GLEAN","CDS"]],"mRNA"],[0,351605,351959,1,"lamu_GLEAN_10002233",0.921946,"scaffold133","GLEAN",[[1,351605,351959,1,0,"scaffold133","GLEAN","CDS"]],"mRNA"]],"urlTemplate":"lf-{Chunk}.json"}}