{"featureCount":31,"formatVersion":1,"histograms":{"meta":[{"arrayParams":{"chunkSize":10000,"length":7,"urlTemplate":"hist-200000-{Chunk}.json"},"basesPerBin":"200000"}],"stats":[{"basesPerBin":"200000","max":9,"mean":4.57142857142857}]},"intervals":{"classes":[{"attributes":["Start","End","Strand","Id","Score","Seq_id","Source","Subfeatures","Type"],"isArrayAttr":{"Subfeatures":1}},{"attributes":["Start","End","Strand","Phase","Seq_id","Source","Type"],"isArrayAttr":{}},{"attributes":["Start","End","Chunk"],"isArrayAttr":{"Sublist":1}}],"count":31,"lazyClass":2,"maxEnd":1304717,"minStart":76617,"nclist":[[0,76617,77915,-1,"lamu_GLEAN_10006226",0.867154,"scaffold45","GLEAN",[[1,77735,77915,-1,0,"scaffold45","GLEAN","CDS"],[1,77384,77449,-1,0,"scaffold45","GLEAN","CDS"],[1,77225,77279,-1,1,"scaffold45","GLEAN","CDS"],[1,77042,77136,-1,1,"scaffold45","GLEAN","CDS"],[1,76617,76650,-1,0,"scaffold45","GLEAN","CDS"]],"mRNA"],[0,252680,254246,-1,"lamu_GLEAN_10006227",0.564709,"scaffold45","GLEAN",[[1,254024,254246,-1,0,"scaffold45","GLEAN","CDS"],[1,252680,252764,-1,0,"scaffold45","GLEAN","CDS"]],"mRNA"],[0,312097,312834,-1,"lamu_GLEAN_10006228",0.99987,"scaffold45","GLEAN",[[1,312585,312834,-1,0,"scaffold45","GLEAN","CDS"],[1,312097,312286,-1,0,"scaffold45","GLEAN","CDS"]],"mRNA"],[0,407059,411803,1,"lamu_GLEAN_10006229",0.258962,"scaffold45","GLEAN",[[1,407059,407199,1,0,"scaffold45","GLEAN","CDS"],[1,407391,407649,1,1,"scaffold45","GLEAN","CDS"],[1,407725,407779,1,1,"scaffold45","GLEAN","CDS"],[1,411295,411803,1,1,"scaffold45","GLEAN","CDS"]],"mRNA"],[0,444652,444976,1,"lamu_GLEAN_10006230",0.840805,"scaffold45","GLEAN",[[1,444652,444976,1,0,"scaffold45","GLEAN","CDS"]],"mRNA"],[0,472106,472740,1,"lamu_GLEAN_10006231",0.999999,"scaffold45","GLEAN",[[1,472106,472407,1,0,"scaffold45","GLEAN","CDS"],[1,472564,472740,1,2,"scaffold45","GLEAN","CDS"]],"mRNA"],[0,602696,603477,1,"lamu_GLEAN_10006232",0.995414,"scaffold45","GLEAN",[[1,602696,602750,1,0,"scaffold45","GLEAN","CDS"],[1,603192,603294,1,0,"scaffold45","GLEAN","CDS"],[1,603402,603477,1,0,"scaffold45","GLEAN","CDS"]],"mRNA"],[0,605256,605667,-1,"lamu_GLEAN_10006233",0.999989,"scaffold45","GLEAN",[[1,605256,605667,-1,0,"scaffold45","GLEAN","CDS"]],"mRNA"],[0,645588,645975,1,"lamu_GLEAN_10006234",0.999976,"scaffold45","GLEAN",[[1,645588,645723,1,0,"scaffold45","GLEAN","CDS"],[1,645819,645975,1,0,"scaffold45","GLEAN","CDS"]],"mRNA"],[0,661558,662480,-1,"lamu_GLEAN_10006235",0.711216,"scaffold45","GLEAN",[[1,662257,662480,-1,0,"scaffold45","GLEAN","CDS"],[1,661558,661617,-1,2,"scaffold45","GLEAN","CDS"]],"mRNA"],[0,750193,751154,-1,"lamu_GLEAN_10006236",0.841802,"scaffold45","GLEAN",[[1,750986,751154,-1,0,"scaffold45","GLEAN","CDS"],[1,750193,750475,-1,0,"scaffold45","GLEAN","CDS"]],"mRNA"],[0,768368,768836,-1,"lamu_GLEAN_10006237",0.773599,"scaffold45","GLEAN",[[1,768368,768836,-1,0,"scaffold45","GLEAN","CDS"]],"mRNA"],[0,783130,784875,1,"lamu_GLEAN_10006238",0.807038,"scaffold45","GLEAN",[[1,783130,783343,1,0,"scaffold45","GLEAN","CDS"],[1,784425,784875,1,0,"scaffold45","GLEAN","CDS"]],"mRNA"],[0,882102,903119,-1,"lamu_GLEAN_10006239",0.996304,"scaffold45","GLEAN",[[1,903104,903119,-1,0,"scaffold45","GLEAN","CDS"],[1,902757,902926,-1,0,"scaffold45","GLEAN","CDS"],[1,902520,902663,-1,2,"scaffold45","GLEAN","CDS"],[1,902364,902451,-1,0,"scaffold45","GLEAN","CDS"],[1,901962,902148,-1,0,"scaffold45","GLEAN","CDS"],[1,899793,899961,-1,0,"scaffold45","GLEAN","CDS"],[1,898767,898888,-1,0,"scaffold45","GLEAN","CDS"],[1,898573,898643,-1,2,"scaffold45","GLEAN","CDS"],[1,894191,894279,-1,1,"scaffold45","GLEAN","CDS"],[1,893965,894086,-1,0,"scaffold45","GLEAN","CDS"],[1,893110,893304,-1,2,"scaffold45","GLEAN","CDS"],[1,892919,893028,-1,0,"scaffold45","GLEAN","CDS"],[1,891667,891823,-1,2,"scaffold45","GLEAN","CDS"],[1,891295,891398,-1,2,"scaffold45","GLEAN","CDS"],[1,883780,883954,-1,1,"scaffold45","GLEAN","CDS"],[1,883406,883552,-1,1,"scaffold45","GLEAN","CDS"],[1,882102,882296,-1,2,"scaffold45","GLEAN","CDS"]],"mRNA"],[0,908833,911364,-1,"lamu_GLEAN_10006240",0.560173,"scaffold45","GLEAN",[[1,911158,911364,-1,0,"scaffold45","GLEAN","CDS"],[1,909943,910214,-1,1,"scaffold45","GLEAN","CDS"],[1,909712,909781,-1,0,"scaffold45","GLEAN","CDS"],[1,909471,909609,-1,0,"scaffold45","GLEAN","CDS"],[1,909245,909363,-1,0,"scaffold45","GLEAN","CDS"],[1,908833,908958,-1,2,"scaffold45","GLEAN","CDS"]],"mRNA"],[0,942501,949031,1,"lamu_GLEAN_10006241",0.974044,"scaffold45","GLEAN",[[1,942501,942800,1,0,"scaffold45","GLEAN","CDS"],[1,942888,943339,1,1,"scaffold45","GLEAN","CDS"],[1,943518,943770,1,0,"scaffold45","GLEAN","CDS"],[1,943851,944064,1,0,"scaffold45","GLEAN","CDS"],[1,944167,944299,1,0,"scaffold45","GLEAN","CDS"],[1,944435,944565,1,0,"scaffold45","GLEAN","CDS"],[1,944652,944699,1,2,"scaffold45","GLEAN","CDS"],[1,944776,944878,1,0,"scaffold45","GLEAN","CDS"],[1,945019,945094,1,0,"scaffold45","GLEAN","CDS"],[1,946967,947110,1,0,"scaffold45","GLEAN","CDS"],[1,947213,947308,1,1,"scaffold45","GLEAN","CDS"],[1,947401,947480,1,2,"scaffold45","GLEAN","CDS"],[1,947562,947614,1,1,"scaffold45","GLEAN","CDS"],[1,947693,947774,1,0,"scaffold45","GLEAN","CDS"],[1,948720,948816,1,0,"scaffold45","GLEAN","CDS"],[1,948899,949031,1,0,"scaffold45","GLEAN","CDS"]],"mRNA"],[0,954768,960107,1,"lamu_GLEAN_10006242",0.815341,"scaffold45","GLEAN",[[1,954768,955116,1,0,"scaffold45","GLEAN","CDS"],[1,956498,956534,1,0,"scaffold45","GLEAN","CDS"],[1,956627,956832,1,0,"scaffold45","GLEAN","CDS"],[1,956914,957048,1,2,"scaffold45","GLEAN","CDS"],[1,957253,957434,1,0,"scaffold45","GLEAN","CDS"],[1,957562,957789,1,2,"scaffold45","GLEAN","CDS"],[1,957868,957964,1,0,"scaffold45","GLEAN","CDS"],[1,958241,958331,1,0,"scaffold45","GLEAN","CDS"],[1,958449,958482,1,0,"scaffold45","GLEAN","CDS"],[1,958580,958715,1,0,"scaffold45","GLEAN","CDS"],[1,958816,958877,1,0,"scaffold45","GLEAN","CDS"],[1,958959,959015,1,2,"scaffold45","GLEAN","CDS"],[1,959108,959165,1,0,"scaffold45","GLEAN","CDS"],[1,959247,959368,1,0,"scaffold45","GLEAN","CDS"],[1,959955,960107,1,2,"scaffold45","GLEAN","CDS"]],"mRNA"],[0,961138,974865,-1,"lamu_GLEAN_10006243",0.29085,"scaffold45","GLEAN",[[1,974792,974865,-1,0,"scaffold45","GLEAN","CDS"],[1,973977,974681,-1,2,"scaffold45","GLEAN","CDS"],[1,973645,973867,-1,0,"scaffold45","GLEAN","CDS"],[1,972575,973413,-1,0,"scaffold45","GLEAN","CDS"],[1,971854,972170,-1,2,"scaffold45","GLEAN","CDS"],[1,971466,971593,-1,1,"scaffold45","GLEAN","CDS"],[1,968690,968762,-1,0,"scaffold45","GLEAN","CDS"],[1,965898,965997,-1,0,"scaffold45","GLEAN","CDS"],[1,964303,964345,-1,0,"scaffold45","GLEAN","CDS"],[1,964125,964206,-1,0,"scaffold45","GLEAN","CDS"],[1,963972,964023,-1,0,"scaffold45","GLEAN","CDS"],[1,963811,963893,-1,0,"scaffold45","GLEAN","CDS"],[1,963617,963712,-1,2,"scaffold45","GLEAN","CDS"],[1,963101,963173,-1,0,"scaffold45","GLEAN","CDS"],[1,962866,962983,-1,0,"scaffold45","GLEAN","CDS"],[1,961721,961790,-1,0,"scaffold45","GLEAN","CDS"],[1,961576,961643,-1,0,"scaffold45","GLEAN","CDS"],[1,961138,961338,-1,2,"scaffold45","GLEAN","CDS"]],"mRNA"],[0,978719,980096,-1,"lamu_GLEAN_10006244",0.999258,"scaffold45","GLEAN",[[1,980084,980096,-1,0,"scaffold45","GLEAN","CDS"],[1,979090,979208,-1,0,"scaffold45","GLEAN","CDS"],[1,978905,978968,-1,2,"scaffold45","GLEAN","CDS"],[1,978719,978799,-1,2,"scaffold45","GLEAN","CDS"]],"mRNA"],[0,997854,1003109,1,"lamu_GLEAN_10006245",0.998813,"scaffold45","GLEAN",[[1,997854,997863,1,0,"scaffold45","GLEAN","CDS"],[1,997960,998145,1,0,"scaffold45","GLEAN","CDS"],[1,999623,999744,1,1,"scaffold45","GLEAN","CDS"],[1,1000228,1000402,1,0,"scaffold45","GLEAN","CDS"],[1,1000986,1001150,1,0,"scaffold45","GLEAN","CDS"],[1,1002113,1002201,1,1,"scaffold45","GLEAN","CDS"],[1,1002431,1002485,1,0,"scaffold45","GLEAN","CDS"],[1,1003019,1003109,1,0,"scaffold45","GLEAN","CDS"]],