{"featureCount":12,"formatVersion":1,"histograms":{"meta":[{"arrayParams":{"chunkSize":10000,"length":3,"urlTemplate":"hist-200000-{Chunk}.json"},"basesPerBin":"200000"}],"stats":[{"basesPerBin":"200000","max":5,"mean":4}]},"intervals":{"classes":[{"attributes":["Start","End","Strand","Id","Score","Seq_id","Source","Subfeatures","Type"],"isArrayAttr":{"Subfeatures":1}},{"attributes":["Start","End","Strand","Phase","Seq_id","Source","Type"],"isArrayAttr":{}},{"attributes":["Start","End","Chunk"],"isArrayAttr":{"Sublist":1}}],"count":12,"lazyClass":2,"maxEnd":480060,"minStart":5373,"nclist":[[0,5373,6506,-1,"lamu_GLEAN_10003838",0.40915,"scaffold84","GLEAN",[[1,6410,6506,-1,0,"scaffold84","GLEAN","CDS"],[1,5373,5526,-1,0,"scaffold84","GLEAN","CDS"]],"mRNA"],[0,31001,33963,1,"lamu_GLEAN_10003839",0.999843,"scaffold84","GLEAN",[[1,31001,31161,1,0,"scaffold84","GLEAN","CDS"],[1,31534,31615,1,2,"scaffold84","GLEAN","CDS"],[1,32293,32546,1,2,"scaffold84","GLEAN","CDS"],[1,32635,32723,1,1,"scaffold84","GLEAN","CDS"],[1,32822,33036,1,0,"scaffold84","GLEAN","CDS"],[1,33147,33239,1,2,"scaffold84","GLEAN","CDS"],[1,33687,33963,1,0,"scaffold84","GLEAN","CDS"]],"mRNA"],[0,35244,37742,-1,"lamu_GLEAN_10003840",0.218707,"scaffold84","GLEAN",[[1,37609,37742,-1,0,"scaffold84","GLEAN","CDS"],[1,37491,37513,-1,2,"scaffold84","GLEAN","CDS"],[1,37166,37275,-1,1,"scaffold84","GLEAN","CDS"],[1,37056,37104,-1,0,"scaffold84","GLEAN","CDS"],[1,36340,36415,-1,0,"scaffold84","GLEAN","CDS"],[1,36167,36221,-1,0,"scaffold84","GLEAN","CDS"],[1,35964,36050,-1,0,"scaffold84","GLEAN","CDS"],[1,35820,35872,-1,1,"scaffold84","GLEAN","CDS"],[1,35615,35673,-1,0,"scaffold84","GLEAN","CDS"],[1,35244,35342,-1,2,"scaffold84","GLEAN","CDS"]],"mRNA"],[0,41102,41765,-1,"lamu_GLEAN_10003841",1,"scaffold84","GLEAN",[[1,41678,41765,-1,0,"scaffold84","GLEAN","CDS"],[1,41102,41561,-1,0,"scaffold84","GLEAN","CDS"]],"mRNA"],[0,63449,64688,1,"lamu_GLEAN_10003842",0.899202,"scaffold84","GLEAN",[[1,63449,64688,1,0,"scaffold84","GLEAN","CDS"]],"mRNA"],[0,329384,330124,-1,"lamu_GLEAN_10003843",0.835562,"scaffold84","GLEAN",[[1,329716,330124,-1,0,"scaffold84","GLEAN","CDS"],[1,329384,329624,-1,0,"scaffold84","GLEAN","CDS"]],"mRNA"],[0,374701,377698,1,"lamu_GLEAN_10003844",0.619824,"scaffold84","GLEAN",[[1,374701,374815,1,0,"scaffold84","GLEAN","CDS"],[1,376026,376036,1,0,"scaffold84","GLEAN","CDS"],[1,377438,377698,1,2,"scaffold84","GLEAN","CDS"]],"mRNA"],[0,405385,407063,-1,"lamu_GLEAN_10003845",0.789539,"scaffold84","GLEAN",[[1,407060,407063,-1,0,"scaffold84","GLEAN","CDS"],[1,406865,406970,-1,0,"scaffold84","GLEAN","CDS"],[1,405385,405439,-1,0,"scaffold84","GLEAN","CDS"]],"mRNA"],[0,444967,449234,-1,"lamu_GLEAN_10003846",0.909243,"scaffold84","GLEAN",[[1,449202,449234,-1,0,"scaffold84","GLEAN","CDS"],[1,448581,448651,-1,1,"scaffold84","GLEAN","CDS"],[1,448384,448470,-1,0,"scaffold84","GLEAN","CDS"],[1,447496,447566,-1,1,"scaffold84","GLEAN","CDS"],[1,447106,447202,-1,0,"scaffold84","GLEAN","CDS"],[1,444967,445348,-1,0,"scaffold84","GLEAN","CDS"]],"mRNA"],[0,455924,457204,1,"lamu_GLEAN_10003847",0.999857,"scaffold84","GLEAN",[[1,455924,456611,1,0,"scaffold84","GLEAN","CDS"],[1,457108,457204,1,0,"scaffold84","GLEAN","CDS"]],"mRNA"],[0,473915,476956,1,"lamu_GLEAN_10003848",0.479606,"scaffold84","GLEAN",[[1,473915,474333,1,0,"scaffold84","GLEAN","CDS"],[1,474957,475040,1,2,"scaffold84","GLEAN","CDS"],[1,475527,475834,1,0,"scaffold84","GLEAN","CDS"],[1,475925,476032,1,2,"scaffold84","GLEAN","CDS"],[1,476452,476578,1,0,"scaffold84","GLEAN","CDS"],[1,476905,476956,1,0,"scaffold84","GLEAN","CDS"]],"mRNA"],[0,477943,480060,-1,"lamu_GLEAN_10003849",1,"scaffold84","GLEAN",[[1,480039,480060,-1,0,"scaffold84","GLEAN","CDS"],[1,479871,479937,-1,0,"scaffold84","GLEAN","CDS"],[1,479640,479751,-1,0,"scaffold84","GLEAN","CDS"],[1,479321,479411,-1,0,"scaffold84","GLEAN","CDS"],[1,479129,479236,-1,0,"scaffold84","GLEAN","CDS"],[1,478710,478825,-1,1,"scaffold84","GLEAN","CDS"],[1,478558,478624,-1,0,"scaffold84","GLEAN","CDS"],[1,478368,478469,-1,0,"scaffold84","GLEAN","CDS"],[1,477943,478133,-1,1,"scaffold84","GLEAN","CDS"]],"mRNA"]],"urlTemplate":"lf-{Chunk}.json"}}