{"featureCount":54,"formatVersion":1,"histograms":{"meta":[{"arrayParams":{"chunkSize":10000,"length":18,"urlTemplate":"hist-50000-{Chunk}.json"},"basesPerBin":"50000"}],"stats":[{"basesPerBin":"50000","max":7,"mean":3.22222222222222}]},"intervals":{"classes":[{"attributes":["Start","End","Strand","Id","Score","Seq_id","Source","Subfeatures","Type"],"isArrayAttr":{"Subfeatures":1}},{"attributes":["Start","End","Strand","Phase","Seq_id","Source","Type"],"isArrayAttr":{}},{"attributes":["Start","End","Chunk"],"isArrayAttr":{"Sublist":1}}],"count":54,"lazyClass":2,"maxEnd":898709,"minStart":2081,"nclist":[[0,2081,2468,1,"lamu_GLEAN_10004769",0.974266,"scaffold88","GLEAN",[[1,2081,2468,1,0,"scaffold88","GLEAN","CDS"]],"mRNA"],[0,5076,5992,1,"lamu_GLEAN_10004770",0.966534,"scaffold88","GLEAN",[[1,5076,5159,1,0,"scaffold88","GLEAN","CDS"],[1,5886,5992,1,1,"scaffold88","GLEAN","CDS"]],"mRNA"],[0,8326,12306,1,"lamu_GLEAN_10004771",0.833475,"scaffold88","GLEAN",[[1,8326,8835,1,0,"scaffold88","GLEAN","CDS"],[1,8896,9037,1,1,"scaffold88","GLEAN","CDS"],[1,10085,10215,1,1,"scaffold88","GLEAN","CDS"],[1,10362,10416,1,0,"scaffold88","GLEAN","CDS"],[1,10536,10628,1,0,"scaffold88","GLEAN","CDS"],[1,11602,11838,1,1,"scaffold88","GLEAN","CDS"],[1,11951,12122,1,2,"scaffold88","GLEAN","CDS"],[1,12208,12306,1,2,"scaffold88","GLEAN","CDS"]],"mRNA"],[0,13641,14067,-1,"lamu_GLEAN_10004772",0.983903,"scaffold88","GLEAN",[[1,13641,14067,-1,0,"scaffold88","GLEAN","CDS"]],"mRNA"],[0,15516,31858,-1,"lamu_GLEAN_10004773",0.558329,"scaffold88","GLEAN",[[1,31741,31858,-1,0,"scaffold88","GLEAN","CDS"],[1,30313,30388,-1,0,"scaffold88","GLEAN","CDS"],[1,27961,28033,-1,0,"scaffold88","GLEAN","CDS"],[1,27757,27827,-1,0,"scaffold88","GLEAN","CDS"],[1,25363,25413,-1,2,"scaffold88","GLEAN","CDS"],[1,23355,23645,-1,0,"scaffold88","GLEAN","CDS"],[1,23123,23197,-1,1,"scaffold88","GLEAN","CDS"],[1,22949,23040,-1,2,"scaffold88","GLEAN","CDS"],[1,22756,22822,-1,1,"scaffold88","GLEAN","CDS"],[1,20463,20563,-1,1,"scaffold88","GLEAN","CDS"],[1,20270,20384,-1,0,"scaffold88","GLEAN","CDS"],[1,19733,19903,-1,0,"scaffold88","GLEAN","CDS"],[1,18620,18705,-1,1,"scaffold88","GLEAN","CDS"],[1,17984,18203,-1,0,"scaffold88","GLEAN","CDS"],[1,16429,16468,-1,0,"scaffold88","GLEAN","CDS"],[1,16144,16204,-1,0,"scaffold88","GLEAN","CDS"],[1,15980,16045,-1,0,"scaffold88","GLEAN","CDS"],[1,15516,15685,-1,1,"scaffold88","GLEAN","CDS"]],"mRNA"],[0,35354,37169,-1,"lamu_GLEAN_10004774",0.998792,"scaffold88","GLEAN",[[1,35354,37169,-1,0,"scaffold88","GLEAN","CDS"]],"mRNA"],[0,47154,49580,1,"lamu_GLEAN_10004775",0.72655,"scaffold88","GLEAN",[[1,47154,47175,1,0,"scaffold88","GLEAN","CDS"],[1,48437,48566,1,0,"scaffold88","GLEAN","CDS"],[1,48845,49017,1,0,"scaffold88","GLEAN","CDS"],[1,49200,49256,1,2,"scaffold88","GLEAN","CDS"],[1,49406,49580,1,0,"scaffold88","GLEAN","CDS"]],"mRNA"],[0,80229,84107,1,"lamu_GLEAN_10004776",0.589187,"scaffold88","GLEAN",[[1,80229,80374,1,0,"scaffold88","GLEAN","CDS"],[1,80764,80836,1,2,"scaffold88","GLEAN","CDS"],[1,83448,83579,1,2,"scaffold88","GLEAN","CDS"],[1,83993,84107,1,0,"scaffold88","GLEAN","CDS"]],"mRNA"],[0,85129,87938,-1,"lamu_GLEAN_10004777",0.639956,"scaffold88","GLEAN",[[1,87925,87938,-1,0,"scaffold88","GLEAN","CDS"],[1,87644,87875,-1,2,"scaffold88","GLEAN","CDS"],[1,87448,87546,-1,2,"scaffold88","GLEAN","CDS"],[1,86927,87114,-1,0,"scaffold88","GLEAN","CDS"],[1,86710,86841,-1,2,"scaffold88","GLEAN","CDS"],[1,85977,86049,-1,0,"scaffold88","GLEAN","CDS"],[1,85129,85510,-1,0,"scaffold88","GLEAN","CDS"]],"mRNA"],[0,97060,99766,1,"lamu_GLEAN_10004778",0.999998,"scaffold88","GLEAN",[[1,97060,97183,1,0,"scaffold88","GLEAN","CDS"],[1,99008,99192,1,0,"scaffold88","GLEAN","CDS"],[1,99375,99431,1,2,"scaffold88","GLEAN","CDS"],[1,99583,99766,1,0,"scaffold88","GLEAN","CDS"]],"mRNA"],[0,110604,113646,-1,"lamu_GLEAN_10004779",0.998999,"scaffold88","GLEAN",[[1,113531,113646,-1,0,"scaffold88","GLEAN","CDS"],[1,113137,113368,-1,2,"scaffold88","GLEAN","CDS"],[1,112946,113044,-1,2,"scaffold88","GLEAN","CDS"],[1,112428,112615,-1,0,"scaffold88","GLEAN","CDS"],[1,112211,112342,-1,2,"scaffold88","GLEAN","CDS"],[1,110604,110985,-1,0,"scaffold88","GLEAN","CDS"]],"mRNA"],[0,115077,118509,-1,"lamu_GLEAN_10004780",0.985994,"scaffold88","GLEAN",[[1,117933,118509,-1,0,"scaffold88","GLEAN","CDS"],[1,117518,117815,-1,0,"scaffold88","GLEAN","CDS"],[1,117098,117296,-1,0,"scaffold88","GLEAN","CDS"],[1,115923,116058,-1,0,"scaffold88","GLEAN","CDS"],[1,115691,115808,-1,0,"scaffold88","GLEAN","CDS"],[1,115437,115596,-1,0,"scaffold88","GLEAN","CDS"],[1,115077,115284,-1,0,"scaffold88","GLEAN","CDS"]],"mRNA"],[0,134191,136915,1,"lamu_GLEAN_10004781",0.49983,"scaffold88","GLEAN",[[1,134191,134806,1,0,"scaffold88","GLEAN","CDS"],[1,134953,135042,1,0,"scaffold88","GLEAN","CDS"],[1,135628,135728,1,1,"scaffold88","GLEAN","CDS"],[1,136555,136915,1,0,"scaffold88","GLEAN","CDS"]],"mRNA"],[0,147732,151024,1,"lamu_GLEAN_10004782",0.67088,"scaffold88","GLEAN",[[1,147732,147828,1,0,"scaffold88","GLEAN","CDS"],[1,147907,148006,1,0,"scaffold88","GLEAN","CDS"],[1,148164,148417,1,0,"scaffold88","GLEAN","CDS"],[1,149102,149213,1,2,"scaffold88","GLEAN","CDS"],[1,149309,149446,1,2,"scaffold88","GLEAN","CDS"],[1,150076,150190,1,0,"scaffold88","GLEAN","CDS"],[1,150277,150477,1,0,"scaffold88","GLEAN","CDS"],[1,150550,150745,1,1,"scaffold88","GLEAN","CDS"],[1,150837,151024,1,1,"scaffold88","GLEAN","CDS"]],"mRNA"],[0,185695,190083,1,"lamu_GLEAN_10004783",0.939878,"scaffold88","GLEAN",[[1,185695,185749,1,0,"scaffold88","GLEAN","CDS"],[1,187288,187458,1,0,"scaffold88","GLEAN","CDS"],[1,189785,190083,1,1,"scaffold88","GLEAN","CDS"]],"mRNA"],[0,196733,200615,1,"lamu_GLEAN_10004784",0.997638,"scaffold88","GLEAN",[[1,196733,197039,1,0,"scaffold88","GLEAN","CDS"],[1,197122,197221,1,0,"scaffold88","GLEAN","CDS"],[1,197379,197632,1,0,"scaffold88","GLEAN","CDS"],[1,198662,198799,1,2,"scaffold88","GLEAN","CDS"],[1,199603,199717,1,0,"scaffold88","GLEAN","CDS"],[1,199804,199944,1,0,"scaffold88","GLEAN","CDS"],[1,200164,200359,1,1,"scaffold88","GLEAN","CDS"],[1,200452,200615,1,1,"scaffold88","GLEAN","CDS"]],"mRNA"],[0,202936,205142,-1,"lamu_GLEAN_10004785",0.999419,"scaffold88","GLEAN",[[1,204622,205142,-1,0,"scaffold88","GLEAN","CDS"],[1,204064,204186,-1,2,"scaffold88","GLEAN","CDS"],[1,203915,203971,-1,0,"scaffold88","GLEAN","CDS"],[1,203718,203817,-1,1,"scaffold88","GLEAN","CDS"],[1,203330,203552,-1,1,"scaffold88","GLEAN","CDS"],[1,202936,203117,-1,1,"scaffold88","GLEAN","CDS"]],"mRNA"],[0,248928,254988,1,"lamu_GLEAN_10004786",0.284861,"scaffold88","GLEAN",[[1,248928,250004,1,0,"scaffold88","GLEAN","CDS"],[1,250460,250507,1,1,"scaffold88","GLEAN","CDS"],[1,250595,252401,1,2,"scaffold88","GLEAN","CDS"],[1,252524,252638,1,2,"scaffold88","GLEAN","CDS"],[1,253750,254988,1,2,"scaffold88","GLEAN","CDS"]],"mRNA"],[0,257083,257449,1,"lamu_GLEAN_10004787",0.999992,"scaffold88","GLEAN",[[1,257083,257449,1,0,"scaffold88","GLEAN","CDS"]],"mRNA"],[0,280489,281905,1,"lamu_GLEAN_10004788",1,"scaffold88","GLEAN",[[1,280489,281905,1,0,"scaffold88","GLEAN","CDS"]],"mRNA"],[0,289307,291675,-1,"lamu_GLEAN_10004789",0.802623,"scaffold88","GLEAN",[[1,291535,291675,-1,0,"scaffold88","GLEAN","CDS"],[1,290787,290845,-1,1,"scaffold88","GLEAN","CDS"],[1,290093,290162,-1,0,"scaffold88","GLEAN","CDS"],[1,289917,290013,-1,0,"scaffold88","GLEAN","CDS"],[1,289450,289540,-1,0,"scaffold88","GLEAN","CDS"],[1,289307,289346,-1,0,"scaffold88","GLEAN","CDS"]],