{"featureCount":5,"formatVersion":1,"histograms":{"meta":[{"arrayParams":{"chunkSize":10000,"length":2,"urlTemplate":"hist-50000-{Chunk}.json"},"basesPerBin":"50000"}],"stats":[{"basesPerBin":"50000","max":3,"mean":2.5}]},"intervals":{"classes":[{"attributes":["Start","End","Strand","Id","Score","Seq_id","Source","Subfeatures","Type"],"isArrayAttr":{"Subfeatures":1}},{"attributes":["Start","End","Strand","Phase","Seq_id","Source","Type"],"isArrayAttr":{}},{"attributes":["Start","End","Chunk"],"isArrayAttr":{"Sublist":1}}],"count":5,"lazyClass":2,"maxEnd":91010,"minStart":169,"nclist":[[0,169,872,1,"lamu_GLEAN_10000671",0.840554,"scaffold299","GLEAN",[[1,169,276,1,0,"scaffold299","GLEAN","CDS"],[1,469,872,1,1,"scaffold299","GLEAN","CDS"]],"mRNA"],[0,26058,30699,1,"lamu_GLEAN_10000672",0.994998,"scaffold299","GLEAN",[[1,26058,26597,1,0,"scaffold299","GLEAN","CDS"],[1,26941,27192,1,1,"scaffold299","GLEAN","CDS"],[1,27995,28128,1,2,"scaffold299","GLEAN","CDS"],[1,28232,28304,1,1,"scaffold299","GLEAN","CDS"],[1,28442,28514,1,1,"scaffold299","GLEAN","CDS"],[1,28593,28671,1,1,"scaffold299","GLEAN","CDS"],[1,28761,28916,1,1,"scaffold299","GLEAN","CDS"],[1,29024,29242,1,2,"scaffold299","GLEAN","CDS"],[1,29334,29461,1,0,"scaffold299","GLEAN","CDS"],[1,30373,30699,1,2,"scaffold299","GLEAN","CDS"]],"mRNA"],[0,58983,60949,1,"lamu_GLEAN_10000673",0.99332,"scaffold299","GLEAN",[[1,58983,59199,1,0,"scaffold299","GLEAN","CDS"],[1,59292,59419,1,0,"scaffold299","GLEAN","CDS"],[1,59695,59885,1,2,"scaffold299","GLEAN","CDS"],[1,60078,60477,1,1,"scaffold299","GLEAN","CDS"],[1,60759,60949,1,1,"scaffold299","GLEAN","CDS"]],"mRNA"],[0,75874,76456,-1,"lamu_GLEAN_10000674",1,"scaffold299","GLEAN",[[1,76363,76456,-1,0,"scaffold299","GLEAN","CDS"],[1,75874,76138,-1,0,"scaffold299","GLEAN","CDS"]],"mRNA"],[0,86194,91010,1,"lamu_GLEAN_10000675",0.999984,"scaffold299","GLEAN",[[1,86194,86342,1,0,"scaffold299","GLEAN","CDS"],[1,86679,87205,1,2,"scaffold299","GLEAN","CDS"],[1,87547,88032,1,1,"scaffold299","GLEAN","CDS"],[1,88439,88572,1,2,"scaffold299","GLEAN","CDS"],[1,88676,88748,1,1,"scaffold299","GLEAN","CDS"],[1,88886,88958,1,1,"scaffold299","GLEAN","CDS"],[1,89037,89115,1,1,"scaffold299","GLEAN","CDS"],[1,89206,89361,1,1,"scaffold299","GLEAN","CDS"],[1,89468,89686,1,2,"scaffold299","GLEAN","CDS"],[1,89779,89906,1,0,"scaffold299","GLEAN","CDS"],[1,90049,90112,1,2,"scaffold299","GLEAN","CDS"],[1,90207,90397,1,2,"scaffold299","GLEAN","CDS"],[1,90589,91010,1,1,"scaffold299","GLEAN","CDS"]],"mRNA"]],"urlTemplate":"lf-{Chunk}.json"}}