{"featureCount":27,"formatVersion":1,"histograms":{"meta":[{"arrayParams":{"chunkSize":10000,"length":8,"urlTemplate":"hist-100000-{Chunk}.json"},"basesPerBin":"100000"}],"stats":[{"basesPerBin":"100000","max":8,"mean":3.375}]},"intervals":{"classes":[{"attributes":["Start","End","Strand","Id","Score","Seq_id","Source","Subfeatures","Type"],"isArrayAttr":{"Subfeatures":1}},{"attributes":["Start","End","Strand","Phase","Seq_id","Source","Type"],"isArrayAttr":{}},{"attributes":["Start","End","Chunk"],"isArrayAttr":{"Sublist":1}}],"count":27,"lazyClass":2,"maxEnd":770720,"minStart":126397,"nclist":[[0,126397,127216,-1,"lamu_GLEAN_10004342",0.999991,"scaffold78","GLEAN",[[1,126397,127216,-1,0,"scaffold78","GLEAN","CDS"]],"mRNA"],[0,127433,128129,1,"lamu_GLEAN_10004343",0.684179,"scaffold78","GLEAN",[[1,127433,128129,1,0,"scaffold78","GLEAN","CDS"]],"mRNA"],[0,132012,132417,1,"lamu_GLEAN_10004344",0.704926,"scaffold78","GLEAN",[[1,132012,132417,1,0,"scaffold78","GLEAN","CDS"]],"mRNA"],[0,136061,136529,1,"lamu_GLEAN_10004345",0.959277,"scaffold78","GLEAN",[[1,136061,136529,1,0,"scaffold78","GLEAN","CDS"]],"mRNA"],[0,162397,163003,1,"lamu_GLEAN_10004346",0.631021,"scaffold78","GLEAN",[[1,162397,163003,1,0,"scaffold78","GLEAN","CDS"]],"mRNA"],[0,168785,169412,1,"lamu_GLEAN_10004347",0.670263,"scaffold78","GLEAN",[[1,168785,169412,1,0,"scaffold78","GLEAN","CDS"]],"mRNA"],[0,172432,172843,-1,"lamu_GLEAN_10004348",0.921952,"scaffold78","GLEAN",[[1,172432,172843,-1,0,"scaffold78","GLEAN","CDS"]],"mRNA"],[0,174563,175142,1,"lamu_GLEAN_10004349",0.919389,"scaffold78","GLEAN",[[1,174563,175142,1,0,"scaffold78","GLEAN","CDS"]],"mRNA"],[0,202470,202947,1,"lamu_GLEAN_10004350",0.913945,"scaffold78","GLEAN",[[1,202470,202947,1,0,"scaffold78","GLEAN","CDS"]],"mRNA"],[0,301477,301822,1,"lamu_GLEAN_10004351",0.878942,"scaffold78","GLEAN",[[1,301477,301822,1,0,"scaffold78","GLEAN","CDS"]],"mRNA"],[0,362947,363496,1,"lamu_GLEAN_10004352",0.919483,"scaffold78","GLEAN",[[1,362947,363496,1,0,"scaffold78","GLEAN","CDS"]],"mRNA"],[0,368940,369694,-1,"lamu_GLEAN_10004353",0.573765,"scaffold78","GLEAN",[[1,369633,369694,-1,0,"scaffold78","GLEAN","CDS"],[1,368940,369182,-1,2,"scaffold78","GLEAN","CDS"]],"mRNA"],[0,445303,465235,-1,"lamu_GLEAN_10004354",0.233539,"scaffold78","GLEAN",[[1,465121,465235,-1,0,"scaffold78","GLEAN","CDS"],[1,463397,463519,-1,0,"scaffold78","GLEAN","CDS"],[1,463195,463273,-1,1,"scaffold78","GLEAN","CDS"],[1,462917,463091,-1,1,"scaffold78","GLEAN","CDS"],[1,458613,458825,-1,1,"scaffold78","GLEAN","CDS"],[1,457106,457202,-1,2,"scaffold78","GLEAN","CDS"],[1,455222,455364,-1,2,"scaffold78","GLEAN","CDS"],[1,454462,454595,-1,1,"scaffold78","GLEAN","CDS"],[1,446468,446673,-1,0,"scaffold78","GLEAN","CDS"],[1,446101,446172,-1,2,"scaffold78","GLEAN","CDS"],[1,445630,445887,-1,0,"scaffold78","GLEAN","CDS"],[1,445303,445388,-1,1,"scaffold78","GLEAN","CDS"]],"mRNA",{"Sublist":[[0,447061,447703,1,"lamu_GLEAN_10004355",0.95209,"scaffold78","GLEAN",[[1,447061,447703,1,0,"scaffold78","GLEAN","CDS"]],"mRNA"]]}],[0,524032,524812,-1,"lamu_GLEAN_10004356",0.965053,"scaffold78","GLEAN",[[1,524779,524812,-1,0,"scaffold78","GLEAN","CDS"],[1,524032,524350,-1,0,"scaffold78","GLEAN","CDS"]],"mRNA"],[0,549797,561576,-1,"lamu_GLEAN_10004357",0.89898,"scaffold78","GLEAN",[[1,561494,561576,-1,0,"scaffold78","GLEAN","CDS"],[1,552145,552476,-1,2,"scaffold78","GLEAN","CDS"],[1,549797,550152,-1,1,"scaffold78","GLEAN","CDS"]],"mRNA"],[0,577369,577717,1,"lamu_GLEAN_10004358",0.977293,"scaffold78","GLEAN",[[1,577369,577717,1,0,"scaffold78","GLEAN","CDS"]],"mRNA"],[0,600035,600410,-1,"lamu_GLEAN_10004359",0.929586,"scaffold78","GLEAN",[[1,600227,600410,-1,0,"scaffold78","GLEAN","CDS"],[1,600035,600128,-1,0,"scaffold78","GLEAN","CDS"]],"mRNA"],[0,602880,603336,-1,"lamu_GLEAN_10004360",0.856947,"scaffold78","GLEAN",[[1,602880,603336,-1,0,"scaffold78","GLEAN","CDS"]],"mRNA"],[0,611496,611808,1,"lamu_GLEAN_10004361",0.999991,"scaffold78","GLEAN",[[1,611496,611808,1,0,"scaffold78","GLEAN","CDS"]],"mRNA"],[0,659097,659535,-1,"lamu_GLEAN_10004362",0.977159,"scaffold78","GLEAN",[[1,659097,659535,-1,0,"scaffold78","GLEAN","CDS"]],"mRNA"],[0,680883,681276,-1,"lamu_GLEAN_10004363",0.921832,"scaffold78","GLEAN",[[1,680883,681276,-1,0,"scaffold78","GLEAN","CDS"]],"mRNA"],[0,700351,705957,1,"lamu_GLEAN_10004364",0.636759,"scaffold78","GLEAN",[[1,700351,700542,1,0,"scaffold78","GLEAN","CDS"],[1,705554,705957,1,1,"scaffold78","GLEAN","CDS"]],"mRNA"],[0,706434,706933,1,"lamu_GLEAN_10004365",0.666434,"scaffold78","GLEAN",[[1,706434,706499,1,0,"scaffold78","GLEAN","CDS"],[1,706578,706933,1,1,"scaffold78","GLEAN","CDS"]],"mRNA"],[0,718160,718840,-1,"lamu_GLEAN_10004366",0.812182,"scaffold78","GLEAN",[[1,718464,718840,-1,0,"scaffold78","GLEAN","CDS"],[1,718160,718372,-1,2,"scaffold78","GLEAN","CDS"]],"mRNA"],[0,761737,762438,-1,"lamu_GLEAN_10004367",0.63124,"scaffold78","GLEAN",[[1,762309,762438,-1,0,"scaffold78","GLEAN","CDS"],[1,761737,761932,-1,0,"scaffold78","GLEAN","CDS"]],"mRNA"],[0,770312,770720,1,"lamu_GLEAN_10004368",0.921928,"scaffold78","GLEAN",[[1,770312,770720,1,0,"scaffold78","GLEAN","CDS"]],"mRNA"]],"urlTemplate":"lf-{Chunk}.json"}}