{"featureCount":6,"formatVersion":1,"histograms":{"meta":[{"arrayParams":{"chunkSize":10000,"length":2,"urlTemplate":"hist-200000-{Chunk}.json"},"basesPerBin":"200000"}],"stats":[{"basesPerBin":"200000","max":3,"mean":3}]},"intervals":{"classes":[{"attributes":["Start","End","Strand","Id","Score","Seq_id","Source","Subfeatures","Type"],"isArrayAttr":{"Subfeatures":1}},{"attributes":["Start","End","Strand","Phase","Seq_id","Source","Type"],"isArrayAttr":{}},{"attributes":["Start","End","Chunk"],"isArrayAttr":{"Sublist":1}}],"count":6,"lazyClass":2,"maxEnd":286301,"minStart":16581,"nclist":[[0,16581,17388,-1,"lamu_GLEAN_10001543",0.324526,"scaffold164","GLEAN",[[1,17193,17388,-1,0,"scaffold164","GLEAN","CDS"],[1,16581,16764,-1,0,"scaffold164","GLEAN","CDS"]],"mRNA"],[0,31235,32908,-1,"lamu_GLEAN_10001544",0.901841,"scaffold164","GLEAN",[[1,32383,32908,-1,0,"scaffold164","GLEAN","CDS"],[1,32226,32263,-1,0,"scaffold164","GLEAN","CDS"],[1,31235,31753,-1,2,"scaffold164","GLEAN","CDS"]],"mRNA"],[0,190258,192039,-1,"lamu_GLEAN_10001545",0.307543,"scaffold164","GLEAN",[[1,191192,192039,-1,0,"scaffold164","GLEAN","CDS"],[1,190258,190866,-1,2,"scaffold164","GLEAN","CDS"]],"mRNA"],[0,238928,239308,1,"lamu_GLEAN_10001546",1,"scaffold164","GLEAN",[[1,238928,239071,1,0,"scaffold164","GLEAN","CDS"],[1,239154,239308,1,1,"scaffold164","GLEAN","CDS"]],"mRNA"],[0,240462,242053,1,"lamu_GLEAN_10001547",0.686402,"scaffold164","GLEAN",[[1,240462,240994,1,0,"scaffold164","GLEAN","CDS"],[1,241201,241416,1,2,"scaffold164","GLEAN","CDS"],[1,241972,242053,1,0,"scaffold164","GLEAN","CDS"]],"mRNA"],[0,279874,286301,1,"lamu_GLEAN_10001548",0.686193,"scaffold164","GLEAN",[[1,279874,280219,1,0,"scaffold164","GLEAN","CDS"],[1,281663,281726,1,0,"scaffold164","GLEAN","CDS"],[1,282114,282199,1,0,"scaffold164","GLEAN","CDS"],[1,282288,282412,1,2,"scaffold164","GLEAN","CDS"],[1,282979,283028,1,1,"scaffold164","GLEAN","CDS"],[1,283791,283904,1,0,"scaffold164","GLEAN","CDS"],[1,283978,284048,1,1,"scaffold164","GLEAN","CDS"],[1,284237,284323,1,0,"scaffold164","GLEAN","CDS"],[1,286210,286301,1,1,"scaffold164","GLEAN","CDS"]],"mRNA"]],"urlTemplate":"lf-{Chunk}.json"}}