{"featureCount":40,"formatVersion":1,"histograms":{"meta":[{"arrayParams":{"chunkSize":10000,"length":11,"urlTemplate":"hist-50000-{Chunk}.json"},"basesPerBin":"50000"}],"stats":[{"basesPerBin":"50000","max":6,"mean":4}]},"intervals":{"classes":[{"attributes":["Start","End","Strand","Id","Score","Seq_id","Source","Subfeatures","Type"],"isArrayAttr":{"Subfeatures":1}},{"attributes":["Start","End","Strand","Phase","Seq_id","Source","Type"],"isArrayAttr":{}},{"attributes":["Start","End","Chunk"],"isArrayAttr":{"Sublist":1}}],"count":40,"lazyClass":2,"maxEnd":539287,"minStart":20857,"nclist":[[0,20857,22958,1,"lamu_GLEAN_10002809",0.36636,"scaffold109","GLEAN",[[1,20857,21278,1,0,"scaffold109","GLEAN","CDS"],[1,21439,22010,1,2,"scaffold109","GLEAN","CDS"],[1,22855,22958,1,1,"scaffold109","GLEAN","CDS"]],"mRNA"],[0,31962,35742,1,"lamu_GLEAN_10002810",0.863083,"scaffold109","GLEAN",[[1,31962,32003,1,0,"scaffold109","GLEAN","CDS"],[1,32111,32244,1,1,"scaffold109","GLEAN","CDS"],[1,33302,33406,1,0,"scaffold109","GLEAN","CDS"],[1,34098,34243,1,1,"scaffold109","GLEAN","CDS"],[1,34332,34473,1,0,"scaffold109","GLEAN","CDS"],[1,34869,35742,1,0,"scaffold109","GLEAN","CDS"]],"mRNA"],[0,36454,41206,1,"lamu_GLEAN_10002811",0.997785,"scaffold109","GLEAN",[[1,36454,36584,1,0,"scaffold109","GLEAN","CDS"],[1,37234,37345,1,2,"scaffold109","GLEAN","CDS"],[1,37888,37962,1,2,"scaffold109","GLEAN","CDS"],[1,38040,38143,1,0,"scaffold109","GLEAN","CDS"],[1,38787,38838,1,2,"scaffold109","GLEAN","CDS"],[1,40167,40321,1,2,"scaffold109","GLEAN","CDS"],[1,40474,40613,1,1,"scaffold109","GLEAN","CDS"],[1,40874,40980,1,0,"scaffold109","GLEAN","CDS"],[1,41054,41206,1,2,"scaffold109","GLEAN","CDS"]],"mRNA"],[0,42869,47763,1,"lamu_GLEAN_10002812",0.998792,"scaffold109","GLEAN",[[1,42869,43944,1,0,"scaffold109","GLEAN","CDS"],[1,44650,44829,1,2,"scaffold109","GLEAN","CDS"],[1,46029,46253,1,0,"scaffold109","GLEAN","CDS"],[1,46961,47763,1,1,"scaffold109","GLEAN","CDS"]],"mRNA"],[0,48546,53584,-1,"lamu_GLEAN_10002813",0.520183,"scaffold109","GLEAN",[[1,53466,53584,-1,0,"scaffold109","GLEAN","CDS"],[1,52856,52924,-1,2,"scaffold109","GLEAN","CDS"],[1,52613,52772,-1,0,"scaffold109","GLEAN","CDS"],[1,52467,52524,-1,0,"scaffold109","GLEAN","CDS"],[1,50695,50764,-1,0,"scaffold109","GLEAN","CDS"],[1,50001,50079,-1,0,"scaffold109","GLEAN","CDS"],[1,49750,49918,-1,0,"scaffold109","GLEAN","CDS"],[1,49608,49657,-1,0,"scaffold109","GLEAN","CDS"],[1,49337,49411,-1,2,"scaffold109","GLEAN","CDS"],[1,48877,48971,-1,0,"scaffold109","GLEAN","CDS"],[1,48546,48647,-1,2,"scaffold109","GLEAN","CDS"]],"mRNA"],[0,56642,59261,1,"lamu_GLEAN_10002814",0.822115,"scaffold109","GLEAN",[[1,56642,57215,1,0,"scaffold109","GLEAN","CDS"],[1,57434,57506,1,0,"scaffold109","GLEAN","CDS"],[1,58571,58710,1,0,"scaffold109","GLEAN","CDS"],[1,58950,59056,1,2,"scaffold109","GLEAN","CDS"],[1,59146,59261,1,1,"scaffold109","GLEAN","CDS"]],"mRNA"],[0,59879,60239,1,"lamu_GLEAN_10002815",0.999989,"scaffold109","GLEAN",[[1,59879,60239,1,0,"scaffold109","GLEAN","CDS"]],"mRNA"],[0,64720,65679,-1,"lamu_GLEAN_10002816",0.999907,"scaffold109","GLEAN",[[1,65459,65679,-1,0,"scaffold109","GLEAN","CDS"],[1,64720,65358,-1,2,"scaffold109","GLEAN","CDS"]],"mRNA"],[0,76366,76937,-1,"lamu_GLEAN_10002817",1,"scaffold109","GLEAN",[[1,76853,76937,-1,0,"scaffold109","GLEAN","CDS"],[1,76644,76675,-1,0,"scaffold109","GLEAN","CDS"],[1,76366,76443,-1,2,"scaffold109","GLEAN","CDS"]],"mRNA"],[0,123512,124160,-1,"lamu_GLEAN_10002818",0.999835,"scaffold109","GLEAN",[[1,123943,124160,-1,0,"scaffold109","GLEAN","CDS"],[1,123512,123844,-1,2,"scaffold109","GLEAN","CDS"]],"mRNA"],[0,138828,143066,-1,"lamu_GLEAN_10002819",0.99993,"scaffold109","GLEAN",[[1,142758,143066,-1,0,"scaffold109","GLEAN","CDS"],[1,141868,142190,-1,1,"scaffold109","GLEAN","CDS"],[1,140360,140540,-1,0,"scaffold109","GLEAN","CDS"],[1,139797,139884,-1,0,"scaffold109","GLEAN","CDS"],[1,138828,138942,-1,0,"scaffold109","GLEAN","CDS"]],"mRNA"],[0,153191,154064,1,"lamu_GLEAN_10002820",0.998792,"scaffold109","GLEAN",[[1,153191,154064,1,0,"scaffold109","GLEAN","CDS"]],"mRNA"],[0,155267,160701,-1,"lamu_GLEAN_10002821",0.994952,"scaffold109","GLEAN",[[1,160664,160701,-1,0,"scaffold109","GLEAN","CDS"],[1,158956,159024,-1,2,"scaffold109","GLEAN","CDS"],[1,157997,158397,-1,0,"scaffold109","GLEAN","CDS"],[1,157797,157913,-1,2,"scaffold109","GLEAN","CDS"],[1,157125,157271,-1,0,"scaffold109","GLEAN","CDS"],[1,155267,155376,-1,1,"scaffold109","GLEAN","CDS"]],"mRNA"],[0,161365,173918,-1,"lamu_GLEAN_10002822",0.537454,"scaffold109","GLEAN",[[1,173816,173918,-1,0,"scaffold109","GLEAN","CDS"],[1,172620,172874,-1,0,"scaffold109","GLEAN","CDS"],[1,171593,171742,-1,1,"scaffold109","GLEAN","CDS"],[1,169456,169538,-1,2,"scaffold109","GLEAN","CDS"],[1,169162,169310,-1,1,"scaffold109","GLEAN","CDS"],[1,168777,168934,-1,0,"scaffold109","GLEAN","CDS"],[1,168222,168506,-1,2,"scaffold109","GLEAN","CDS"],[1,168012,168058,-1,0,"scaffold109","GLEAN","CDS"],[1,167178,167320,-1,2,"scaffold109","GLEAN","CDS"],[1,166928,167083,-1,1,"scaffold109","GLEAN","CDS"],[1,166311,166403,-1,2,"scaffold109","GLEAN","CDS"],[1,166130,166229,-1,0,"scaffold109","GLEAN","CDS"],[1,165965,166034,-1,0,"scaffold109","GLEAN","CDS"],[1,164906,164993,-1,0,"scaffold109","GLEAN","CDS"],[1,162827,162887,-1,0,"scaffold109","GLEAN","CDS"],[1,162610,162741,-1,0,"scaffold109","GLEAN","CDS"],[1,161561,161619,-1,1,"scaffold109","GLEAN","CDS"],[1,161365,161488,-1,0,"scaffold109","GLEAN","CDS"]],"mRNA"],[0,181507,185889,1,"lamu_GLEAN_10002823",1,"scaffold109","GLEAN",[[1,181507,182677,1,0,"scaffold109","GLEAN","CDS"],[1,183751,183976,1,0,"scaffold109","GLEAN","CDS"],[1,184053,184149,1,0,"scaffold109","GLEAN","CDS"],[1,184228,184450,1,0,"scaffold109","GLEAN","CDS"],[1,184639,184852,1,0,"scaffold109","GLEAN","CDS"],[1,184912,185059,1,0,"scaffold109","GLEAN","CDS"],[1,185172,185322,1,0,"scaffold109","GLEAN","CDS"],[1,185430,185561,1,0,"scaffold109","GLEAN","CDS"],[1,185645,185889,1,1,"scaffold109","GLEAN","CDS"]],"mRNA"],[0,188123,190273,1,"lamu_GLEAN_10002824",0.998609,"scaffold109","GLEAN",[[1,188123,188208,1,0,"scaffold109","GLEAN","CDS"],[1,188432,190273,1,2,"scaffold109","GLEAN","CDS"]],"mRNA"],[0,271672,272530,-1,"lamu_GLEAN_10002825",0.994824,"scaffold109","GLEAN",[[1,271672,272530,-1,0,"scaffold109","GLEAN","CDS"]],"mRNA"],[0,290248,291542,1,"lamu_GLEAN_10002826",0.995927,"scaffold109","GLEAN",[[1,290248,291297,1,0,"scaffold109","GLEAN","CDS"],[1,291388,291542,1,1,"scaffold109","GLEAN","CDS"]],"mRNA"],[0,294728,299319,1,"lamu_GLEAN_10002827",0.99905,"scaffold109","GLEAN",[[1,294728,294858,1,0,"scaffold109","GLEAN","CDS"],[1,296979,297023,1,2,"scaffold109","GLEAN","CDS"],[1,297140,297281,1,0,"scaffold109","GLEAN","CDS"],[1,297606,299319,1,0,"scaffold109","GLEAN","CDS"]],"mRNA"],[0,300866,302201,1,"lamu_GLEAN_10002828",0.999549,"scaffold109","GLEAN",[[1,300866,301090,1,0,"scaffold109","GLEAN","CDS"],[1,301915,302201,1,1,"scaffold109","GLEAN","CDS"]],"mRNA"],[0,330776,334917,-1,"lamu_GLEAN_10002829",0.964841,"scaffold109","GLEAN",[[1,334566,334917,-1,0,"scaffold109","GLEAN","CDS"],[1,333999,334048,-1,0,"scaffold109","GLEAN","CDS"],[1,333697,333905,-1,2,"scaffold109","GLEAN","CDS"],[1,333213,333385,-1,1,"scaffold109","GLEAN","CDS"],[1,332862,332928,-1,0,"scaffold109","GLEAN","CDS"],[1,332653,332767,-1,0,"scaffold109","GLEAN","CDS"],[1,332426,332543,-1,0,"scaffold109","GLEAN","CDS"],[1,332209,332336,-1,0,"scaffold109","GLEAN","CDS"],[1,331830,332117,-1,2,"scaffold109","GLEAN","CDS"],[1,331521,331712,-1,0,"scaffold109","GLEAN","CDS"],[1,331291,331377,-1,1,"scaffold109","GLEAN","CDS"],[1,331182,331211,-1,2,"scaffold109","GLEAN","CDS"],[1,330776,330920,-1,0,"scaffold109","GLEAN","CDS"]],