{"featureCount":54,"formatVersion":1,"histograms":{"meta":[{"arrayParams":{"chunkSize":10000,"length":14,"urlTemplate":"hist-50000-{Chunk}.json"},"basesPerBin":"50000"}],"stats":[{"basesPerBin":"50000","max":8,"mean":4.14285714285714}]},"intervals":{"classes":[{"attributes":["Start","End","Strand","Id","Score","Seq_id","Source","Subfeatures","Type"],"isArrayAttr":{"Subfeatures":1}},{"attributes":["Start","End","Strand","Phase","Seq_id","Source","Type"],"isArrayAttr":{}},{"attributes":["Start","End","Chunk"],"isArrayAttr":{"Sublist":1}}],"count":54,"lazyClass":2,"maxEnd":659258,"minStart":1379,"nclist":[[0,1379,1889,1,"lamu_GLEAN_10003626",0.731803,"scaffold111","GLEAN",[[1,1379,1889,1,0,"scaffold111","GLEAN","CDS"]],"mRNA"],[0,29839,32663,1,"lamu_GLEAN_10003627",0.651489,"scaffold111","GLEAN",[[1,29839,29939,1,0,"scaffold111","GLEAN","CDS"],[1,30603,30755,1,2,"scaffold111","GLEAN","CDS"],[1,31073,31169,1,0,"scaffold111","GLEAN","CDS"],[1,31269,31332,1,0,"scaffold111","GLEAN","CDS"],[1,31689,31758,1,0,"scaffold111","GLEAN","CDS"],[1,31868,31971,1,0,"scaffold111","GLEAN","CDS"],[1,32058,32130,1,2,"scaffold111","GLEAN","CDS"],[1,32340,32429,1,2,"scaffold111","GLEAN","CDS"],[1,32519,32663,1,0,"scaffold111","GLEAN","CDS"]],"mRNA"],[0,48591,53010,-1,"lamu_GLEAN_10003628",0.999621,"scaffold111","GLEAN",[[1,52677,53010,-1,0,"scaffold111","GLEAN","CDS"],[1,51663,51908,-1,0,"scaffold111","GLEAN","CDS"],[1,51439,51548,-1,1,"scaffold111","GLEAN","CDS"],[1,51098,51239,-1,0,"scaffold111","GLEAN","CDS"],[1,50608,50747,-1,0,"scaffold111","GLEAN","CDS"],[1,50471,50529,-1,2,"scaffold111","GLEAN","CDS"],[1,50353,50371,-1,1,"scaffold111","GLEAN","CDS"],[1,50067,50190,-1,1,"scaffold111","GLEAN","CDS"],[1,49727,49881,-1,1,"scaffold111","GLEAN","CDS"],[1,49599,49633,-1,0,"scaffold111","GLEAN","CDS"],[1,48591,48695,-1,2,"scaffold111","GLEAN","CDS"]],"mRNA"],[0,63195,63743,1,"lamu_GLEAN_10003629",0.999997,"scaffold111","GLEAN",[[1,63195,63276,1,0,"scaffold111","GLEAN","CDS"],[1,63674,63743,1,0,"scaffold111","GLEAN","CDS"]],"mRNA"],[0,86678,87422,-1,"lamu_GLEAN_10003630",1,"scaffold111","GLEAN",[[1,86678,87422,-1,0,"scaffold111","GLEAN","CDS"]],"mRNA"],[0,111419,113868,1,"lamu_GLEAN_10003631",0.878278,"scaffold111","GLEAN",[[1,111419,111530,1,0,"scaffold111","GLEAN","CDS"],[1,112019,112226,1,0,"scaffold111","GLEAN","CDS"],[1,112297,112657,1,0,"scaffold111","GLEAN","CDS"],[1,112759,113100,1,0,"scaffold111","GLEAN","CDS"],[1,113193,113275,1,1,"scaffold111","GLEAN","CDS"],[1,113396,113492,1,0,"scaffold111","GLEAN","CDS"],[1,113570,113732,1,0,"scaffold111","GLEAN","CDS"],[1,113847,113868,1,0,"scaffold111","GLEAN","CDS"]],"mRNA"],[0,163875,164781,1,"lamu_GLEAN_10003632",1,"scaffold111","GLEAN",[[1,163875,164781,1,0,"scaffold111","GLEAN","CDS"]],"mRNA"],[0,180037,180406,-1,"lamu_GLEAN_10003633",1,"scaffold111","GLEAN",[[1,180037,180406,-1,0,"scaffold111","GLEAN","CDS"]],"mRNA"],[0,183831,191730,-1,"lamu_GLEAN_10003634",0.997719,"scaffold111","GLEAN",[[1,191180,191730,-1,0,"scaffold111","GLEAN","CDS"],[1,190979,191035,-1,2,"scaffold111","GLEAN","CDS"],[1,188581,188713,-1,0,"scaffold111","GLEAN","CDS"],[1,184278,184440,-1,0,"scaffold111","GLEAN","CDS"],[1,183831,184098,-1,0,"scaffold111","GLEAN","CDS"]],"mRNA"],[0,195025,203515,-1,"lamu_GLEAN_10003635",0.999998,"scaffold111","GLEAN",[[1,203432,203515,-1,0,"scaffold111","GLEAN","CDS"],[1,201753,201931,-1,1,"scaffold111","GLEAN","CDS"],[1,201074,201165,-1,0,"scaffold111","GLEAN","CDS"],[1,200231,200326,-1,2,"scaffold111","GLEAN","CDS"],[1,199820,199910,-1,0,"scaffold111","GLEAN","CDS"],[1,199691,199740,-1,0,"scaffold111","GLEAN","CDS"],[1,199483,199622,-1,2,"scaffold111","GLEAN","CDS"],[1,198737,198854,-1,1,"scaffold111","GLEAN","CDS"],[1,197586,197677,-1,1,"scaffold111","GLEAN","CDS"],[1,197360,197503,-1,0,"scaffold111","GLEAN","CDS"],[1,196190,196305,-1,1,"scaffold111","GLEAN","CDS"],[1,195025,195106,-1,0,"scaffold111","GLEAN","CDS"]],"mRNA"],[0,218933,222455,1,"lamu_GLEAN_10003636",0.997397,"scaffold111","GLEAN",[[1,218933,219188,1,0,"scaffold111","GLEAN","CDS"],[1,222218,222455,1,0,"scaffold111","GLEAN","CDS"]],"mRNA"],[0,223163,224311,-1,"lamu_GLEAN_10003637",0.482449,"scaffold111","GLEAN",[[1,224206,224311,-1,0,"scaffold111","GLEAN","CDS"],[1,223553,223634,-1,0,"scaffold111","GLEAN","CDS"],[1,223163,223475,-1,0,"scaffold111","GLEAN","CDS"]],"mRNA"],[0,224335,228594,1,"lamu_GLEAN_10003638",0.999998,"scaffold111","GLEAN",[[1,224335,224587,1,0,"scaffold111","GLEAN","CDS"],[1,224845,224909,1,0,"scaffold111","GLEAN","CDS"],[1,227049,227171,1,2,"scaffold111","GLEAN","CDS"],[1,227976,228045,1,0,"scaffold111","GLEAN","CDS"],[1,228304,228349,1,0,"scaffold111","GLEAN","CDS"],[1,228549,228594,1,0,"scaffold111","GLEAN","CDS"]],"mRNA"],[0,231495,233362,-1,"lamu_GLEAN_10003639",0.999022,"scaffold111","GLEAN",[[1,233301,233362,-1,0,"scaffold111","GLEAN","CDS"],[1,232704,232818,-1,2,"scaffold111","GLEAN","CDS"],[1,232435,232549,-1,2,"scaffold111","GLEAN","CDS"],[1,232186,232296,-1,2,"scaffold111","GLEAN","CDS"],[1,231495,231534,-1,0,"scaffold111","GLEAN","CDS"]],"mRNA"],[0,238347,244393,-1,"lamu_GLEAN_10003640",0.800846,"scaffold111","GLEAN",[[1,244237,244393,-1,0,"scaffold111","GLEAN","CDS"],[1,243772,243940,-1,0,"scaffold111","GLEAN","CDS"],[1,240731,240825,-1,0,"scaffold111","GLEAN","CDS"],[1,240167,240344,-1,2,"scaffold111","GLEAN","CDS"],[1,239040,239202,-1,2,"scaffold111","GLEAN","CDS"],[1,238347,238454,-1,2,"scaffold111","GLEAN","CDS"]],"mRNA"],[0,247686,249720,-1,"lamu_GLEAN_10003641",1,"scaffold111","GLEAN",[[1,249188,249720,-1,0,"scaffold111","GLEAN","CDS"],[1,247917,248834,-1,2,"scaffold111","GLEAN","CDS"],[1,247686,247824,-1,0,"scaffold111","GLEAN","CDS"]],"mRNA"],[0,273338,275208,1,"lamu_GLEAN_10003642",0.995156,"scaffold111","GLEAN",[[1,273338,274970,1,0,"scaffold111","GLEAN","CDS"],[1,275061,275208,1,0,"scaffold111","GLEAN","CDS"]],"mRNA"],[0,278105,279598,1,"lamu_GLEAN_10003643",0.937264,"scaffold111","GLEAN",[[1,278105,278285,1,0,"scaffold111","GLEAN","CDS"],[1,278941,279598,1,0,"scaffold111","GLEAN","CDS"]],"mRNA"],[0,282902,285438,1,"lamu_GLEAN_10003644",0.997583,"scaffold111","GLEAN",[[1,282902,283215,1,0,"scaffold111","GLEAN","CDS"],[1,283342,283483,1,2,"scaffold111","GLEAN","CDS"],[1,283935,284208,1,2,"scaffold111","GLEAN","CDS"],[1,284310,284432,1,2,"scaffold111","GLEAN","CDS"],[1,284555,284699,1,0,"scaffold111","GLEAN","CDS"],[1,284799,285438,1,0,"scaffold111","GLEAN","CDS"]],"mRNA"],[0,286513,287624,1,"lamu_GLEAN_10003645",0.962544,"scaffold111","GLEAN",[[1,286513,286538,1,0,"scaffold111","GLEAN","CDS"],[1,287103,287624,1,2,"scaffold111","GLEAN","CDS"]],"mRNA"],[0,289380,291435,-1,"lamu_GLEAN_10003646",0.660379,"scaffold111","GLEAN",[[1,291278,291435,-1,0,"scaffold111","GLEAN","CDS"],[1,290372,290389,-1,2,"scaffold111","GLEAN","CDS"],[1,289909,290239,-1,0,"scaffold111","GLEAN","CDS"],[1,289587,289825,-1,0,"scaffold111","GLEAN","CDS"],[1,289380,289499,-1,2,"scaffold111","GLEAN","CDS"]],"mRNA"],[0,298680,302965,1,"lamu_GLEAN_10003647",1,"scaffold111","GLEAN",[[1,298680,299679,1,0,"scaffold111","GLEAN","CDS"],[1,301312,301572,1,0,"scaffold111","GLEAN","CDS"],[1,302646,302965,1,1,"scaffold111","GLEAN","CDS"]],"mRNA"],[0,307755,309906,1,"lamu_GLEAN_10003648",1,"scaffold111","GLEAN",[[1,307755,309906,1,0,"scaffold111","GLEAN","CDS"]],"mRNA"],[0,310774,317953,-1,"lamu_GLEAN_10003649",0.99849,"scaffold111","GLEAN",[[1,316003,317953,-1,0,"scaffold111","GLEAN","CDS"],[1,313081,313195,-1,0,"scaffold111","GLEAN","CDS"],[1,312718,312983,-1,0,"scaffold111","GLEAN","CDS"],[1,310774,310899,-1,2,"scaffold111","GLEAN","CDS"]],"mRNA"],[0,326515,329861,-1,"lamu_GLEAN_10003650",0.999991,"scaffold111","GLEAN",[[1,329840,329861,-1,0,"scaffold111","GLEAN","CDS"],[1,329511,329644,-1,0,"scaffold111","GLEAN","CDS"],[1,328744,328815,-1,2,"scaffold111","GLEAN","CDS"],[1,327076,327141,-1,0,"scaffold111","GLEAN","CDS"],[1,326765,326848,-1,1,"scaffold111","GLEAN","CDS"],[1,326515,326604,-1,2,"scaffold111","GLEAN","CDS"]],