{"featureCount":6,"formatVersion":1,"histograms":{"meta":[{"arrayParams":{"chunkSize":10000,"length":3,"urlTemplate":"hist-50000-{Chunk}.json"},"basesPerBin":"50000"}],"stats":[{"basesPerBin":"50000","max":4,"mean":2.33333333333333}]},"intervals":{"classes":[{"attributes":["Start","End","Strand","Id","Score","Seq_id","Source","Subfeatures","Type"],"isArrayAttr":{"Subfeatures":1}},{"attributes":["Start","End","Strand","Phase","Seq_id","Source","Type"],"isArrayAttr":{}},{"attributes":["Start","End","Chunk"],"isArrayAttr":{"Sublist":1}}],"count":6,"lazyClass":2,"maxEnd":117686,"minStart":31232,"nclist":[[0,31232,32705,1,"lamu_GLEAN_10000749",0.285673,"scaffold285","GLEAN",[[1,31232,31306,1,0,"scaffold285","GLEAN","CDS"],[1,31519,31743,1,1,"scaffold285","GLEAN","CDS"],[1,31926,32705,1,2,"scaffold285","GLEAN","CDS"]],"mRNA"],[0,74364,75507,1,"lamu_GLEAN_10000750",0.707747,"scaffold285","GLEAN",[[1,74364,74397,1,0,"scaffold285","GLEAN","CDS"],[1,75351,75507,1,0,"scaffold285","GLEAN","CDS"]],"mRNA"],[0,76318,78672,1,"lamu_GLEAN_10000751",0.706912,"scaffold285","GLEAN",[[1,76318,76373,1,0,"scaffold285","GLEAN","CDS"],[1,76460,76554,1,2,"scaffold285","GLEAN","CDS"],[1,77471,77594,1,1,"scaffold285","GLEAN","CDS"],[1,77665,77723,1,1,"scaffold285","GLEAN","CDS"],[1,78186,78672,1,0,"scaffold285","GLEAN","CDS"]],"mRNA"],[0,79409,83661,-1,"lamu_GLEAN_10000752",0.996909,"scaffold285","GLEAN",[[1,83559,83661,-1,0,"scaffold285","GLEAN","CDS"],[1,81194,81414,-1,0,"scaffold285","GLEAN","CDS"],[1,80256,80450,-1,2,"scaffold285","GLEAN","CDS"],[1,79409,79547,-1,0,"scaffold285","GLEAN","CDS"]],"mRNA"],[0,98457,101158,1,"lamu_GLEAN_10000753",0.999631,"scaffold285","GLEAN",[[1,98457,99355,1,0,"scaffold285","GLEAN","CDS"],[1,99429,99611,1,2,"scaffold285","GLEAN","CDS"],[1,99841,99910,1,0,"scaffold285","GLEAN","CDS"],[1,100045,100333,1,0,"scaffold285","GLEAN","CDS"],[1,100578,100791,1,0,"scaffold285","GLEAN","CDS"],[1,100972,101158,1,0,"scaffold285","GLEAN","CDS"]],"mRNA"],[0,116923,117686,-1,"lamu_GLEAN_10000754",0.778491,"scaffold285","GLEAN",[[1,117580,117686,-1,0,"scaffold285","GLEAN","CDS"],[1,117130,117477,-1,2,"scaffold285","GLEAN","CDS"],[1,116923,116932,-1,0,"scaffold285","GLEAN","CDS"]],"mRNA"]],"urlTemplate":"lf-{Chunk}.json"}}