{"featureCount":15,"formatVersion":1,"histograms":{"meta":[{"arrayParams":{"chunkSize":10000,"length":4,"urlTemplate":"hist-50000-{Chunk}.json"},"basesPerBin":"50000"}],"stats":[{"basesPerBin":"50000","max":7,"mean":3.75}]},"intervals":{"classes":[{"attributes":["Start","End","Strand","Id","Score","Seq_id","Source","Subfeatures","Type"],"isArrayAttr":{"Subfeatures":1}},{"attributes":["Start","End","Strand","Phase","Seq_id","Source","Type"],"isArrayAttr":{}},{"attributes":["Start","End","Chunk"],"isArrayAttr":{"Sublist":1}}],"count":15,"lazyClass":2,"maxEnd":181425,"minStart":29532,"nclist":[[0,29532,29910,-1,"lamu_GLEAN_10001095",1,"scaffold221","GLEAN",[[1,29532,29910,-1,0,"scaffold221","GLEAN","CDS"]],"mRNA"],[0,38849,39407,1,"lamu_GLEAN_10001096",0.764895,"scaffold221","GLEAN",[[1,38849,39407,1,0,"scaffold221","GLEAN","CDS"]],"mRNA"],[0,45654,46233,1,"lamu_GLEAN_10001097",0.600834,"scaffold221","GLEAN",[[1,45654,46233,1,0,"scaffold221","GLEAN","CDS"]],"mRNA"],[0,80724,81234,-1,"lamu_GLEAN_10001098",0.816065,"scaffold221","GLEAN",[[1,80724,81234,-1,0,"scaffold221","GLEAN","CDS"]],"mRNA"],[0,87654,90498,-1,"lamu_GLEAN_10001099",0.90413,"scaffold221","GLEAN",[[1,90303,90498,-1,0,"scaffold221","GLEAN","CDS"],[1,90106,90237,-1,0,"scaffold221","GLEAN","CDS"],[1,87654,88069,-1,1,"scaffold221","GLEAN","CDS"]],"mRNA"],[0,117975,120492,1,"lamu_GLEAN_10001100",0.999771,"scaffold221","GLEAN",[[1,117975,118105,1,0,"scaffold221","GLEAN","CDS"],[1,119878,120492,1,2,"scaffold221","GLEAN","CDS"]],"mRNA"],[0,134872,135634,-1,"lamu_GLEAN_10001101",0.999161,"scaffold221","GLEAN",[[1,135619,135634,-1,0,"scaffold221","GLEAN","CDS"],[1,134872,135025,-1,0,"scaffold221","GLEAN","CDS"]],"mRNA"],[0,137320,145113,1,"lamu_GLEAN_10001102",0.853866,"scaffold221","GLEAN",[[1,137320,137555,1,0,"scaffold221","GLEAN","CDS"],[1,137798,137965,1,2,"scaffold221","GLEAN","CDS"],[1,144927,145113,1,0,"scaffold221","GLEAN","CDS"]],"mRNA"],[0,150603,150957,-1,"lamu_GLEAN_10001103",0.999991,"scaffold221","GLEAN",[[1,150603,150957,-1,0,"scaffold221","GLEAN","CDS"]],"mRNA"],[0,152454,153267,1,"lamu_GLEAN_10001104",0.990632,"scaffold221","GLEAN",[[1,152454,152626,1,0,"scaffold221","GLEAN","CDS"],[1,152923,153267,1,2,"scaffold221","GLEAN","CDS"]],"mRNA"],[0,156213,156654,1,"lamu_GLEAN_10001105",0.471779,"scaffold221","GLEAN",[[1,156213,156654,1,0,"scaffold221","GLEAN","CDS"]],"mRNA"],[0,157282,157615,1,"lamu_GLEAN_10001106",0.864936,"scaffold221","GLEAN",[[1,157282,157615,1,0,"scaffold221","GLEAN","CDS"]],"mRNA"],[0,165971,166400,1,"lamu_GLEAN_10001107",0.999991,"scaffold221","GLEAN",[[1,165971,166400,1,0,"scaffold221","GLEAN","CDS"]],"mRNA"],[0,175541,177444,-1,"lamu_GLEAN_10001108",0.4897,"scaffold221","GLEAN",[[1,177258,177444,-1,0,"scaffold221","GLEAN","CDS"],[1,175541,176033,-1,0,"scaffold221","GLEAN","CDS"]],"mRNA"],[0,178950,181425,1,"lamu_GLEAN_10001109",0.379274,"scaffold221","GLEAN",[[1,178950,179031,1,0,"scaffold221","GLEAN","CDS"],[1,179193,179231,1,0,"scaffold221","GLEAN","CDS"],[1,179343,179592,1,1,"scaffold221","GLEAN","CDS"],[1,179691,179931,1,1,"scaffold221","GLEAN","CDS"],[1,181310,181425,1,1,"scaffold221","GLEAN","CDS"]],"mRNA"]],"urlTemplate":"lf-{Chunk}.json"}}