{"featureCount":18,"formatVersion":1,"histograms":{"meta":[{"arrayParams":{"chunkSize":10000,"length":4,"urlTemplate":"hist-50000-{Chunk}.json"},"basesPerBin":"50000"}],"stats":[{"basesPerBin":"50000","max":8,"mean":5}]},"intervals":{"classes":[{"attributes":["Start","End","Strand","Id","Score","Seq_id","Source","Subfeatures","Type"],"isArrayAttr":{"Subfeatures":1}},{"attributes":["Start","End","Strand","Phase","Seq_id","Source","Type"],"isArrayAttr":{}},{"attributes":["Start","End","Chunk"],"isArrayAttr":{"Sublist":1}}],"count":18,"lazyClass":2,"maxEnd":173683,"minStart":16445,"nclist":[[0,16445,21064,-1,"lamu_GLEAN_10001066",0.672049,"scaffold233","GLEAN",[[1,20746,21064,-1,0,"scaffold233","GLEAN","CDS"],[1,19499,19700,-1,0,"scaffold233","GLEAN","CDS"],[1,18026,18221,-1,0,"scaffold233","GLEAN","CDS"],[1,17404,17538,-1,0,"scaffold233","GLEAN","CDS"],[1,16617,16804,-1,1,"scaffold233","GLEAN","CDS"],[1,16445,16547,-1,0,"scaffold233","GLEAN","CDS"]],"mRNA"],[0,27737,31499,1,"lamu_GLEAN_10001067",1,"scaffold233","GLEAN",[[1,27737,28105,1,0,"scaffold233","GLEAN","CDS"],[1,28247,30255,1,1,"scaffold233","GLEAN","CDS"],[1,30452,30659,1,0,"scaffold233","GLEAN","CDS"],[1,31184,31499,1,0,"scaffold233","GLEAN","CDS"]],"mRNA"],[0,31950,39285,-1,"lamu_GLEAN_10001068",0.724794,"scaffold233","GLEAN",[[1,39177,39285,-1,0,"scaffold233","GLEAN","CDS"],[1,38489,38626,-1,0,"scaffold233","GLEAN","CDS"],[1,38193,38319,-1,1,"scaffold233","GLEAN","CDS"],[1,36769,36828,-1,1,"scaffold233","GLEAN","CDS"],[1,36111,36224,-1,2,"scaffold233","GLEAN","CDS"],[1,35942,36035,-1,0,"scaffold233","GLEAN","CDS"],[1,35633,35736,-1,0,"scaffold233","GLEAN","CDS"],[1,35345,35428,-1,2,"scaffold233","GLEAN","CDS"],[1,31950,32559,-1,0,"scaffold233","GLEAN","CDS"]],"mRNA"],[0,43529,45103,1,"lamu_GLEAN_10001069",0.979082,"scaffold233","GLEAN",[[1,43529,43937,1,0,"scaffold233","GLEAN","CDS"],[1,44824,45103,1,0,"scaffold233","GLEAN","CDS"]],"mRNA"],[0,47988,52674,1,"lamu_GLEAN_10001070",0.675005,"scaffold233","GLEAN",[[1,47988,48239,1,0,"scaffold233","GLEAN","CDS"],[1,48624,48699,1,1,"scaffold233","GLEAN","CDS"],[1,50372,50499,1,1,"scaffold233","GLEAN","CDS"],[1,50704,50832,1,0,"scaffold233","GLEAN","CDS"],[1,51265,51374,1,1,"scaffold233","GLEAN","CDS"],[1,51477,51577,1,0,"scaffold233","GLEAN","CDS"],[1,51746,51823,1,2,"scaffold233","GLEAN","CDS"],[1,52036,52144,1,0,"scaffold233","GLEAN","CDS"],[1,52662,52674,1,0,"scaffold233","GLEAN","CDS"]],"mRNA"],[0,53711,56974,-1,"lamu_GLEAN_10001071",0.479904,"scaffold233","GLEAN",[[1,56442,56974,-1,0,"scaffold233","GLEAN","CDS"],[1,55498,55596,-1,2,"scaffold233","GLEAN","CDS"],[1,55307,55358,-1,0,"scaffold233","GLEAN","CDS"],[1,55068,55182,-1,0,"scaffold233","GLEAN","CDS"],[1,54181,54238,-1,0,"scaffold233","GLEAN","CDS"],[1,53943,54029,-1,0,"scaffold233","GLEAN","CDS"],[1,53711,53832,-1,1,"scaffold233","GLEAN","CDS"]],"mRNA"],[0,61781,78738,1,"lamu_GLEAN_10001072",0.20831,"scaffold233","GLEAN",[[1,61781,61837,1,0,"scaffold233","GLEAN","CDS"],[1,62471,62637,1,1,"scaffold233","GLEAN","CDS"],[1,63045,63657,1,0,"scaffold233","GLEAN","CDS"],[1,63789,63978,1,0,"scaffold233","GLEAN","CDS"],[1,64098,64212,1,0,"scaffold233","GLEAN","CDS"],[1,65723,65782,1,0,"scaffold233","GLEAN","CDS"],[1,66107,66174,1,1,"scaffold233","GLEAN","CDS"],[1,66310,66362,1,0,"scaffold233","GLEAN","CDS"],[1,66458,66566,1,2,"scaffold233","GLEAN","CDS"],[1,66724,66808,1,2,"scaffold233","GLEAN","CDS"],[1,66928,67335,1,2,"scaffold233","GLEAN","CDS"],[1,73251,73313,1,0,"scaffold233","GLEAN","CDS"],[1,74511,74581,1,1,"scaffold233","GLEAN","CDS"],[1,74842,74923,1,0,"scaffold233","GLEAN","CDS"],[1,75013,75115,1,0,"scaffold233","GLEAN","CDS"],[1,77237,77362,1,0,"scaffold233","GLEAN","CDS"],[1,77623,77741,1,1,"scaffold233","GLEAN","CDS"],[1,78510,78634,1,0,"scaffold233","GLEAN","CDS"],[1,78724,78738,1,2,"scaffold233","GLEAN","CDS"]],"mRNA"],[0,79489,84160,-1,"lamu_GLEAN_10001073",0.993143,"scaffold233","GLEAN",[[1,84069,84160,-1,0,"scaffold233","GLEAN","CDS"],[1,82789,82983,-1,2,"scaffold233","GLEAN","CDS"],[1,82601,82632,-1,0,"scaffold233","GLEAN","CDS"],[1,79854,80246,-1,2,"scaffold233","GLEAN","CDS"],[1,79489,79756,-1,0,"scaffold233","GLEAN","CDS"]],"mRNA"],[0,88163,91269,1,"lamu_GLEAN_10001074",0.997786,"scaffold233","GLEAN",[[1,88163,88394,1,0,"scaffold233","GLEAN","CDS"],[1,89678,89751,1,0,"scaffold233","GLEAN","CDS"],[1,90147,90353,1,2,"scaffold233","GLEAN","CDS"],[1,90454,90601,1,0,"scaffold233","GLEAN","CDS"],[1,91146,91269,1,0,"scaffold233","GLEAN","CDS"]],"mRNA"],[0,93250,105234,-1,"lamu_GLEAN_10001075",0.997259,"scaffold233","GLEAN",[[1,105158,105234,-1,0,"scaffold233","GLEAN","CDS"],[1,104916,105050,-1,2,"scaffold233","GLEAN","CDS"],[1,104511,104673,-1,0,"scaffold233","GLEAN","CDS"],[1,95143,95321,-1,0,"scaffold233","GLEAN","CDS"],[1,94601,95031,-1,2,"scaffold233","GLEAN","CDS"],[1,93781,94526,-1,1,"scaffold233","GLEAN","CDS"],[1,93250,93535,-1,0,"scaffold233","GLEAN","CDS"]],"mRNA"],[0,106262,106721,-1,"lamu_GLEAN_10001076",0.99876,"scaffold233","GLEAN",[[1,106262,106721,-1,0,"scaffold233","GLEAN","CDS"]],"mRNA"],[0,117678,119818,-1,"lamu_GLEAN_10001077",0.768705,"scaffold233","GLEAN",[[1,119672,119818,-1,0,"scaffold233","GLEAN","CDS"],[1,119228,119403,-1,1,"scaffold233","GLEAN","CDS"],[1,118089,118362,-1,0,"scaffold233","GLEAN","CDS"],[1,117678,117822,-1,0,"scaffold233","GLEAN","CDS"]],"mRNA"],[0,120864,126105,-1,"lamu_GLEAN_10001078",0.922646,"scaffold233","GLEAN",[[1,126018,126105,-1,0,"scaffold233","GLEAN","CDS"],[1,123992,124125,-1,0,"scaffold233","GLEAN","CDS"],[1,123449,123538,-1,2,"scaffold233","GLEAN","CDS"],[1,123222,123345,-1,0,"scaffold233","GLEAN","CDS"],[1,122240,122368,-1,0,"scaffold233","GLEAN","CDS"],[1,122082,122108,-1,1,"scaffold233","GLEAN","CDS"],[1,121845,122002,-1,2,"scaffold233","GLEAN","CDS"],[1,120864,120916,-1,1,"scaffold233","GLEAN","CDS"]],"mRNA"],[0,129311,132188,1,"lamu_GLEAN_10001079",0.650668,"scaffold233","GLEAN",[[1,129311,129833,1,0,"scaffold233","GLEAN","CDS"],[1,130068,130407,1,0,"scaffold233","GLEAN","CDS"],[1,130896,131130,1,0,"scaffold233","GLEAN","CDS"],[1,131215,131545,1,0,"scaffold233","GLEAN","CDS"],[1,131891,132188,1,0,"scaffold233","GLEAN","CDS"]],"mRNA"],[0,133651,134347,-1,"lamu_GLEAN_10001080",0.999424,"scaffold233","GLEAN",[[1,133651,134347,-1,0,"scaffold233","GLEAN","CDS"]],"mRNA"],[0,135194,139014,-1,"lamu_GLEAN_10001081",0.271586,"scaffold233","GLEAN",[[1,138913,139014,-1,0,"scaffold233","GLEAN","CDS"],[1,138711,138815,-1,1,"scaffold233","GLEAN","CDS"],[1,138253,138310,-1,2,"scaffold233","GLEAN","CDS"],[1,137586,137660,-1,2,"scaffold233","GLEAN","CDS"],[1,137418,137459,-1,0,"scaffold233","GLEAN","CDS"],[1,136762,136834,-1,1,"scaffold233","GLEAN","CDS"],[1,136484,136677,-1,1,"scaffold233","GLEAN","CDS"],[1,136291,136387,-1,0,"scaffold233","GLEAN","CDS"],[1,135816,135884,-1,0,"scaffold233","GLEAN","CDS"],[1,135381,135463,-1,1,"scaffold233","GLEAN","CDS"],[1,135194,135287,-1,0,"scaffold233","GLEAN","CDS"]],"mRNA"],[0,140192,143810,1,"lamu_GLEAN_10001082",0.997785,"scaffold233","GLEAN",[[1,140192,140363,1,0,"scaffold233","GLEAN","CDS"],[1,140801,140886,1,0,"scaffold233","GLEAN","CDS"],[1,141008,141149,1,2,"scaffold233","GLEAN","CDS"],[1,141273,141368,1,2,"scaffold233","GLEAN","CDS"],[1,142338,142527,1,0,"scaffold233","GLEAN","CDS"],[1,142632,142763,1,0,"scaffold233","GLEAN","CDS"],[1,142843,142946,1,1,"scaffold233","GLEAN","CDS"],[1,143606,143810,1,0,"scaffold233","GLEAN","CDS"]],