{"featureCount":9,"formatVersion":1,"histograms":{"meta":[{"arrayParams":{"chunkSize":10000,"length":3,"urlTemplate":"hist-100000-{Chunk}.json"},"basesPerBin":"100000"}],"stats":[{"basesPerBin":"100000","max":5,"mean":3}]},"intervals":{"classes":[{"attributes":["Start","End","Strand","Id","Score","Seq_id","Source","Subfeatures","Type"],"isArrayAttr":{"Subfeatures":1}},{"attributes":["Start","End","Strand","Phase","Seq_id","Source","Type"],"isArrayAttr":{}},{"attributes":["Start","End","Chunk"],"isArrayAttr":{"Sublist":1}}],"count":9,"lazyClass":2,"maxEnd":243587,"minStart":48170,"nclist":[[0,48170,51083,1,"lamu_GLEAN_10001304",0.425729,"scaffold183","GLEAN",[[1,48170,48286,1,0,"scaffold183","GLEAN","CDS"],[1,48449,48564,1,1,"scaffold183","GLEAN","CDS"],[1,50885,51083,1,0,"scaffold183","GLEAN","CDS"]],"mRNA"],[0,125824,132106,1,"lamu_GLEAN_10001305",0.650834,"scaffold183","GLEAN",[[1,125824,126205,1,0,"scaffold183","GLEAN","CDS"],[1,127531,127940,1,0,"scaffold183","GLEAN","CDS"],[1,128011,128139,1,2,"scaffold183","GLEAN","CDS"],[1,128297,128357,1,0,"scaffold183","GLEAN","CDS"],[1,129600,129750,1,0,"scaffold183","GLEAN","CDS"],[1,129930,130086,1,0,"scaffold183","GLEAN","CDS"],[1,130472,130610,1,0,"scaffold183","GLEAN","CDS"],[1,130705,130779,1,0,"scaffold183","GLEAN","CDS"],[1,131237,131339,1,1,"scaffold183","GLEAN","CDS"],[1,131634,131872,1,1,"scaffold183","GLEAN","CDS"],[1,132028,132106,1,0,"scaffold183","GLEAN","CDS"]],"mRNA"],[0,157592,159158,-1,"lamu_GLEAN_10001306",0.999904,"scaffold183","GLEAN",[[1,157592,159158,-1,0,"scaffold183","GLEAN","CDS"]],"mRNA"],[0,164852,168376,1,"lamu_GLEAN_10001307",0.53082,"scaffold183","GLEAN",[[1,164852,164879,1,0,"scaffold183","GLEAN","CDS"],[1,165510,165604,1,0,"scaffold183","GLEAN","CDS"],[1,167057,167186,1,2,"scaffold183","GLEAN","CDS"],[1,167267,167383,1,2,"scaffold183","GLEAN","CDS"],[1,167569,167956,1,0,"scaffold183","GLEAN","CDS"],[1,168232,168376,1,0,"scaffold183","GLEAN","CDS"]],"mRNA"],[0,178677,180823,1,"lamu_GLEAN_10001308",0.999994,"scaffold183","GLEAN",[[1,178677,179349,1,0,"scaffold183","GLEAN","CDS"],[1,180472,180823,1,0,"scaffold183","GLEAN","CDS"]],"mRNA"],[0,189199,189641,1,"lamu_GLEAN_10001309",0.892005,"scaffold183","GLEAN",[[1,189199,189280,1,0,"scaffold183","GLEAN","CDS"],[1,189385,189492,1,0,"scaffold183","GLEAN","CDS"],[1,189571,189641,1,1,"scaffold183","GLEAN","CDS"]],"mRNA"],[0,215653,215989,1,"lamu_GLEAN_10001310",0.999925,"scaffold183","GLEAN",[[1,215653,215989,1,0,"scaffold183","GLEAN","CDS"]],"mRNA"],[0,234945,236879,1,"lamu_GLEAN_10001311",1,"scaffold183","GLEAN",[[1,234945,235140,1,0,"scaffold183","GLEAN","CDS"],[1,235358,235420,1,0,"scaffold183","GLEAN","CDS"],[1,235502,235543,1,1,"scaffold183","GLEAN","CDS"],[1,236658,236879,1,2,"scaffold183","GLEAN","CDS"]],"mRNA"],[0,238869,243587,1,"lamu_GLEAN_10001312",0.800989,"scaffold183","GLEAN",[[1,238869,238935,1,0,"scaffold183","GLEAN","CDS"],[1,242206,242321,1,0,"scaffold183","GLEAN","CDS"],[1,243462,243587,1,2,"scaffold183","GLEAN","CDS"]],"mRNA"]],"urlTemplate":"lf-{Chunk}.json"}}