{"featureCount":7,"formatVersion":1,"histograms":{"meta":[{"arrayParams":{"chunkSize":10000,"length":2,"urlTemplate":"hist-20000-{Chunk}.json"},"basesPerBin":"20000"}],"stats":[{"basesPerBin":"20000","max":4,"mean":3.5}]},"intervals":{"classes":[{"attributes":["Start","End","Strand","Id","Score","Seq_id","Source","Subfeatures","Type"],"isArrayAttr":{"Subfeatures":1}},{"attributes":["Start","End","Strand","Phase","Seq_id","Source","Type"],"isArrayAttr":{}},{"attributes":["Start","End","Chunk"],"isArrayAttr":{"Sublist":1}}],"count":7,"lazyClass":2,"maxEnd":35888,"minStart":22,"nclist":[[0,22,543,-1,"lamu_GLEAN_10000437",1,"scaffold458","GLEAN",[[1,296,543,-1,0,"scaffold458","GLEAN","CDS"],[1,22,210,-1,2,"scaffold458","GLEAN","CDS"]],"mRNA"],[0,1287,3441,-1,"lamu_GLEAN_10000438",0.730864,"scaffold458","GLEAN",[[1,3201,3441,-1,0,"scaffold458","GLEAN","CDS"],[1,2701,2949,-1,0,"scaffold458","GLEAN","CDS"],[1,1287,1879,-1,1,"scaffold458","GLEAN","CDS"]],"mRNA"],[0,12256,14929,1,"lamu_GLEAN_10000439",0.994497,"scaffold458","GLEAN",[[1,12256,14929,1,0,"scaffold458","GLEAN","CDS"]],"mRNA"],[0,15569,18149,1,"lamu_GLEAN_10000440",0.494835,"scaffold458","GLEAN",[[1,15569,15935,1,0,"scaffold458","GLEAN","CDS"],[1,17897,18149,1,0,"scaffold458","GLEAN","CDS"]],"mRNA"],[0,20691,22635,1,"lamu_GLEAN_10000441",0.589787,"scaffold458","GLEAN",[[1,20691,20748,1,0,"scaffold458","GLEAN","CDS"],[1,21045,21134,1,0,"scaffold458","GLEAN","CDS"],[1,21885,21956,1,1,"scaffold458","GLEAN","CDS"],[1,22426,22635,1,2,"scaffold458","GLEAN","CDS"]],"mRNA"],[0,24912,25383,-1,"lamu_GLEAN_10000442",0.999991,"scaffold458","GLEAN",[[1,24912,25383,-1,0,"scaffold458","GLEAN","CDS"]],"mRNA"],[0,32555,35888,1,"lamu_GLEAN_10000443",0.765295,"scaffold458","GLEAN",[[1,32555,32755,1,0,"scaffold458","GLEAN","CDS"],[1,33162,33277,1,1,"scaffold458","GLEAN","CDS"],[1,33893,34010,1,0,"scaffold458","GLEAN","CDS"],[1,34209,34296,1,0,"scaffold458","GLEAN","CDS"],[1,34467,34544,1,0,"scaffold458","GLEAN","CDS"],[1,35105,35233,1,1,"scaffold458","GLEAN","CDS"],[1,35495,35719,1,2,"scaffold458","GLEAN","CDS"],[1,35810,35888,1,0,"scaffold458","GLEAN","CDS"]],"mRNA"]],"urlTemplate":"lf-{Chunk}.json"}}