{"featureCount":29,"formatVersion":1,"histograms":{"meta":[{"arrayParams":{"chunkSize":10000,"length":11,"urlTemplate":"hist-50000-{Chunk}.json"},"basesPerBin":"50000"}],"stats":[{"basesPerBin":"50000","max":5,"mean":2.63636363636364}]},"intervals":{"classes":[{"attributes":["Start","End","Strand","Id","Score","Seq_id","Source","Subfeatures","Type"],"isArrayAttr":{"Subfeatures":1}},{"attributes":["Start","End","Strand","Phase","Seq_id","Source","Type"],"isArrayAttr":{}},{"attributes":["Start","End","Chunk"],"isArrayAttr":{"Sublist":1}}],"count":29,"lazyClass":2,"maxEnd":529654,"minStart":52739,"nclist":[[0,52739,58114,1,"lamu_GLEAN_10002998",0.24033,"scaffold108","GLEAN",[[1,52739,52952,1,0,"scaffold108","GLEAN","CDS"],[1,55161,55260,1,0,"scaffold108","GLEAN","CDS"],[1,55512,55737,1,0,"scaffold108","GLEAN","CDS"],[1,55826,55946,1,0,"scaffold108","GLEAN","CDS"],[1,56194,56278,1,0,"scaffold108","GLEAN","CDS"],[1,56367,56427,1,0,"scaffold108","GLEAN","CDS"],[1,57025,57154,1,0,"scaffold108","GLEAN","CDS"],[1,57386,57478,1,0,"scaffold108","GLEAN","CDS"],[1,57918,58114,1,1,"scaffold108","GLEAN","CDS"]],"mRNA"],[0,67292,77344,1,"lamu_GLEAN_10002999",0.414749,"scaffold108","GLEAN",[[1,67292,67358,1,0,"scaffold108","GLEAN","CDS"],[1,68424,68505,1,0,"scaffold108","GLEAN","CDS"],[1,69109,69227,1,0,"scaffold108","GLEAN","CDS"],[1,69947,70066,1,2,"scaffold108","GLEAN","CDS"],[1,70409,70522,1,0,"scaffold108","GLEAN","CDS"],[1,71196,71278,1,1,"scaffold108","GLEAN","CDS"],[1,71570,71656,1,0,"scaffold108","GLEAN","CDS"],[1,71909,72097,1,1,"scaffold108","GLEAN","CDS"],[1,72762,72855,1,2,"scaffold108","GLEAN","CDS"],[1,74053,74241,1,2,"scaffold108","GLEAN","CDS"],[1,74424,74536,1,0,"scaffold108","GLEAN","CDS"],[1,74841,74999,1,2,"scaffold108","GLEAN","CDS"],[1,76661,76778,1,0,"scaffold108","GLEAN","CDS"],[1,77119,77344,1,0,"scaffold108","GLEAN","CDS"]],"mRNA"],[0,92912,94226,1,"lamu_GLEAN_10003000",1,"scaffold108","GLEAN",[[1,92912,94226,1,0,"scaffold108","GLEAN","CDS"]],"mRNA"],[0,161951,163572,-1,"lamu_GLEAN_10003001",0.995555,"scaffold108","GLEAN",[[1,163515,163572,-1,0,"scaffold108","GLEAN","CDS"],[1,163382,163421,-1,0,"scaffold108","GLEAN","CDS"],[1,161951,163259,-1,0,"scaffold108","GLEAN","CDS"]],"mRNA"],[0,164471,165512,1,"lamu_GLEAN_10003002",0.440882,"scaffold108","GLEAN",[[1,164471,164653,1,0,"scaffold108","GLEAN","CDS"],[1,164785,165512,1,1,"scaffold108","GLEAN","CDS"]],"mRNA"],[0,168193,169092,-1,"lamu_GLEAN_10003003",1,"scaffold108","GLEAN",[[1,169068,169092,-1,0,"scaffold108","GLEAN","CDS"],[1,168901,168980,-1,0,"scaffold108","GLEAN","CDS"],[1,168193,168819,-1,2,"scaffold108","GLEAN","CDS"]],"mRNA"],[0,176185,178382,1,"lamu_GLEAN_10003004",1,"scaffold108","GLEAN",[[1,176185,176227,1,0,"scaffold108","GLEAN","CDS"],[1,176324,176444,1,0,"scaffold108","GLEAN","CDS"],[1,177044,177352,1,0,"scaffold108","GLEAN","CDS"],[1,177478,177723,1,1,"scaffold108","GLEAN","CDS"],[1,177879,178382,1,2,"scaffold108","GLEAN","CDS"]],"mRNA"],[0,188169,188963,1,"lamu_GLEAN_10003005",1,"scaffold108","GLEAN",[[1,188169,188490,1,0,"scaffold108","GLEAN","CDS"],[1,188612,188963,1,0,"scaffold108","GLEAN","CDS"]],"mRNA"],[0,203578,204727,-1,"lamu_GLEAN_10003006",1,"scaffold108","GLEAN",[[1,203578,204727,-1,0,"scaffold108","GLEAN","CDS"]],"mRNA"],[0,218492,222255,-1,"lamu_GLEAN_10003007",0.532513,"scaffold108","GLEAN",[[1,222093,222255,-1,0,"scaffold108","GLEAN","CDS"],[1,221694,221768,-1,0,"scaffold108","GLEAN","CDS"],[1,221237,221292,-1,1,"scaffold108","GLEAN","CDS"],[1,221010,221085,-1,0,"scaffold108","GLEAN","CDS"],[1,220265,220463,-1,0,"scaffold108","GLEAN","CDS"],[1,219183,219257,-1,0,"scaffold108","GLEAN","CDS"],[1,218984,219033,-1,1,"scaffold108","GLEAN","CDS"],[1,218492,218687,-1,0,"scaffold108","GLEAN","CDS"]],"mRNA"],[0,224412,224979,-1,"lamu_GLEAN_10003008",1,"scaffold108","GLEAN",[[1,224412,224979,-1,0,"scaffold108","GLEAN","CDS"]],"mRNA"],[0,246908,247511,1,"lamu_GLEAN_10003009",0.631261,"scaffold108","GLEAN",[[1,246908,247511,1,0,"scaffold108","GLEAN","CDS"]],"mRNA"],[0,248587,249514,-1,"lamu_GLEAN_10003010",1,"scaffold108","GLEAN",[[1,248587,249514,-1,0,"scaffold108","GLEAN","CDS"]],"mRNA"],[0,250236,254249,-1,"lamu_GLEAN_10003011",0.999929,"scaffold108","GLEAN",[[1,254156,254249,-1,0,"scaffold108","GLEAN","CDS"],[1,253606,253694,-1,0,"scaffold108","GLEAN","CDS"],[1,253461,253523,-1,2,"scaffold108","GLEAN","CDS"],[1,253147,253233,-1,0,"scaffold108","GLEAN","CDS"],[1,252960,253034,-1,1,"scaffold108","GLEAN","CDS"],[1,252235,252338,-1,2,"scaffold108","GLEAN","CDS"],[1,251971,252100,-1,1,"scaffold108","GLEAN","CDS"],[1,251779,251879,-1,1,"scaffold108","GLEAN","CDS"],[1,251564,251684,-1,0,"scaffold108","GLEAN","CDS"],[1,250903,251064,-1,0,"scaffold108","GLEAN","CDS"],[1,250522,250619,-1,1,"scaffold108","GLEAN","CDS"],[1,250236,250440,-1,0,"scaffold108","GLEAN","CDS"]],"mRNA"],[0,261949,265327,1,"lamu_GLEAN_10003012",0.999732,"scaffold108","GLEAN",[[1,261949,262547,1,0,"scaffold108","GLEAN","CDS"],[1,262976,263133,1,2,"scaffold108","GLEAN","CDS"],[1,263319,263559,1,1,"scaffold108","GLEAN","CDS"],[1,263682,263827,1,1,"scaffold108","GLEAN","CDS"],[1,264346,264481,1,0,"scaffold108","GLEAN","CDS"],[1,264563,264630,1,0,"scaffold108","GLEAN","CDS"],[1,264735,264813,1,2,"scaffold108","GLEAN","CDS"],[1,265044,265097,1,2,"scaffold108","GLEAN","CDS"],[1,265228,265327,1,0,"scaffold108","GLEAN","CDS"]],"mRNA"],[0,274161,275076,-1,"lamu_GLEAN_10003013",0.998792,"scaffold108","GLEAN",[[1,274161,275076,-1,0,"scaffold108","GLEAN","CDS"]],"mRNA"],[0,285124,287839,-1,"lamu_GLEAN_10003014",0.999899,"scaffold108","GLEAN",[[1,287654,287839,-1,0,"scaffold108","GLEAN","CDS"],[1,287356,287450,-1,1,"scaffold108","GLEAN","CDS"],[1,287112,287252,-1,0,"scaffold108","GLEAN","CDS"],[1,286954,287020,-1,1,"scaffold108","GLEAN","CDS"],[1,286478,286636,-1,1,"scaffold108","GLEAN","CDS"],[1,286280,286381,-1,2,"scaffold108","GLEAN","CDS"],[1,285124,285190,-1,0,"scaffold108","GLEAN","CDS"]],"mRNA"],[0,307492,315931,-1,"lamu_GLEAN_10003015",0.344538,"scaffold108","GLEAN",[[1,315621,315931,-1,0,"scaffold108","GLEAN","CDS"],[1,314353,314978,-1,2,"scaffold108","GLEAN","CDS"],[1,313293,313519,-1,1,"scaffold108","GLEAN","CDS"],[1,312273,312519,-1,0,"scaffold108","GLEAN","CDS"],[1,311817,311952,-1,0,"scaffold108","GLEAN","CDS"],[1,311564,311689,-1,0,"scaffold108","GLEAN","CDS"],[1,310764,310904,-1,1,"scaffold108","GLEAN","CDS"],[1,310219,310290,-1,2,"scaffold108","GLEAN","CDS"],[1,309873,310035,-1,0,"scaffold108","GLEAN","CDS"],[1,309390,309477,-1,0,"scaffold108","GLEAN","CDS"],[1,309228,309279,-1,0,"scaffold108","GLEAN","CDS"],[1,309097,309166,-1,0,"scaffold108","GLEAN","CDS"],[1,308931,308976,-1,0,"scaffold108","GLEAN","CDS"],[1,308397,308754,-1,0,"scaffold108","GLEAN","CDS"],[1,307624,307695,-1,0,"scaffold108","GLEAN","CDS"],[1,307492,307547,-1,1,"scaffold108","GLEAN","CDS"]],"mRNA"],[0,317373,322620,-1,"lamu_GLEAN_10003016",0.998178,"scaffold108","GLEAN",[[1,322560,322620,-1,0,"scaffold108","GLEAN","CDS"],[1,322363,322480,-1,0,"scaffold108","GLEAN","CDS"],[1,320942,321183,-1,0,"scaffold108","GLEAN","CDS"],[1,320583,320829,-1,2,"scaffold108","GLEAN","CDS"],[1,319846,319897,-1,2,"scaffold108","GLEAN","CDS"],[1,319441,319702,-1,2,"scaffold108","GLEAN","CDS"],[1,319257,319310,-1,2,"scaffold108","GLEAN","CDS"],[1,318940,319055,-1,0,"scaffold108","GLEAN","CDS"],[1,318593,318848,-1,2,"scaffold108","GLEAN","CDS"],[1,317373,318461,-1,2,"scaffold108","GLEAN","CDS"]],"mRNA"],[0,360280,362681,1,"lamu_GLEAN_10003017",0.999978,"scaffold108","GLEAN",[[1,360280,360351,1,0,"scaffold108","GLEAN","CDS"],[1,361430,361545,1,1,"scaffold108","GLEAN","CDS"],[1,361653,361737,1,0,"scaffold108","GLEAN","CDS"],[1,362094,362244,1,0,"scaffold108","GLEAN","CDS"],[1,362417,362681,1,0,"scaffold108","GLEAN","CDS"]],"mRNA"],[0,367012,367819,1,"lamu_GLEAN_10003018",0.998792,"scaffold108","GLEAN",[[1,367012,367819,1,0,"scaffold108","GLEAN","CDS"]],