{"featureCount":9,"formatVersion":1,"histograms":{"meta":[{"arrayParams":{"chunkSize":10000,"length":2,"urlTemplate":"hist-200000-{Chunk}.json"},"basesPerBin":"200000"}],"stats":[{"basesPerBin":"200000","max":6,"mean":4.5}]},"intervals":{"classes":[{"attributes":["Start","End","Strand","Id","Score","Seq_id","Source","Subfeatures","Type"],"isArrayAttr":{"Subfeatures":1}},{"attributes":["Start","End","Strand","Phase","Seq_id","Source","Type"],"isArrayAttr":{}},{"attributes":["Start","End","Chunk"],"isArrayAttr":{"Sublist":1}}],"count":9,"lazyClass":2,"maxEnd":364363,"minStart":34413,"nclist":[[0,34413,34716,1,"lamu_GLEAN_10001937",0.479327,"scaffold140","GLEAN",[[1,34413,34716,1,0,"scaffold140","GLEAN","CDS"]],"mRNA"],[0,107075,107604,-1,"lamu_GLEAN_10001938",0.998776,"scaffold140","GLEAN",[[1,107388,107604,-1,0,"scaffold140","GLEAN","CDS"],[1,107075,107309,-1,0,"scaffold140","GLEAN","CDS"]],"mRNA"],[0,134085,134703,-1,"lamu_GLEAN_10001939",0.64604,"scaffold140","GLEAN",[[1,134085,134703,-1,0,"scaffold140","GLEAN","CDS"]],"mRNA"],[0,241518,243040,1,"lamu_GLEAN_10001940",0.996123,"scaffold140","GLEAN",[[1,241518,241944,1,0,"scaffold140","GLEAN","CDS"],[1,242404,243040,1,0,"scaffold140","GLEAN","CDS"]],"mRNA"],[0,283783,286909,1,"lamu_GLEAN_10001941",0.999899,"scaffold140","GLEAN",[[1,283783,284159,1,0,"scaffold140","GLEAN","CDS"],[1,285278,285363,1,2,"scaffold140","GLEAN","CDS"],[1,285465,285635,1,1,"scaffold140","GLEAN","CDS"],[1,285843,286118,1,2,"scaffold140","GLEAN","CDS"],[1,286735,286909,1,0,"scaffold140","GLEAN","CDS"]],"mRNA"],[0,290325,291318,-1,"lamu_GLEAN_10001942",0.999766,"scaffold140","GLEAN",[[1,290325,291318,-1,0,"scaffold140","GLEAN","CDS"]],"mRNA"],[0,297438,297732,1,"lamu_GLEAN_10001943",0.513515,"scaffold140","GLEAN",[[1,297438,297603,1,0,"scaffold140","GLEAN","CDS"],[1,297684,297732,1,0,"scaffold140","GLEAN","CDS"]],"mRNA"],[0,338640,339147,-1,"lamu_GLEAN_10001944",0.995156,"scaffold140","GLEAN",[[1,338640,339147,-1,0,"scaffold140","GLEAN","CDS"]],"mRNA"],[0,361966,364363,1,"lamu_GLEAN_10001945",0.999987,"scaffold140","GLEAN",[[1,361966,364363,1,0,"scaffold140","GLEAN","CDS"]],"mRNA"]],"urlTemplate":"lf-{Chunk}.json"}}