{"featureCount":21,"formatVersion":1,"histograms":{"meta":[{"arrayParams":{"chunkSize":10000,"length":8,"urlTemplate":"hist-50000-{Chunk}.json"},"basesPerBin":"50000"}],"stats":[{"basesPerBin":"50000","max":4,"mean":2.875}]},"intervals":{"classes":[{"attributes":["Start","End","Strand","Id","Score","Seq_id","Source","Subfeatures","Type"],"isArrayAttr":{"Subfeatures":1}},{"attributes":["Start","End","Strand","Phase","Seq_id","Source","Type"],"isArrayAttr":{}},{"attributes":["Start","End","Chunk"],"isArrayAttr":{"Sublist":1}}],"count":21,"lazyClass":2,"maxEnd":387393,"minStart":3464,"nclist":[[0,3464,10235,1,"lamu_GLEAN_10001977",0.926436,"scaffold136","GLEAN",[[1,3464,3533,1,0,"scaffold136","GLEAN","CDS"],[1,6282,6434,1,0,"scaffold136","GLEAN","CDS"],[1,7702,7796,1,1,"scaffold136","GLEAN","CDS"],[1,8844,8916,1,0,"scaffold136","GLEAN","CDS"],[1,9013,9125,1,0,"scaffold136","GLEAN","CDS"],[1,9553,9708,1,2,"scaffold136","GLEAN","CDS"],[1,10181,10235,1,0,"scaffold136","GLEAN","CDS"]],"mRNA"],[0,38931,39301,1,"lamu_GLEAN_10001978",0.999903,"scaffold136","GLEAN",[[1,38931,39031,1,0,"scaffold136","GLEAN","CDS"],[1,39140,39301,1,2,"scaffold136","GLEAN","CDS"]],"mRNA"],[0,47261,54948,-1,"lamu_GLEAN_10001979",0.994892,"scaffold136","GLEAN",[[1,54400,54948,-1,0,"scaffold136","GLEAN","CDS"],[1,49285,49361,-1,1,"scaffold136","GLEAN","CDS"],[1,48301,48428,-1,0,"scaffold136","GLEAN","CDS"],[1,47261,47428,-1,2,"scaffold136","GLEAN","CDS"]],"mRNA"],[0,69948,70916,-1,"lamu_GLEAN_10001980",0.996028,"scaffold136","GLEAN",[[1,70112,70916,-1,0,"scaffold136","GLEAN","CDS"],[1,69948,70026,-1,0,"scaffold136","GLEAN","CDS"]],"mRNA"],[0,76390,80252,1,"lamu_GLEAN_10001981",1,"scaffold136","GLEAN",[[1,76390,77473,1,0,"scaffold136","GLEAN","CDS"],[1,79946,80252,1,0,"scaffold136","GLEAN","CDS"]],"mRNA"],[0,81056,86207,1,"lamu_GLEAN_10001982",0.576914,"scaffold136","GLEAN",[[1,81056,82145,1,0,"scaffold136","GLEAN","CDS"],[1,85901,86207,1,0,"scaffold136","GLEAN","CDS"]],"mRNA"],[0,121502,124058,1,"lamu_GLEAN_10001983",0.539932,"scaffold136","GLEAN",[[1,121502,121609,1,0,"scaffold136","GLEAN","CDS"],[1,122099,122515,1,1,"scaffold136","GLEAN","CDS"],[1,122813,122937,1,2,"scaffold136","GLEAN","CDS"],[1,123061,123210,1,1,"scaffold136","GLEAN","CDS"],[1,123537,123655,1,2,"scaffold136","GLEAN","CDS"],[1,123737,123859,1,1,"scaffold136","GLEAN","CDS"],[1,123984,124058,1,2,"scaffold136","GLEAN","CDS"]],"mRNA"],[0,124732,127850,-1,"lamu_GLEAN_10001984",0.999999,"scaffold136","GLEAN",[[1,127483,127850,-1,0,"scaffold136","GLEAN","CDS"],[1,125160,125390,-1,2,"scaffold136","GLEAN","CDS"],[1,124732,125011,-1,0,"scaffold136","GLEAN","CDS"]],"mRNA"],[0,152881,155980,-1,"lamu_GLEAN_10001985",0.998792,"scaffold136","GLEAN",[[1,155616,155980,-1,0,"scaffold136","GLEAN","CDS"],[1,153310,153540,-1,2,"scaffold136","GLEAN","CDS"],[1,152881,153160,-1,0,"scaffold136","GLEAN","CDS"]],"mRNA"],[0,180747,183792,-1,"lamu_GLEAN_10001986",0.999963,"scaffold136","GLEAN",[[1,183428,183792,-1,0,"scaffold136","GLEAN","CDS"],[1,181152,181382,-1,2,"scaffold136","GLEAN","CDS"],[1,180747,181026,-1,0,"scaffold136","GLEAN","CDS"]],"mRNA"],[0,205321,208069,1,"lamu_GLEAN_10001987",1,"scaffold136","GLEAN",[[1,205321,205972,1,0,"scaffold136","GLEAN","CDS"],[1,206892,207241,1,0,"scaffold136","GLEAN","CDS"],[1,207368,208069,1,2,"scaffold136","GLEAN","CDS"]],"mRNA"],[0,219117,221103,-1,"lamu_GLEAN_10001988",0.364141,"scaffold136","GLEAN",[[1,220070,221103,-1,0,"scaffold136","GLEAN","CDS"],[1,219492,219794,-1,2,"scaffold136","GLEAN","CDS"],[1,219117,219369,-1,0,"scaffold136","GLEAN","CDS"]],"mRNA"],[0,243010,244138,-1,"lamu_GLEAN_10001989",0.775645,"scaffold136","GLEAN",[[1,243784,244138,-1,0,"scaffold136","GLEAN","CDS"],[1,243010,243142,-1,0,"scaffold136","GLEAN","CDS"]],"mRNA"],[0,257490,260451,1,"lamu_GLEAN_10001990",0.411749,"scaffold136","GLEAN",[[1,257490,257578,1,0,"scaffold136","GLEAN","CDS"],[1,259099,259356,1,2,"scaffold136","GLEAN","CDS"],[1,259442,259547,1,0,"scaffold136","GLEAN","CDS"],[1,259622,259689,1,0,"scaffold136","GLEAN","CDS"],[1,259876,259981,1,2,"scaffold136","GLEAN","CDS"],[1,260161,260234,1,2,"scaffold136","GLEAN","CDS"],[1,260327,260451,1,1,"scaffold136","GLEAN","CDS"]],"mRNA"],[0,292073,293053,1,"lamu_GLEAN_10001991",0.999149,"scaffold136","GLEAN",[[1,292073,292151,1,0,"scaffold136","GLEAN","CDS"],[1,292225,292330,1,0,"scaffold136","GLEAN","CDS"],[1,292933,293053,1,0,"scaffold136","GLEAN","CDS"]],"mRNA"],[0,299035,301111,1,"lamu_GLEAN_10001992",0.432228,"scaffold136","GLEAN",[[1,299035,300227,1,0,"scaffold136","GLEAN","CDS"],[1,300878,301111,1,2,"scaffold136","GLEAN","CDS"]],"mRNA"],[0,312355,314966,1,"lamu_GLEAN_10001993",1,"scaffold136","GLEAN",[[1,312355,313074,1,0,"scaffold136","GLEAN","CDS"],[1,313273,313328,1,1,"scaffold136","GLEAN","CDS"],[1,313446,313557,1,0,"scaffold136","GLEAN","CDS"],[1,313651,313884,1,0,"scaffold136","GLEAN","CDS"],[1,314109,314317,1,1,"scaffold136","GLEAN","CDS"],[1,314641,314701,1,0,"scaffold136","GLEAN","CDS"],[1,314792,314966,1,0,"scaffold136","GLEAN","CDS"]],"mRNA"],[0,334782,335901,-1,"lamu_GLEAN_10001994",0.620631,"scaffold136","GLEAN",[[1,335835,335901,-1,0,"scaffold136","GLEAN","CDS"],[1,335337,335487,-1,0,"scaffold136","GLEAN","CDS"],[1,334782,334863,-1,0,"scaffold136","GLEAN","CDS"]],"mRNA"],[0,362660,364916,-1,"lamu_GLEAN_10001995",0.891551,"scaffold136","GLEAN",[[1,364885,364916,-1,0,"scaffold136","GLEAN","CDS"],[1,364647,364736,-1,2,"scaffold136","GLEAN","CDS"],[1,364431,364556,-1,0,"scaffold136","GLEAN","CDS"],[1,364266,364343,-1,1,"scaffold136","GLEAN","CDS"],[1,362660,363247,-1,2,"scaffold136","GLEAN","CDS"]],"mRNA"],[0,371015,371387,1,"lamu_GLEAN_10001996",0.96548,"scaffold136","GLEAN",[[1,371015,371387,1,0,"scaffold136","GLEAN","CDS"]],"mRNA"],[0,386589,387393,-1,"lamu_GLEAN_10001997",1,"scaffold136","GLEAN",[[1,387348,387393,-1,0,"scaffold136","GLEAN","CDS"],[1,387169,387274,-1,0,"scaffold136","GLEAN","CDS"],[1,386589,386730,-1,0,"scaffold136","GLEAN","CDS"]],"mRNA"]],"urlTemplate":"lf-{Chunk}.json"}}