{"featureCount":24,"formatVersion":1,"histograms":{"meta":[{"arrayParams":{"chunkSize":10000,"length":6,"urlTemplate":"hist-50000-{Chunk}.json"},"basesPerBin":"50000"}],"stats":[{"basesPerBin":"50000","max":7,"mean":4.5}]},"intervals":{"classes":[{"attributes":["Start","End","Strand","Id","Score","Seq_id","Source","Subfeatures","Type"],"isArrayAttr":{"Subfeatures":1}},{"attributes":["Start","End","Strand","Phase","Seq_id","Source","Type"],"isArrayAttr":{}},{"attributes":["Start","End","Chunk"],"isArrayAttr":{"Sublist":1}}],"count":24,"lazyClass":2,"maxEnd":264854,"minStart":977,"nclist":[[0,977,6449,1,"lamu_GLEAN_10001372",1,"scaffold179","GLEAN",[[1,977,1104,1,0,"scaffold179","GLEAN","CDS"],[1,1361,1418,1,2,"scaffold179","GLEAN","CDS"],[1,2839,2930,1,2,"scaffold179","GLEAN","CDS"],[1,3045,3206,1,1,"scaffold179","GLEAN","CDS"],[1,3752,3880,1,2,"scaffold179","GLEAN","CDS"],[1,3988,4126,1,0,"scaffold179","GLEAN","CDS"],[1,6079,6172,1,0,"scaffold179","GLEAN","CDS"],[1,6278,6449,1,0,"scaffold179","GLEAN","CDS"]],"mRNA"],[0,10974,12300,1,"lamu_GLEAN_10001373",0.996423,"scaffold179","GLEAN",[[1,10974,12300,1,0,"scaffold179","GLEAN","CDS"]],"mRNA"],[0,14942,15539,-1,"lamu_GLEAN_10001374",0.631247,"scaffold179","GLEAN",[[1,14942,15539,-1,0,"scaffold179","GLEAN","CDS"]],"mRNA"],[0,20428,24605,-1,"lamu_GLEAN_10001375",0.999157,"scaffold179","GLEAN",[[1,24543,24605,-1,0,"scaffold179","GLEAN","CDS"],[1,24334,24443,-1,1,"scaffold179","GLEAN","CDS"],[1,24118,24182,-1,0,"scaffold179","GLEAN","CDS"],[1,23675,23777,-1,2,"scaffold179","GLEAN","CDS"],[1,23518,23583,-1,2,"scaffold179","GLEAN","CDS"],[1,23137,23236,-1,0,"scaffold179","GLEAN","CDS"],[1,22739,22819,-1,0,"scaffold179","GLEAN","CDS"],[1,22458,22669,-1,1,"scaffold179","GLEAN","CDS"],[1,21986,22042,-1,0,"scaffold179","GLEAN","CDS"],[1,21183,21312,-1,1,"scaffold179","GLEAN","CDS"],[1,20870,21054,-1,1,"scaffold179","GLEAN","CDS"],[1,20428,20554,-1,0,"scaffold179","GLEAN","CDS"]],"mRNA"],[0,28040,28538,1,"lamu_GLEAN_10001376",0.999992,"scaffold179","GLEAN",[[1,28040,28229,1,0,"scaffold179","GLEAN","CDS"],[1,28484,28538,1,0,"scaffold179","GLEAN","CDS"]],"mRNA"],[0,35243,47509,1,"lamu_GLEAN_10001377",0.377573,"scaffold179","GLEAN",[[1,35243,35328,1,0,"scaffold179","GLEAN","CDS"],[1,37057,37179,1,2,"scaffold179","GLEAN","CDS"],[1,38425,38629,1,0,"scaffold179","GLEAN","CDS"],[1,39126,39359,1,0,"scaffold179","GLEAN","CDS"],[1,40211,40426,1,1,"scaffold179","GLEAN","CDS"],[1,43429,43527,1,2,"scaffold179","GLEAN","CDS"],[1,45034,45145,1,0,"scaffold179","GLEAN","CDS"],[1,45467,45571,1,0,"scaffold179","GLEAN","CDS"],[1,46722,47068,1,1,"scaffold179","GLEAN","CDS"],[1,47368,47509,1,0,"scaffold179","GLEAN","CDS"]],"mRNA"],[0,48850,52068,-1,"lamu_GLEAN_10001378",0.728476,"scaffold179","GLEAN",[[1,52065,52068,-1,0,"scaffold179","GLEAN","CDS"],[1,51100,51826,-1,0,"scaffold179","GLEAN","CDS"],[1,50180,50372,-1,0,"scaffold179","GLEAN","CDS"],[1,49130,49322,-1,0,"scaffold179","GLEAN","CDS"],[1,48850,48898,-1,0,"scaffold179","GLEAN","CDS"]],"mRNA"],[0,56568,67273,-1,"lamu_GLEAN_10001379",0.995506,"scaffold179","GLEAN",[[1,66880,67273,-1,0,"scaffold179","GLEAN","CDS"],[1,66285,66387,-1,0,"scaffold179","GLEAN","CDS"],[1,66099,66166,-1,0,"scaffold179","GLEAN","CDS"],[1,65689,65871,-1,2,"scaffold179","GLEAN","CDS"],[1,65273,65531,-1,0,"scaffold179","GLEAN","CDS"],[1,64140,64224,-1,0,"scaffold179","GLEAN","CDS"],[1,63992,64040,-1,0,"scaffold179","GLEAN","CDS"],[1,63811,63876,-1,0,"scaffold179","GLEAN","CDS"],[1,62867,62916,-1,1,"scaffold179","GLEAN","CDS"],[1,62416,62672,-1,0,"scaffold179","GLEAN","CDS"],[1,62022,62150,-1,2,"scaffold179","GLEAN","CDS"],[1,61660,61741,-1,0,"scaffold179","GLEAN","CDS"],[1,58734,58809,-1,0,"scaffold179","GLEAN","CDS"],[1,57548,57745,-1,0,"scaffold179","GLEAN","CDS"],[1,57268,57419,-1,1,"scaffold179","GLEAN","CDS"],[1,56568,56766,-1,0,"scaffold179","GLEAN","CDS"]],"mRNA"],[0,74149,80265,1,"lamu_GLEAN_10001380",0.856666,"scaffold179","GLEAN",[[1,74149,74428,1,0,"scaffold179","GLEAN","CDS"],[1,75452,75685,1,0,"scaffold179","GLEAN","CDS"],[1,76304,76368,1,1,"scaffold179","GLEAN","CDS"],[1,76457,77156,1,0,"scaffold179","GLEAN","CDS"],[1,77324,77456,1,0,"scaffold179","GLEAN","CDS"],[1,77533,77665,1,0,"scaffold179","GLEAN","CDS"],[1,77748,77925,1,0,"scaffold179","GLEAN","CDS"],[1,77998,78052,1,0,"scaffold179","GLEAN","CDS"],[1,78148,78211,1,0,"scaffold179","GLEAN","CDS"],[1,78429,79383,1,0,"scaffold179","GLEAN","CDS"],[1,79465,79593,1,0,"scaffold179","GLEAN","CDS"],[1,79970,80086,1,1,"scaffold179","GLEAN","CDS"],[1,80167,80265,1,2,"scaffold179","GLEAN","CDS"]],"mRNA"],[0,82380,91989,1,"lamu_GLEAN_10001381",0.998102,"scaffold179","GLEAN",[[1,82380,82504,1,0,"scaffold179","GLEAN","CDS"],[1,82812,82957,1,2,"scaffold179","GLEAN","CDS"],[1,83471,83625,1,1,"scaffold179","GLEAN","CDS"],[1,83781,83937,1,0,"scaffold179","GLEAN","CDS"],[1,84560,84791,1,0,"scaffold179","GLEAN","CDS"],[1,86093,86184,1,0,"scaffold179","GLEAN","CDS"],[1,86306,86413,1,2,"scaffold179","GLEAN","CDS"],[1,86555,86670,1,0,"scaffold179","GLEAN","CDS"],[1,87272,87391,1,2,"scaffold179","GLEAN","CDS"],[1,87495,87561,1,0,"scaffold179","GLEAN","CDS"],[1,87669,87798,1,0,"scaffold179","GLEAN","CDS"],[1,88198,88319,1,0,"scaffold179","GLEAN","CDS"],[1,89973,90089,1,2,"scaffold179","GLEAN","CDS"],[1,91758,91989,1,0,"scaffold179","GLEAN","CDS"]],"mRNA"],[0,96654,121615,-1,"lamu_GLEAN_10001382",0.750897,"scaffold179","GLEAN",[[1,119881,121615,-1,0,"scaffold179","GLEAN","CDS"],[1,118430,118640,-1,0,"scaffold179","GLEAN","CDS"],[1,108505,110752,-1,0,"scaffold179","GLEAN","CDS"],[1,107747,107860,-1,0,"scaffold179","GLEAN","CDS"],[1,99932,100329,-1,1,"scaffold179","GLEAN","CDS"],[1,99539,99854,-1,0,"scaffold179","GLEAN","CDS"],[1,99085,99201,-1,0,"scaffold179","GLEAN","CDS"],[1,98943,99007,-1,1,"scaffold179","GLEAN","CDS"],[1,96654,97755,-1,0,"scaffold179","GLEAN","CDS"]],"mRNA"],[0,130766,132514,-1,"lamu_GLEAN_10001383",0.965947,"scaffold179","GLEAN",[[1,132377,132514,-1,0,"scaffold179","GLEAN","CDS"],[1,130766,131445,-1,1,"scaffold179","GLEAN","CDS"]],"mRNA"],[0,146559,148736,-1,"lamu_GLEAN_10001384",0.998669,"scaffold179","GLEAN",[[1,148643,148736,-1,0,"scaffold179","GLEAN","CDS"],[1,147709,147814,-1,0,"scaffold179","GLEAN","CDS"],[1,146559,146688,-1,0,"scaffold179","GLEAN","CDS"]],"mRNA"],[0,155578,164211,-1,"lamu_GLEAN_10001385",0.999997,"scaffold179","GLEAN",[[1,163449,164211,-1,0,"scaffold179","GLEAN","CDS"],[1,163159,163333,-1,0,"scaffold179","GLEAN","CDS"],[1,162292,162454,-1,0,"scaffold179","GLEAN","CDS"],[1,161953,162096,-1,0,"scaffold179","GLEAN","CDS"],[1,161673,161749,-1,1,"scaffold179","GLEAN","CDS"],[1,161380,161553,-1,0,"scaffold179","GLEAN","CDS"],[1,161208,161290,-1,1,"scaffold179","GLEAN","CDS"],[1,158751,158829,-1,0,"scaffold179","GLEAN","CDS"],[1,158155,158317,-1,0,"scaffold179","GLEAN","CDS"],[1,157792,158056,-1,0,"scaffold179","GLEAN","CDS"],[1,156305,156410,-1,0,"scaffold179","GLEAN","CDS"],[1,155578,155725,-1,0,"scaffold179","GLEAN","CDS"]],"mRNA"],[0,172707,180252,1,"lamu_GLEAN_10001386",0.992307,"scaffold179","GLEAN",[[1,172707,173160,1,0,"scaffold179","GLEAN","CDS"],[1,173523,173601,1,0,"scaffold179","GLEAN","CDS"],[1,175021,175131,1,0,"scaffold179","GLEAN","CDS"],[1,175231,175407,1,1,"scaffold179","GLEAN","CDS"],[1,176002,176314,1,2,"scaffold179","GLEAN","CDS"],[1,176647,177614,1,2,"scaffold179","GLEAN","CDS"],[1,177697,177975,1,1,"scaffold179","GLEAN","CDS"],[1,178401,178586,1,2,"scaffold179","GLEAN","CDS"],[1,178665,178946,1,0,"scaffold179","GLEAN","CDS"],[1,179015,179685,1,1,"scaffold179","GLEAN","CDS"],[1,180018,180252,1,0,"scaffold179","GLEAN","CDS"]],"mRNA"],[0,181538,183626,1,"lamu_GLEAN_10001387",0.999353,"scaffold179","GLEAN",[[1,181538,182015,1,0,"scaffold179","GLEAN","CDS"],[1,182474,183626,1,0,"scaffold179","GLEAN","CDS"]],