{"featureCount":11,"formatVersion":1,"histograms":{"meta":[{"arrayParams":{"chunkSize":10000,"length":5,"urlTemplate":"hist-50000-{Chunk}.json"},"basesPerBin":"50000"}],"stats":[{"basesPerBin":"50000","max":4,"mean":2.6}]},"intervals":{"classes":[{"attributes":["Start","End","Strand","Id","Score","Seq_id","Source","Subfeatures","Type"],"isArrayAttr":{"Subfeatures":1}},{"attributes":["Start","End","Strand","Phase","Seq_id","Source","Type"],"isArrayAttr":{}},{"attributes":["Start","End","Chunk"],"isArrayAttr":{"Sublist":1}}],"count":11,"lazyClass":2,"maxEnd":208805,"minStart":11857,"nclist":[[0,11857,29818,1,"lamu_GLEAN_10001231",0.995347,"scaffold193","GLEAN",[[1,11857,12112,1,0,"scaffold193","GLEAN","CDS"],[1,12903,13058,1,0,"scaffold193","GLEAN","CDS"],[1,13190,13278,1,1,"scaffold193","GLEAN","CDS"],[1,13378,13612,1,0,"scaffold193","GLEAN","CDS"],[1,15278,15374,1,0,"scaffold193","GLEAN","CDS"],[1,16197,16386,1,0,"scaffold193","GLEAN","CDS"],[1,16515,16675,1,0,"scaffold193","GLEAN","CDS"],[1,16776,16907,1,2,"scaffold193","GLEAN","CDS"],[1,17360,17531,1,0,"scaffold193","GLEAN","CDS"],[1,18713,18986,1,0,"scaffold193","GLEAN","CDS"],[1,20456,20651,1,0,"scaffold193","GLEAN","CDS"],[1,22981,23185,1,0,"scaffold193","GLEAN","CDS"],[1,23780,23850,1,0,"scaffold193","GLEAN","CDS"],[1,23994,24143,1,2,"scaffold193","GLEAN","CDS"],[1,26626,26935,1,0,"scaffold193","GLEAN","CDS"],[1,27021,27081,1,0,"scaffold193","GLEAN","CDS"],[1,27231,27384,1,0,"scaffold193","GLEAN","CDS"],[1,27487,27598,1,0,"scaffold193","GLEAN","CDS"],[1,29347,29818,1,0,"scaffold193","GLEAN","CDS"]],"mRNA"],[0,59570,68416,1,"lamu_GLEAN_10001232",0.348564,"scaffold193","GLEAN",[[1,59570,59594,1,0,"scaffold193","GLEAN","CDS"],[1,64183,64269,1,0,"scaffold193","GLEAN","CDS"],[1,64985,65043,1,1,"scaffold193","GLEAN","CDS"],[1,66226,66277,1,0,"scaffold193","GLEAN","CDS"],[1,68086,68128,1,0,"scaffold193","GLEAN","CDS"],[1,68293,68416,1,0,"scaffold193","GLEAN","CDS"]],"mRNA"],[0,76718,78337,-1,"lamu_GLEAN_10001233",1,"scaffold193","GLEAN",[[1,78130,78337,-1,0,"scaffold193","GLEAN","CDS"],[1,77701,78059,-1,0,"scaffold193","GLEAN","CDS"],[1,77262,77602,-1,2,"scaffold193","GLEAN","CDS"],[1,77087,77169,-1,1,"scaffold193","GLEAN","CDS"],[1,76718,76931,-1,0,"scaffold193","GLEAN","CDS"]],"mRNA"],[0,84752,86870,1,"lamu_GLEAN_10001234",0.997586,"scaffold193","GLEAN",[[1,84752,86870,1,0,"scaffold193","GLEAN","CDS"]],"mRNA"],[0,99363,103021,1,"lamu_GLEAN_10001235",0.541724,"scaffold193","GLEAN",[[1,99363,99446,1,0,"scaffold193","GLEAN","CDS"],[1,101161,101505,1,1,"scaffold193","GLEAN","CDS"],[1,102115,102246,1,2,"scaffold193","GLEAN","CDS"],[1,102988,103021,1,0,"scaffold193","GLEAN","CDS"]],"mRNA"],[0,107243,108727,1,"lamu_GLEAN_10001236",0.999998,"scaffold193","GLEAN",[[1,107243,107430,1,0,"scaffold193","GLEAN","CDS"],[1,107565,107771,1,2,"scaffold193","GLEAN","CDS"],[1,107862,107912,1,0,"scaffold193","GLEAN","CDS"],[1,108036,108148,1,1,"scaffold193","GLEAN","CDS"],[1,108463,108727,1,0,"scaffold193","GLEAN","CDS"]],"mRNA"],[0,116240,121436,-1,"lamu_GLEAN_10001237",1,"scaffold193","GLEAN",[[1,119797,121436,-1,0,"scaffold193","GLEAN","CDS"],[1,119394,119701,-1,2,"scaffold193","GLEAN","CDS"],[1,118013,118719,-1,1,"scaffold193","GLEAN","CDS"],[1,117796,117920,-1,0,"scaffold193","GLEAN","CDS"],[1,117435,117655,-1,2,"scaffold193","GLEAN","CDS"],[1,116736,117195,-1,1,"scaffold193","GLEAN","CDS"],[1,116240,116460,-1,1,"scaffold193","GLEAN","CDS"]],"mRNA"],[0,130230,132077,-1,"lamu_GLEAN_10001238",0.999621,"scaffold193","GLEAN",[[1,131978,132077,-1,0,"scaffold193","GLEAN","CDS"],[1,131844,131901,-1,0,"scaffold193","GLEAN","CDS"],[1,130230,130869,-1,0,"scaffold193","GLEAN","CDS"]],"mRNA"],[0,164764,170865,1,"lamu_GLEAN_10001239",0.996182,"scaffold193","GLEAN",[[1,164764,165523,1,0,"scaffold193","GLEAN","CDS"],[1,166017,166221,1,0,"scaffold193","GLEAN","CDS"],[1,166952,167046,1,0,"scaffold193","GLEAN","CDS"],[1,167209,167267,1,2,"scaffold193","GLEAN","CDS"],[1,167440,167510,1,1,"scaffold193","GLEAN","CDS"],[1,169130,169266,1,0,"scaffold193","GLEAN","CDS"],[1,169344,169429,1,2,"scaffold193","GLEAN","CDS"],[1,170423,170477,1,1,"scaffold193","GLEAN","CDS"],[1,170708,170865,1,1,"scaffold193","GLEAN","CDS"]],"mRNA"],[0,172816,177529,-1,"lamu_GLEAN_10001240",0.999955,"scaffold193","GLEAN",[[1,177322,177529,-1,0,"scaffold193","GLEAN","CDS"],[1,176315,176392,-1,0,"scaffold193","GLEAN","CDS"],[1,175536,175630,-1,1,"scaffold193","GLEAN","CDS"],[1,175334,175439,-1,0,"scaffold193","GLEAN","CDS"],[1,172816,173086,-1,0,"scaffold193","GLEAN","CDS"]],"mRNA"],[0,178678,208805,-1,"lamu_GLEAN_10001241",0.951048,"scaffold193","GLEAN",[[1,208374,208805,-1,0,"scaffold193","GLEAN","CDS"],[1,206356,206426,-1,1,"scaffold193","GLEAN","CDS"],[1,206169,206235,-1,0,"scaffold193","GLEAN","CDS"],[1,204170,204272,-1,0,"scaffold193","GLEAN","CDS"],[1,199509,199554,-1,0,"scaffold193","GLEAN","CDS"],[1,199274,199373,-1,0,"scaffold193","GLEAN","CDS"],[1,199048,199135,-1,0,"scaffold193","GLEAN","CDS"],[1,197875,197946,-1,0,"scaffold193","GLEAN","CDS"],[1,196480,196589,-1,1,"scaffold193","GLEAN","CDS"],[1,196295,196358,-1,0,"scaffold193","GLEAN","CDS"],[1,195131,195197,-1,0,"scaffold193","GLEAN","CDS"],[1,194907,194996,-1,0,"scaffold193","GLEAN","CDS"],[1,193656,193705,-1,1,"scaffold193","GLEAN","CDS"],[1,188350,188444,-1,0,"scaffold193","GLEAN","CDS"],[1,186046,186177,-1,2,"scaffold193","GLEAN","CDS"],[1,185873,185963,-1,0,"scaffold193","GLEAN","CDS"],[1,184118,184244,-1,0,"scaffold193","GLEAN","CDS"],[1,183819,183977,-1,0,"scaffold193","GLEAN","CDS"],[1,181521,181603,-1,1,"scaffold193","GLEAN","CDS"],[1,181166,181430,-1,0,"scaffold193","GLEAN","CDS"],[1,180558,180695,-1,0,"scaffold193","GLEAN","CDS"],[1,179523,179638,-1,1,"scaffold193","GLEAN","CDS"],[1,179370,179425,-1,0,"scaffold193","GLEAN","CDS"],[1,178977,179077,-1,2,"scaffold193","GLEAN","CDS"],[1,178678,178802,-1,1,"scaffold193","GLEAN","CDS"]],"mRNA"]],"urlTemplate":"lf-{Chunk}.json"}}