{"featureCount":31,"formatVersion":1,"histograms":{"meta":[{"arrayParams":{"chunkSize":10000,"length":13,"urlTemplate":"hist-20000-{Chunk}.json"},"basesPerBin":"20000"}],"stats":[{"basesPerBin":"20000","max":4,"mean":2.76923076923077}]},"intervals":{"classes":[{"attributes":["Start","End","Strand","Id","Score","Seq_id","Source","Subfeatures","Type"],"isArrayAttr":{"Subfeatures":1}},{"attributes":["Start","End","Strand","Phase","Seq_id","Source","Type"],"isArrayAttr":{}},{"attributes":["Start","End","Chunk"],"isArrayAttr":{"Sublist":1}}],"count":31,"lazyClass":2,"maxEnd":242527,"minStart":3022,"nclist":[[0,3022,3634,-1,"lamu_GLEAN_10001249",0.999722,"scaffold241","GLEAN",[[1,3022,3634,-1,0,"scaffold241","GLEAN","CDS"]],"mRNA"],[0,10361,10877,1,"lamu_GLEAN_10001250",1,"scaffold241","GLEAN",[[1,10361,10877,1,0,"scaffold241","GLEAN","CDS"]],"mRNA"],[0,18050,18770,1,"lamu_GLEAN_10001251",1,"scaffold241","GLEAN",[[1,18050,18770,1,0,"scaffold241","GLEAN","CDS"]],"mRNA"],[0,19210,19554,-1,"lamu_GLEAN_10001252",0.690267,"scaffold241","GLEAN",[[1,19312,19554,-1,0,"scaffold241","GLEAN","CDS"],[1,19210,19235,-1,1,"scaffold241","GLEAN","CDS"]],"mRNA"],[0,23521,26506,1,"lamu_GLEAN_10001253",0.99998,"scaffold241","GLEAN",[[1,23521,24274,1,0,"scaffold241","GLEAN","CDS"],[1,26122,26506,1,0,"scaffold241","GLEAN","CDS"]],"mRNA"],[0,32955,35893,1,"lamu_GLEAN_10001254",1,"scaffold241","GLEAN",[[1,32955,33081,1,0,"scaffold241","GLEAN","CDS"],[1,33919,33948,1,0,"scaffold241","GLEAN","CDS"],[1,34053,34255,1,1,"scaffold241","GLEAN","CDS"],[1,34438,34681,1,0,"scaffold241","GLEAN","CDS"],[1,34794,34896,1,0,"scaffold241","GLEAN","CDS"],[1,35387,35495,1,0,"scaffold241","GLEAN","CDS"],[1,35620,35893,1,0,"scaffold241","GLEAN","CDS"]],"mRNA"],[0,39560,41754,1,"lamu_GLEAN_10001255",0.967714,"scaffold241","GLEAN",[[1,39560,39694,1,0,"scaffold241","GLEAN","CDS"],[1,40038,40126,1,1,"scaffold241","GLEAN","CDS"],[1,40817,41049,1,0,"scaffold241","GLEAN","CDS"],[1,41647,41754,1,2,"scaffold241","GLEAN","CDS"]],"mRNA"],[0,43635,45856,1,"lamu_GLEAN_10001256",0.999697,"scaffold241","GLEAN",[[1,43635,43767,1,0,"scaffold241","GLEAN","CDS"],[1,45016,45106,1,0,"scaffold241","GLEAN","CDS"],[1,45736,45856,1,0,"scaffold241","GLEAN","CDS"]],"mRNA"],[0,47079,49215,-1,"lamu_GLEAN_10001257",0.768743,"scaffold241","GLEAN",[[1,48626,49215,-1,0,"scaffold241","GLEAN","CDS"],[1,48248,48545,-1,2,"scaffold241","GLEAN","CDS"],[1,47684,48062,-1,2,"scaffold241","GLEAN","CDS"],[1,47079,47342,-1,2,"scaffold241","GLEAN","CDS"]],"mRNA"],[0,61890,70791,1,"lamu_GLEAN_10001258",0.825637,"scaffold241","GLEAN",[[1,61890,61977,1,0,"scaffold241","GLEAN","CDS"],[1,62732,62853,1,0,"scaffold241","GLEAN","CDS"],[1,62953,63078,1,2,"scaffold241","GLEAN","CDS"],[1,63934,64159,1,0,"scaffold241","GLEAN","CDS"],[1,64935,65091,1,0,"scaffold241","GLEAN","CDS"],[1,65180,65249,1,0,"scaffold241","GLEAN","CDS"],[1,65380,67291,1,0,"scaffold241","GLEAN","CDS"],[1,67714,67884,1,0,"scaffold241","GLEAN","CDS"],[1,67990,68057,1,1,"scaffold241","GLEAN","CDS"],[1,68133,68252,1,0,"scaffold241","GLEAN","CDS"],[1,68536,68682,1,1,"scaffold241","GLEAN","CDS"],[1,68774,69034,1,2,"scaffold241","GLEAN","CDS"],[1,69131,69305,1,0,"scaffold241","GLEAN","CDS"],[1,69413,69892,1,0,"scaffold241","GLEAN","CDS"],[1,69964,70076,1,1,"scaffold241","GLEAN","CDS"],[1,70641,70791,1,0,"scaffold241","GLEAN","CDS"]],"mRNA"],[0,78617,84982,1,"lamu_GLEAN_10001259",1,"scaffold241","GLEAN",[[1,78617,78670,1,0,"scaffold241","GLEAN","CDS"],[1,78919,79040,1,1,"scaffold241","GLEAN","CDS"],[1,79876,80188,1,0,"scaffold241","GLEAN","CDS"],[1,80389,80494,1,0,"scaffold241","GLEAN","CDS"],[1,80600,81055,1,0,"scaffold241","GLEAN","CDS"],[1,81309,81611,1,1,"scaffold241","GLEAN","CDS"],[1,82800,82976,1,2,"scaffold241","GLEAN","CDS"],[1,84177,84368,1,0,"scaffold241","GLEAN","CDS"],[1,84503,84637,1,1,"scaffold241","GLEAN","CDS"],[1,84743,84982,1,2,"scaffold241","GLEAN","CDS"]],"mRNA"],[0,89700,91736,1,"lamu_GLEAN_10001260",0.843386,"scaffold241","GLEAN",[[1,89700,90325,1,0,"scaffold241","GLEAN","CDS"],[1,90400,90781,1,2,"scaffold241","GLEAN","CDS"],[1,90993,91445,1,2,"scaffold241","GLEAN","CDS"],[1,91721,91736,1,0,"scaffold241","GLEAN","CDS"]],"mRNA"],[0,96275,98192,1,"lamu_GLEAN_10001261",0.997453,"scaffold241","GLEAN",[[1,96275,98192,1,0,"scaffold241","GLEAN","CDS"]],"mRNA"],[0,104023,109592,1,"lamu_GLEAN_10001262",0.660453,"scaffold241","GLEAN",[[1,104023,104086,1,0,"scaffold241","GLEAN","CDS"],[1,104490,104599,1,0,"scaffold241","GLEAN","CDS"],[1,104703,104791,1,2,"scaffold241","GLEAN","CDS"],[1,105485,105618,1,1,"scaffold241","GLEAN","CDS"],[1,105874,105961,1,0,"scaffold241","GLEAN","CDS"],[1,106518,106677,1,0,"scaffold241","GLEAN","CDS"],[1,107379,107453,1,0,"scaffold241","GLEAN","CDS"],[1,107552,107628,1,1,"scaffold241","GLEAN","CDS"],[1,107753,107809,1,0,"scaffold241","GLEAN","CDS"],[1,107898,107986,1,1,"scaffold241","GLEAN","CDS"],[1,108389,108530,1,0,"scaffold241","GLEAN","CDS"],[1,108622,108772,1,0,"scaffold241","GLEAN","CDS"],[1,109376,109592,1,0,"scaffold241","GLEAN","CDS"]],"mRNA"],[0,110844,112077,1,"lamu_GLEAN_10001263",0.534468,"scaffold241","GLEAN",[[1,110844,112077,1,0,"scaffold241","GLEAN","CDS"]],"mRNA"],[0,116374,118242,-1,"lamu_GLEAN_10001264",1,"scaffold241","GLEAN",[[1,117789,118242,-1,0,"scaffold241","GLEAN","CDS"],[1,116374,116827,-1,0,"scaffold241","GLEAN","CDS"]],"mRNA"],[0,121521,125704,-1,"lamu_GLEAN_10001265",0.967734,"scaffold241","GLEAN",[[1,125049,125704,-1,0,"scaffold241","GLEAN","CDS"],[1,124564,124671,-1,2,"scaffold241","GLEAN","CDS"],[1,124151,124268,-1,0,"scaffold241","GLEAN","CDS"],[1,123767,123962,-1,0,"scaffold241","GLEAN","CDS"],[1,123394,123643,-1,0,"scaffold241","GLEAN","CDS"],[1,123224,123293,-1,0,"scaffold241","GLEAN","CDS"],[1,122953,123101,-1,0,"scaffold241","GLEAN","CDS"],[1,122612,122761,-1,2,"scaffold241","GLEAN","CDS"],[1,122297,122474,-1,0,"scaffold241","GLEAN","CDS"],[1,121977,122175,-1,0,"scaffold241","GLEAN","CDS"],[1,121521,121815,-1,0,"scaffold241","GLEAN","CDS"]],"mRNA"],[0,127733,131368,-1,"lamu_GLEAN_10001266",0.99993,"scaffold241","GLEAN",[[1,131047,131368,-1,0,"scaffold241","GLEAN","CDS"],[1,130736,130857,-1,0,"scaffold241","GLEAN","CDS"],[1,128171,128362,-1,2,"scaffold241","GLEAN","CDS"],[1,127964,128096,-1,0,"scaffold241","GLEAN","CDS"],[1,127733,127874,-1,0,"scaffold241","GLEAN","CDS"]],"mRNA"],[0,135736,140316,-1,"lamu_GLEAN_10001267",0.501404,"scaffold241","GLEAN",[[1,139181,140316,-1,0,"scaffold241","GLEAN","CDS"],[1,139003,139058,-1,2,"scaffold241","GLEAN","CDS"],[1,138813,138895,-1,1,"scaffold241","GLEAN","CDS"],[1,138564,138645,-1,0,"scaffold241","GLEAN","CDS"],[1,137896,138001,-1,0,"scaffold241","GLEAN","CDS"],[1,137273,137423,-1,0,"scaffold241","GLEAN","CDS"],[1,136786,136856,-1,0,"scaffold241","GLEAN","CDS"],[1,136273,136490,-1,2,"scaffold241","GLEAN","CDS"],[1,135908,135974,-1,1,"scaffold241","GLEAN","CDS"],[1,135736,135839,-1,1,"scaffold241","GLEAN","CDS"]],"mRNA"],[0,149781,156442,1,"lamu_GLEAN_10001268",0.570166,"scaffold241","GLEAN",[[1,149781,149942,1,0,"scaffold241","GLEAN","CDS"],[1,153705,153784,1,1,"scaffold241","GLEAN","CDS"],[1,155271,155333,1,0,"scaffold241","GLEAN","CDS"],[1,155448,155548,1,1,"scaffold241","GLEAN","CDS"],[1,155719,155761,1,0,"scaffold241","GLEAN","CDS"],[1,155859,155901,1,0,"scaffold241","GLEAN","CDS"],[1,156319,156442,1,0,"scaffold241","GLEAN","CDS"]],"mRNA"],[0,163211,164639,1,"lamu_GLEAN_10001269",1,"scaffold241","GLEAN",[[1,163211,163334,1,0,"scaffold241","GLEAN","CDS"],[1,163431,163605,1,0,"scaffold241","GLEAN","CDS"],[1,164032,164200,1,0,"scaffold241","GLEAN","CDS"],[1,164282,164639,1,0,"scaffold241","GLEAN","CDS"]],