{"featureCount":4,"formatVersion":1,"histograms":{"meta":[{"arrayParams":{"chunkSize":10000,"length":2,"urlTemplate":"hist-50000-{Chunk}.json"},"basesPerBin":"50000"}],"stats":[{"basesPerBin":"50000","max":2,"mean":2}]},"intervals":{"classes":[{"attributes":["Start","End","Strand","Id","Score","Seq_id","Source","Subfeatures","Type"],"isArrayAttr":{"Subfeatures":1}},{"attributes":["Start","End","Strand","Phase","Seq_id","Source","Type"],"isArrayAttr":{}},{"attributes":["Start","End","Chunk"],"isArrayAttr":{"Sublist":1}}],"count":4,"lazyClass":2,"maxEnd":60164,"minStart":10294,"nclist":[[0,10294,11598,-1,"lamu_GLEAN_10000553",0.994787,"scaffold396","GLEAN",[[1,11469,11598,-1,0,"scaffold396","GLEAN","CDS"],[1,11202,11378,-1,0,"scaffold396","GLEAN","CDS"],[1,10679,10788,-1,1,"scaffold396","GLEAN","CDS"],[1,10294,10597,-1,0,"scaffold396","GLEAN","CDS"]],"mRNA"],[0,13304,26834,-1,"lamu_GLEAN_10000554",0.990692,"scaffold396","GLEAN",[[1,26071,26834,-1,0,"scaffold396","GLEAN","CDS"],[1,25817,25906,-1,2,"scaffold396","GLEAN","CDS"],[1,25618,25726,-1,0,"scaffold396","GLEAN","CDS"],[1,25421,25529,-1,0,"scaffold396","GLEAN","CDS"],[1,25007,25098,-1,0,"scaffold396","GLEAN","CDS"],[1,23769,23822,-1,2,"scaffold396","GLEAN","CDS"],[1,21620,21665,-1,0,"scaffold396","GLEAN","CDS"],[1,20975,21037,-1,0,"scaffold396","GLEAN","CDS"],[1,18763,18845,-1,1,"scaffold396","GLEAN","CDS"],[1,18421,18550,-1,0,"scaffold396","GLEAN","CDS"],[1,18164,18315,-1,0,"scaffold396","GLEAN","CDS"],[1,14920,15071,-1,2,"scaffold396","GLEAN","CDS"],[1,14484,14704,-1,1,"scaffold396","GLEAN","CDS"],[1,13855,14056,-1,0,"scaffold396","GLEAN","CDS"],[1,13675,13761,-1,0,"scaffold396","GLEAN","CDS"],[1,13304,13404,-1,1,"scaffold396","GLEAN","CDS"]],"mRNA"],[0,50041,51433,-1,"lamu_GLEAN_10000555",0.469119,"scaffold396","GLEAN",[[1,50749,51433,-1,0,"scaffold396","GLEAN","CDS"],[1,50329,50653,-1,0,"scaffold396","GLEAN","CDS"],[1,50041,50281,-1,0,"scaffold396","GLEAN","CDS"]],"mRNA"],[0,58297,60164,1,"lamu_GLEAN_10000556",1,"scaffold396","GLEAN",[[1,58297,58480,1,0,"scaffold396","GLEAN","CDS"],[1,59672,60164,1,0,"scaffold396","GLEAN","CDS"]],"mRNA"]],"urlTemplate":"lf-{Chunk}.json"}}