{"featureCount":16,"formatVersion":1,"histograms":{"meta":[{"arrayParams":{"chunkSize":10000,"length":7,"urlTemplate":"hist-20000-{Chunk}.json"},"basesPerBin":"20000"}],"stats":[{"basesPerBin":"20000","max":6,"mean":3.14285714285714}]},"intervals":{"classes":[{"attributes":["Start","End","Strand","Id","Score","Seq_id","Source","Subfeatures","Type"],"isArrayAttr":{"Subfeatures":1}},{"attributes":["Start","End","Strand","Phase","Seq_id","Source","Type"],"isArrayAttr":{}},{"attributes":["Start","End","Chunk"],"isArrayAttr":{"Sublist":1}}],"count":16,"lazyClass":2,"maxEnd":125161,"minStart":2945,"nclist":[[0,2945,3637,-1,"lamu_GLEAN_10000833",0.486125,"scaffold260","GLEAN",[[1,3586,3637,-1,0,"scaffold260","GLEAN","CDS"],[1,3336,3476,-1,0,"scaffold260","GLEAN","CDS"],[1,3099,3216,-1,1,"scaffold260","GLEAN","CDS"],[1,2945,2994,-1,1,"scaffold260","GLEAN","CDS"]],"mRNA"],[0,13003,18105,-1,"lamu_GLEAN_10000834",0.626028,"scaffold260","GLEAN",[[1,17017,18105,-1,0,"scaffold260","GLEAN","CDS"],[1,16669,16777,-1,1,"scaffold260","GLEAN","CDS"],[1,13530,15878,-1,1,"scaffold260","GLEAN","CDS"],[1,13397,13443,-1,2,"scaffold260","GLEAN","CDS"],[1,13003,13112,-1,1,"scaffold260","GLEAN","CDS"]],"mRNA"],[0,19203,43355,-1,"lamu_GLEAN_10000835",0.507047,"scaffold260","GLEAN",[[1,43232,43355,-1,0,"scaffold260","GLEAN","CDS"],[1,42996,43150,-1,0,"scaffold260","GLEAN","CDS"],[1,42900,42911,-1,2,"scaffold260","GLEAN","CDS"],[1,40825,40979,-1,0,"scaffold260","GLEAN","CDS"],[1,40605,40733,-1,2,"scaffold260","GLEAN","CDS"],[1,40335,40481,-1,0,"scaffold260","GLEAN","CDS"],[1,40099,40211,-1,1,"scaffold260","GLEAN","CDS"],[1,39834,39990,-1,0,"scaffold260","GLEAN","CDS"],[1,39268,39390,-1,0,"scaffold260","GLEAN","CDS"],[1,39045,39190,-1,1,"scaffold260","GLEAN","CDS"],[1,38608,38674,-1,0,"scaffold260","GLEAN","CDS"],[1,36180,36309,-1,0,"scaffold260","GLEAN","CDS"],[1,35989,36088,-1,0,"scaffold260","GLEAN","CDS"],[1,35689,35855,-1,0,"scaffold260","GLEAN","CDS"],[1,35454,35600,-1,2,"scaffold260","GLEAN","CDS"],[1,35193,35257,-1,0,"scaffold260","GLEAN","CDS"],[1,34985,35110,-1,2,"scaffold260","GLEAN","CDS"],[1,34674,34752,-1,0,"scaffold260","GLEAN","CDS"],[1,34443,34516,-1,0,"scaffold260","GLEAN","CDS"],[1,33372,33476,-1,2,"scaffold260","GLEAN","CDS"],[1,26908,27025,-1,0,"scaffold260","GLEAN","CDS"],[1,26752,26830,-1,0,"scaffold260","GLEAN","CDS"],[1,25863,25963,-1,0,"scaffold260","GLEAN","CDS"],[1,25705,25760,-1,2,"scaffold260","GLEAN","CDS"],[1,25331,25380,-1,1,"scaffold260","GLEAN","CDS"],[1,25142,25230,-1,0,"scaffold260","GLEAN","CDS"],[1,24976,25049,-1,2,"scaffold260","GLEAN","CDS"],[1,19349,19453,-1,1,"scaffold260","GLEAN","CDS"],[1,19203,19259,-1,2,"scaffold260","GLEAN","CDS"]],"mRNA"],[0,46432,49297,1,"lamu_GLEAN_10000836",1,"scaffold260","GLEAN",[[1,46432,46930,1,0,"scaffold260","GLEAN","CDS"],[1,47155,47374,1,0,"scaffold260","GLEAN","CDS"],[1,47444,47585,1,0,"scaffold260","GLEAN","CDS"],[1,48330,48531,1,0,"scaffold260","GLEAN","CDS"],[1,49018,49297,1,0,"scaffold260","GLEAN","CDS"]],"mRNA"],[0,50079,53678,-1,"lamu_GLEAN_10000837",0.51939,"scaffold260","GLEAN",[[1,53327,53678,-1,0,"scaffold260","GLEAN","CDS"],[1,50782,50882,-1,0,"scaffold260","GLEAN","CDS"],[1,50533,50676,-1,2,"scaffold260","GLEAN","CDS"],[1,50079,50295,-1,0,"scaffold260","GLEAN","CDS"]],"mRNA"],[0,53394,53865,1,"lamu_GLEAN_10000838",0.999772,"scaffold260","GLEAN",[[1,53394,53865,1,0,"scaffold260","GLEAN","CDS"]],"mRNA"],[0,54344,58714,-1,"lamu_GLEAN_10000839",0.889807,"scaffold260","GLEAN",[[1,56787,58714,-1,0,"scaffold260","GLEAN","CDS"],[1,55717,56292,-1,2,"scaffold260","GLEAN","CDS"],[1,54814,54867,-1,0,"scaffold260","GLEAN","CDS"],[1,54344,54480,-1,1,"scaffold260","GLEAN","CDS"]],"mRNA"],[0,59670,62387,1,"lamu_GLEAN_10000840",0.999623,"scaffold260","GLEAN",[[1,59670,59788,1,0,"scaffold260","GLEAN","CDS"],[1,60631,60801,1,2,"scaffold260","GLEAN","CDS"],[1,61202,61394,1,0,"scaffold260","GLEAN","CDS"],[1,61633,61796,1,0,"scaffold260","GLEAN","CDS"],[1,61925,62112,1,2,"scaffold260","GLEAN","CDS"],[1,62242,62387,1,1,"scaffold260","GLEAN","CDS"]],"mRNA"],[0,62617,64864,1,"lamu_GLEAN_10000841",0.999848,"scaffold260","GLEAN",[[1,62617,62717,1,0,"scaffold260","GLEAN","CDS"],[1,63352,63522,1,2,"scaffold260","GLEAN","CDS"],[1,63711,63903,1,0,"scaffold260","GLEAN","CDS"],[1,64025,64188,1,0,"scaffold260","GLEAN","CDS"],[1,64335,64522,1,2,"scaffold260","GLEAN","CDS"],[1,64719,64864,1,1,"scaffold260","GLEAN","CDS"]],"mRNA"],[0,65668,72608,-1,"lamu_GLEAN_10000842",1,"scaffold260","GLEAN",[[1,72455,72608,-1,0,"scaffold260","GLEAN","CDS"],[1,71726,71808,-1,0,"scaffold260","GLEAN","CDS"],[1,71452,71542,-1,2,"scaffold260","GLEAN","CDS"],[1,70106,70232,-1,2,"scaffold260","GLEAN","CDS"],[1,69621,69749,-1,2,"scaffold260","GLEAN","CDS"],[1,68739,68939,-1,0,"scaffold260","GLEAN","CDS"],[1,68198,68262,-1,1,"scaffold260","GLEAN","CDS"],[1,67484,67595,-1,0,"scaffold260","GLEAN","CDS"],[1,66759,66897,-1,0,"scaffold260","GLEAN","CDS"],[1,66151,66294,-1,0,"scaffold260","GLEAN","CDS"],[1,66019,66074,-1,1,"scaffold260","GLEAN","CDS"],[1,65840,65897,-1,0,"scaffold260","GLEAN","CDS"],[1,65668,65752,-1,0,"scaffold260","GLEAN","CDS"]],"mRNA"],[0,72959,80358,1,"lamu_GLEAN_10000843",0.997563,"scaffold260","GLEAN",[[1,72959,73181,1,0,"scaffold260","GLEAN","CDS"],[1,73898,73972,1,0,"scaffold260","GLEAN","CDS"],[1,74321,74533,1,1,"scaffold260","GLEAN","CDS"],[1,74706,74828,1,2,"scaffold260","GLEAN","CDS"],[1,75225,75311,1,0,"scaffold260","GLEAN","CDS"],[1,75923,76018,1,1,"scaffold260","GLEAN","CDS"],[1,76225,76307,1,2,"scaffold260","GLEAN","CDS"],[1,76552,76659,1,1,"scaffold260","GLEAN","CDS"],[1,77240,77271,1,2,"scaffold260","GLEAN","CDS"],[1,77631,77749,1,1,"scaffold260","GLEAN","CDS"],[1,78018,78069,1,0,"scaffold260","GLEAN","CDS"],[1,78266,78376,1,0,"scaffold260","GLEAN","CDS"],[1,78528,78631,1,1,"scaffold260","GLEAN","CDS"],[1,78721,78820,1,0,"scaffold260","GLEAN","CDS"],[1,78996,79107,1,0,"scaffold260","GLEAN","CDS"],[1,79197,79445,1,0,"scaffold260","GLEAN","CDS"],[1,79534,79772,1,1,"scaffold260","GLEAN","CDS"],[1,79945,80024,1,0,"scaffold260","GLEAN","CDS"],[1,80122,80358,1,2,"scaffold260","GLEAN","CDS"]],"mRNA"],[0,81199,88558,-1,"lamu_GLEAN_10000844",0.498278,"scaffold260","GLEAN",[[1,88506,88558,-1,0,"scaffold260","GLEAN","CDS"],[1,88125,88375,-1,2,"scaffold260","GLEAN","CDS"],[1,87728,87857,-1,1,"scaffold260","GLEAN","CDS"],[1,87551,87613,-1,1,"scaffold260","GLEAN","CDS"],[1,86892,86996,-1,2,"scaffold260","GLEAN","CDS"],[1,85061,85205,-1,0,"scaffold260","GLEAN","CDS"],[1,83449,83599,-1,0,"scaffold260","GLEAN","CDS"],[1,81984,82239,-1,0,"scaffold260","GLEAN","CDS"],[1,81501,81583,-1,0,"scaffold260","GLEAN","CDS"],[1,81199,81411,-1,2,"scaffold260","GLEAN","CDS"]],"mRNA"],[0,98385,100710,-1,"lamu_GLEAN_10000845",0.999925,"scaffold260","GLEAN",[[1,100341,100710,-1,0,"scaffold260","GLEAN","CDS"],[1,98385,99498,-1,0,"scaffold260","GLEAN","CDS"]],"mRNA"],[0,105965,112865,-1,"lamu_GLEAN_10000846",0.993274,"scaffold260","GLEAN",[[1,112782,112865,-1,0,"scaffold260","GLEAN","CDS"],[1,110677,110744,-1,1,"scaffold260","GLEAN","CDS"],[1,110129,110203,-1,0,"scaffold260","GLEAN","CDS"],[1,109912,109997,-1,1,"scaffold260","GLEAN","CDS"],[1,109782,109838,-1,0,"scaffold260","GLEAN","CDS"],[1,109230,109285,-1,1,"scaffold260","GLEAN","CDS"],[1,107909,108035,-1,0,"scaffold260","GLEAN","CDS"],[1,107682,107780,-1,0,"scaffold260","GLEAN","CDS"],[1,106767,106831,-1,1,"scaffold260","GLEAN","CDS"],[1,105965,106292,-1,0,"scaffold260","GLEAN","CDS"]],