{"featureCount":13,"formatVersion":1,"histograms":{"meta":[{"arrayParams":{"chunkSize":10000,"length":4,"urlTemplate":"hist-200000-{Chunk}.json"},"basesPerBin":"200000"}],"stats":[{"basesPerBin":"200000","max":6,"mean":3.25}]},"intervals":{"classes":[{"attributes":["Start","End","Strand","Id","Score","Seq_id","Source","Subfeatures","Type"],"isArrayAttr":{"Subfeatures":1}},{"attributes":["Start","End","Strand","Phase","Seq_id","Source","Type"],"isArrayAttr":{}},{"attributes":["Start","End","Chunk"],"isArrayAttr":{"Sublist":1}}],"count":13,"lazyClass":2,"maxEnd":687043,"minStart":183688,"nclist":[[0,183688,184721,1,"lamu_GLEAN_10003964",0.999999,"scaffold93","GLEAN",[[1,183688,183799,1,0,"scaffold93","GLEAN","CDS"],[1,184445,184721,1,0,"scaffold93","GLEAN","CDS"]],"mRNA"],[0,235957,236604,-1,"lamu_GLEAN_10003965",0.993353,"scaffold93","GLEAN",[[1,236573,236604,-1,0,"scaffold93","GLEAN","CDS"],[1,236395,236484,-1,2,"scaffold93","GLEAN","CDS"],[1,236188,236284,-1,0,"scaffold93","GLEAN","CDS"],[1,235957,236077,-1,0,"scaffold93","GLEAN","CDS"]],"mRNA"],[0,364059,368247,-1,"lamu_GLEAN_10003966",0.999782,"scaffold93","GLEAN",[[1,368046,368247,-1,0,"scaffold93","GLEAN","CDS"],[1,367255,367318,-1,0,"scaffold93","GLEAN","CDS"],[1,365994,366066,-1,0,"scaffold93","GLEAN","CDS"],[1,365319,365445,-1,0,"scaffold93","GLEAN","CDS"],[1,365009,365219,-1,0,"scaffold93","GLEAN","CDS"],[1,364821,364926,-1,0,"scaffold93","GLEAN","CDS"],[1,364604,364721,-1,0,"scaffold93","GLEAN","CDS"],[1,364407,364470,-1,0,"scaffold93","GLEAN","CDS"],[1,364254,364329,-1,0,"scaffold93","GLEAN","CDS"],[1,364059,364128,-1,0,"scaffold93","GLEAN","CDS"]],"mRNA"],[0,445616,448842,1,"lamu_GLEAN_10003967",0.31154,"scaffold93","GLEAN",[[1,445616,445721,1,0,"scaffold93","GLEAN","CDS"],[1,447283,447480,1,0,"scaffold93","GLEAN","CDS"],[1,448377,448600,1,1,"scaffold93","GLEAN","CDS"],[1,448722,448842,1,0,"scaffold93","GLEAN","CDS"]],"mRNA"],[0,449249,456236,-1,"lamu_GLEAN_10003968",0.549519,"scaffold93","GLEAN",[[1,456091,456236,-1,0,"scaffold93","GLEAN","CDS"],[1,452345,452427,-1,2,"scaffold93","GLEAN","CDS"],[1,449249,449460,-1,1,"scaffold93","GLEAN","CDS"]],"mRNA"],[0,515949,516804,-1,"lamu_GLEAN_10003969",0.997063,"scaffold93","GLEAN",[[1,516716,516804,-1,0,"scaffold93","GLEAN","CDS"],[1,515949,516263,-1,2,"scaffold93","GLEAN","CDS"]],"mRNA"],[0,533776,536433,1,"lamu_GLEAN_10003970",0.944459,"scaffold93","GLEAN",[[1,533776,533985,1,0,"scaffold93","GLEAN","CDS"],[1,534306,534457,1,1,"scaffold93","GLEAN","CDS"],[1,535871,536127,1,0,"scaffold93","GLEAN","CDS"],[1,536206,536433,1,2,"scaffold93","GLEAN","CDS"]],"mRNA"],[0,543885,546744,-1,"lamu_GLEAN_10003971",0.629464,"scaffold93","GLEAN",[[1,546638,546744,-1,0,"scaffold93","GLEAN","CDS"],[1,545904,545981,-1,2,"scaffold93","GLEAN","CDS"],[1,543885,544152,-1,0,"scaffold93","GLEAN","CDS"]],"mRNA"],[0,565159,568716,1,"lamu_GLEAN_10003972",0.940853,"scaffold93","GLEAN",[[1,565159,565307,1,0,"scaffold93","GLEAN","CDS"],[1,568540,568716,1,2,"scaffold93","GLEAN","CDS"]],"mRNA"],[0,621042,622011,-1,"lamu_GLEAN_10003973",0.800515,"scaffold93","GLEAN",[[1,621997,622011,-1,0,"scaffold93","GLEAN","CDS"],[1,621689,621915,-1,1,"scaffold93","GLEAN","CDS"],[1,621201,621363,-1,0,"scaffold93","GLEAN","CDS"],[1,621042,621123,-1,0,"scaffold93","GLEAN","CDS"]],"mRNA"],[0,621816,624274,1,"lamu_GLEAN_10003974",0.566628,"scaffold93","GLEAN",[[1,621816,621978,1,0,"scaffold93","GLEAN","CDS"],[1,622396,622825,1,0,"scaffold93","GLEAN","CDS"],[1,623474,623755,1,0,"scaffold93","GLEAN","CDS"],[1,624150,624274,1,1,"scaffold93","GLEAN","CDS"]],"mRNA"],[0,682960,683914,-1,"lamu_GLEAN_10003975",0.997587,"scaffold93","GLEAN",[[1,682960,683914,-1,0,"scaffold93","GLEAN","CDS"]],"mRNA"],[0,685987,687043,1,"lamu_GLEAN_10003976",0.998789,"scaffold93","GLEAN",[[1,685987,687043,1,0,"scaffold93","GLEAN","CDS"]],"mRNA"]],"urlTemplate":"lf-{Chunk}.json"}}