{"featureCount":10,"formatVersion":1,"histograms":{"meta":[{"arrayParams":{"chunkSize":10000,"length":4,"urlTemplate":"hist-100000-{Chunk}.json"},"basesPerBin":"100000"}],"stats":[{"basesPerBin":"100000","max":5,"mean":2.5}]},"intervals":{"classes":[{"attributes":["Start","End","Strand","Id","Score","Seq_id","Source","Subfeatures","Type"],"isArrayAttr":{"Subfeatures":1}},{"attributes":["Start","End","Strand","Phase","Seq_id","Source","Type"],"isArrayAttr":{}},{"attributes":["Start","End","Chunk"],"isArrayAttr":{"Sublist":1}}],"count":10,"lazyClass":2,"maxEnd":381942,"minStart":37697,"nclist":[[0,37697,38174,-1,"lamu_GLEAN_10001998",0.977294,"scaffold135","GLEAN",[[1,37697,38174,-1,0,"scaffold135","GLEAN","CDS"]],"mRNA"],[0,69291,74058,-1,"lamu_GLEAN_10001999",0.57831,"scaffold135","GLEAN",[[1,73814,74058,-1,0,"scaffold135","GLEAN","CDS"],[1,73061,73117,-1,2,"scaffold135","GLEAN","CDS"],[1,72461,72553,-1,0,"scaffold135","GLEAN","CDS"],[1,70309,70521,-1,1,"scaffold135","GLEAN","CDS"],[1,69868,70116,-1,2,"scaffold135","GLEAN","CDS"],[1,69291,69561,-1,0,"scaffold135","GLEAN","CDS"]],"mRNA"],[0,127717,128224,-1,"lamu_GLEAN_10002000",0.999987,"scaffold135","GLEAN",[[1,127717,128224,-1,0,"scaffold135","GLEAN","CDS"]],"mRNA"],[0,143706,144127,-1,"lamu_GLEAN_10002001",0.984938,"scaffold135","GLEAN",[[1,144035,144127,-1,0,"scaffold135","GLEAN","CDS"],[1,143706,143887,-1,1,"scaffold135","GLEAN","CDS"]],"mRNA"],[0,181798,182463,1,"lamu_GLEAN_10002002",0.854694,"scaffold135","GLEAN",[[1,181798,181998,1,0,"scaffold135","GLEAN","CDS"],[1,182240,182463,1,1,"scaffold135","GLEAN","CDS"]],"mRNA"],[0,185313,185694,-1,"lamu_GLEAN_10002003",0.999948,"scaffold135","GLEAN",[[1,185313,185694,-1,0,"scaffold135","GLEAN","CDS"]],"mRNA"],[0,186195,186744,-1,"lamu_GLEAN_10002004",0.997526,"scaffold135","GLEAN",[[1,186195,186744,-1,0,"scaffold135","GLEAN","CDS"]],"mRNA"],[0,368164,368740,-1,"lamu_GLEAN_10002005",0.967909,"scaffold135","GLEAN",[[1,368164,368740,-1,0,"scaffold135","GLEAN","CDS"]],"mRNA"],[0,375848,376196,-1,"lamu_GLEAN_10002006",0.66276,"scaffold135","GLEAN",[[1,375848,376196,-1,0,"scaffold135","GLEAN","CDS"]],"mRNA"],[0,381053,381942,-1,"lamu_GLEAN_10002007",0.534586,"scaffold135","GLEAN",[[1,381794,381942,-1,0,"scaffold135","GLEAN","CDS"],[1,381053,381247,-1,2,"scaffold135","GLEAN","CDS"]],"mRNA"]],"urlTemplate":"lf-{Chunk}.json"}}