{"featureCount":6,"formatVersion":1,"histograms":{"meta":[{"arrayParams":{"chunkSize":10000,"length":2,"urlTemplate":"hist-500000-{Chunk}.json"},"basesPerBin":"500000"}],"stats":[{"basesPerBin":"500000","max":4,"mean":3}]},"intervals":{"classes":[{"attributes":["Start","End","Strand","Id","Score","Seq_id","Source","Subfeatures","Type"],"isArrayAttr":{"Subfeatures":1}},{"attributes":["Start","End","Strand","Phase","Seq_id","Source","Type"],"isArrayAttr":{}},{"attributes":["Start","End","Chunk"],"isArrayAttr":{"Sublist":1}}],"count":6,"lazyClass":2,"maxEnd":512036,"minStart":9175,"nclist":[[0,9175,10547,-1,"lamu_GLEAN_10002728",0.996224,"scaffold122","GLEAN",[[1,10183,10547,-1,0,"scaffold122","GLEAN","CDS"],[1,9175,9444,-1,2,"scaffold122","GLEAN","CDS"]],"mRNA"],[0,41895,42893,1,"lamu_GLEAN_10002729",0.99907,"scaffold122","GLEAN",[[1,41895,42574,1,0,"scaffold122","GLEAN","CDS"],[1,42750,42893,1,2,"scaffold122","GLEAN","CDS"]],"mRNA"],[0,83297,83600,-1,"lamu_GLEAN_10002730",1,"scaffold122","GLEAN",[[1,83297,83600,-1,0,"scaffold122","GLEAN","CDS"]],"mRNA"],[0,372702,372979,1,"lamu_GLEAN_10002731",0.998456,"scaffold122","GLEAN",[[1,372702,372720,1,0,"scaffold122","GLEAN","CDS"],[1,372817,372979,1,0,"scaffold122","GLEAN","CDS"]],"mRNA"],[0,506737,508462,-1,"lamu_GLEAN_10002732",0.512835,"scaffold122","GLEAN",[[1,508417,508462,-1,0,"scaffold122","GLEAN","CDS"],[1,508212,508353,-1,0,"scaffold122","GLEAN","CDS"],[1,507044,507230,-1,0,"scaffold122","GLEAN","CDS"],[1,506737,506821,-1,0,"scaffold122","GLEAN","CDS"]],"mRNA"],[0,509834,512036,-1,"lamu_GLEAN_10002733",0.549908,"scaffold122","GLEAN",[[1,511913,512036,-1,0,"scaffold122","GLEAN","CDS"],[1,511649,511784,-1,0,"scaffold122","GLEAN","CDS"],[1,509834,510017,-1,0,"scaffold122","GLEAN","CDS"]],"mRNA"]],"urlTemplate":"lf-{Chunk}.json"}}