{"featureCount":20,"formatVersion":1,"histograms":{"meta":[{"arrayParams":{"chunkSize":10000,"length":7,"urlTemplate":"hist-50000-{Chunk}.json"},"basesPerBin":"50000"}],"stats":[{"basesPerBin":"50000","max":5,"mean":3.14285714285714}]},"intervals":{"classes":[{"attributes":["Start","End","Strand","Id","Score","Seq_id","Source","Subfeatures","Type"],"isArrayAttr":{"Subfeatures":1}},{"attributes":["Start","End","Strand","Phase","Seq_id","Source","Type"],"isArrayAttr":{}},{"attributes":["Start","End","Chunk"],"isArrayAttr":{"Sublist":1}}],"count":20,"lazyClass":2,"maxEnd":310382,"minStart":16170,"nclist":[[0,16170,16552,1,"lamu_GLEAN_10001604",0.995805,"scaffold158","GLEAN",[[1,16170,16251,1,0,"scaffold158","GLEAN","CDS"],[1,16336,16552,1,0,"scaffold158","GLEAN","CDS"]],"mRNA"],[0,36051,39780,-1,"lamu_GLEAN_10001605",0.99635,"scaffold158","GLEAN",[[1,39592,39780,-1,0,"scaffold158","GLEAN","CDS"],[1,39112,39219,-1,1,"scaffold158","GLEAN","CDS"],[1,38536,38647,-1,2,"scaffold158","GLEAN","CDS"],[1,38070,38180,-1,2,"scaffold158","GLEAN","CDS"],[1,37479,37575,-1,0,"scaffold158","GLEAN","CDS"],[1,37329,37387,-1,0,"scaffold158","GLEAN","CDS"],[1,36459,36601,-1,2,"scaffold158","GLEAN","CDS"],[1,36051,36385,-1,1,"scaffold158","GLEAN","CDS"]],"mRNA"],[0,63724,64857,-1,"lamu_GLEAN_10001606",0.46542,"scaffold158","GLEAN",[[1,64664,64857,-1,0,"scaffold158","GLEAN","CDS"],[1,64469,64579,-1,2,"scaffold158","GLEAN","CDS"],[1,64241,64361,-1,0,"scaffold158","GLEAN","CDS"],[1,64027,64093,-1,0,"scaffold158","GLEAN","CDS"],[1,63724,63805,-1,0,"scaffold158","GLEAN","CDS"]],"mRNA"],[0,138692,140738,1,"lamu_GLEAN_10001607",0.953611,"scaffold158","GLEAN",[[1,138692,138839,1,0,"scaffold158","GLEAN","CDS"],[1,138934,138977,1,0,"scaffold158","GLEAN","CDS"],[1,139594,139688,1,2,"scaffold158","GLEAN","CDS"],[1,139789,139889,1,1,"scaffold158","GLEAN","CDS"],[1,140266,140312,1,0,"scaffold158","GLEAN","CDS"],[1,140637,140738,1,2,"scaffold158","GLEAN","CDS"]],"mRNA"],[0,145306,146465,1,"lamu_GLEAN_10001608",1,"scaffold158","GLEAN",[[1,145306,145469,1,0,"scaffold158","GLEAN","CDS"],[1,145574,145704,1,2,"scaffold158","GLEAN","CDS"],[1,145972,146465,1,1,"scaffold158","GLEAN","CDS"]],"mRNA"],[0,149908,159785,-1,"lamu_GLEAN_10001609",0.378894,"scaffold158","GLEAN",[[1,159708,159785,-1,0,"scaffold158","GLEAN","CDS"],[1,159253,159395,-1,1,"scaffold158","GLEAN","CDS"],[1,158583,158634,-1,0,"scaffold158","GLEAN","CDS"],[1,158238,158310,-1,0,"scaffold158","GLEAN","CDS"],[1,157901,158001,-1,0,"scaffold158","GLEAN","CDS"],[1,157588,157684,-1,2,"scaffold158","GLEAN","CDS"],[1,157252,157314,-1,2,"scaffold158","GLEAN","CDS"],[1,157045,157153,-1,0,"scaffold158","GLEAN","CDS"],[1,156861,156954,-1,0,"scaffold158","GLEAN","CDS"],[1,156066,156219,-1,0,"scaffold158","GLEAN","CDS"],[1,155869,155925,-1,0,"scaffold158","GLEAN","CDS"],[1,154776,154867,-1,1,"scaffold158","GLEAN","CDS"],[1,154585,154675,-1,0,"scaffold158","GLEAN","CDS"],[1,154059,154261,-1,0,"scaffold158","GLEAN","CDS"],[1,153887,153964,-1,2,"scaffold158","GLEAN","CDS"],[1,153261,153393,-1,0,"scaffold158","GLEAN","CDS"],[1,153040,153177,-1,0,"scaffold158","GLEAN","CDS"],[1,152839,152939,-1,1,"scaffold158","GLEAN","CDS"],[1,152667,152763,-1,0,"scaffold158","GLEAN","CDS"],[1,152009,152110,-1,0,"scaffold158","GLEAN","CDS"],[1,151819,151925,-1,1,"scaffold158","GLEAN","CDS"],[1,151592,151682,-1,0,"scaffold158","GLEAN","CDS"],[1,151371,151501,-1,0,"scaffold158","GLEAN","CDS"],[1,150362,150440,-1,2,"scaffold158","GLEAN","CDS"],[1,149908,149970,-1,2,"scaffold158","GLEAN","CDS"]],"mRNA"],[0,170199,171153,1,"lamu_GLEAN_10001610",0.682462,"scaffold158","GLEAN",[[1,170199,171153,1,0,"scaffold158","GLEAN","CDS"]],"mRNA"],[0,176978,178039,-1,"lamu_GLEAN_10001611",0.999995,"scaffold158","GLEAN",[[1,177160,178039,-1,0,"scaffold158","GLEAN","CDS"],[1,176978,177065,-1,0,"scaffold158","GLEAN","CDS"]],"mRNA"],[0,185516,186002,1,"lamu_GLEAN_10001612",1,"scaffold158","GLEAN",[[1,185516,186002,1,0,"scaffold158","GLEAN","CDS"]],"mRNA"],[0,207037,207721,-1,"lamu_GLEAN_10001613",1,"scaffold158","GLEAN",[[1,207037,207721,-1,0,"scaffold158","GLEAN","CDS"]],"mRNA"],[0,214076,220638,-1,"lamu_GLEAN_10001614",0.995483,"scaffold158","GLEAN",[[1,220510,220638,-1,0,"scaffold158","GLEAN","CDS"],[1,219208,219332,-1,1,"scaffold158","GLEAN","CDS"],[1,218635,218718,-1,0,"scaffold158","GLEAN","CDS"],[1,218443,218555,-1,1,"scaffold158","GLEAN","CDS"],[1,218254,218359,-1,0,"scaffold158","GLEAN","CDS"],[1,218021,218072,-1,0,"scaffold158","GLEAN","CDS"],[1,215258,215348,-1,0,"scaffold158","GLEAN","CDS"],[1,215069,215178,-1,0,"scaffold158","GLEAN","CDS"],[1,214822,214971,-1,2,"scaffold158","GLEAN","CDS"],[1,214684,214738,-1,0,"scaffold158","GLEAN","CDS"],[1,214076,214304,-1,0,"scaffold158","GLEAN","CDS"]],"mRNA"],[0,225336,226012,1,"lamu_GLEAN_10001615",0.99887,"scaffold158","GLEAN",[[1,225336,225510,1,0,"scaffold158","GLEAN","CDS"],[1,225619,226012,1,0,"scaffold158","GLEAN","CDS"]],"mRNA"],[0,233245,241983,-1,"lamu_GLEAN_10001616",0.994238,"scaffold158","GLEAN",[[1,241866,241983,-1,0,"scaffold158","GLEAN","CDS"],[1,240697,240907,-1,0,"scaffold158","GLEAN","CDS"],[1,239494,239689,-1,0,"scaffold158","GLEAN","CDS"],[1,239063,239407,-1,0,"scaffold158","GLEAN","CDS"],[1,238595,238821,-1,1,"scaffold158","GLEAN","CDS"],[1,238260,238429,-1,0,"scaffold158","GLEAN","CDS"],[1,236952,238149,-1,2,"scaffold158","GLEAN","CDS"],[1,236605,236771,-1,2,"scaffold158","GLEAN","CDS"],[1,236301,236523,-1,1,"scaffold158","GLEAN","CDS"],[1,236090,236228,-1,1,"scaffold158","GLEAN","CDS"],[1,234889,235124,-1,1,"scaffold158","GLEAN","CDS"],[1,234707,234767,-1,0,"scaffold158","GLEAN","CDS"],[1,233468,233540,-1,0,"scaffold158","GLEAN","CDS"],[1,233245,233389,-1,0,"scaffold158","GLEAN","CDS"]],"mRNA"],[0,244699,245041,-1,"lamu_GLEAN_10001617",0.999867,"scaffold158","GLEAN",[[1,244699,245041,-1,0,"scaffold158","GLEAN","CDS"]],"mRNA"],[0,252437,257106,1,"lamu_GLEAN_10001618",0.999669,"scaffold158","GLEAN",[[1,252437,252698,1,0,"scaffold158","GLEAN","CDS"],[1,252798,252946,1,0,"scaffold158","GLEAN","CDS"],[1,253415,253570,1,2,"scaffold158","GLEAN","CDS"],[1,254402,254585,1,0,"scaffold158","GLEAN","CDS"],[1,255170,255246,1,0,"scaffold158","GLEAN","CDS"],[1,255999,256115,1,2,"scaffold158","GLEAN","CDS"],[1,257037,257106,1,0,"scaffold158","GLEAN","CDS"]],"mRNA"],[0,276510,278727,1,"lamu_GLEAN_10001619",0.992042,"scaffold158","GLEAN",[[1,276510,277128,1,0,"scaffold158","GLEAN","CDS"],[1,278421,278727,1,0,"scaffold158","GLEAN","CDS"]],"mRNA"],[0,290945,293029,-1,"lamu_GLEAN_10001620",0.867573,"scaffold158","GLEAN",[[1,292956,293029,-1,0,"scaffold158","GLEAN","CDS"],[1,290945,291616,-1,2,"scaffold158","GLEAN","CDS"]],"mRNA"],[0,293348,296355,-1,"lamu_GLEAN_10001621",0.864373,"scaffold158","GLEAN",[[1,295001,296355,-1,0,"scaffold158","GLEAN","CDS"],[1,293348,294019,-1,2,"scaffold158","GLEAN","CDS"]],"mRNA"],[0,298889,302476,-1,"lamu_GLEAN_10001622",0.998491,"scaffold158","GLEAN",[[1,302266,302476,-1,0,"scaffold158","GLEAN","CDS"],[1,301626,301802,-1,0,"scaffold158","GLEAN","CDS"],[1,301371,301560,-1,1,"scaffold158","GLEAN","CDS"],[1,301220,301284,-1,1,"scaffold158","GLEAN","CDS"],[1,300985,301093,-1,0,"scaffold158","GLEAN","CDS"],[1,300722,300848,-1,0,"scaffold158","GLEAN","CDS"],[1,300301,300534,-1,0,"scaffold158","GLEAN","CDS"],[1,298889,299109,-1,1,"scaffold158","GLEAN","CDS"]],"mRNA"],[0,308719,310382,1,"lamu_GLEAN_10001623",0.999727,"scaffold158","GLEAN",[[1,308719,308954,1,0,"scaffold158","GLEAN","CDS"],[1,310293,310382,1,2,"scaffold158","GLEAN","CDS"]],"mRNA"]],"urlTemplate":"lf-{Chunk}.json"}}