{"featureCount":20,"formatVersion":1,"histograms":{"meta":[{"arrayParams":{"chunkSize":10000,"length":6,"urlTemplate":"hist-50000-{Chunk}.json"},"basesPerBin":"50000"}],"stats":[{"basesPerBin":"50000","max":5,"mean":3.5}]},"intervals":{"classes":[{"attributes":["Start","End","Strand","Id","Score","Seq_id","Source","Subfeatures","Type"],"isArrayAttr":{"Subfeatures":1}},{"attributes":["Start","End","Strand","Phase","Seq_id","Source","Type"],"isArrayAttr":{}},{"attributes":["Start","End","Chunk"],"isArrayAttr":{"Sublist":1}}],"count":20,"lazyClass":2,"maxEnd":272637,"minStart":6759,"nclist":[[0,6759,12612,-1,"lamu_GLEAN_10001488",0.995576,"scaffold168","GLEAN",[[1,12377,12612,-1,0,"scaffold168","GLEAN","CDS"],[1,11190,11338,-1,2,"scaffold168","GLEAN","CDS"],[1,9599,9791,-1,1,"scaffold168","GLEAN","CDS"],[1,8973,9102,-1,1,"scaffold168","GLEAN","CDS"],[1,8184,8354,-1,1,"scaffold168","GLEAN","CDS"],[1,7722,7853,-1,2,"scaffold168","GLEAN","CDS"],[1,6759,6837,-1,0,"scaffold168","GLEAN","CDS"]],"mRNA"],[0,29105,31715,1,"lamu_GLEAN_10001489",0.499496,"scaffold168","GLEAN",[[1,29105,30417,1,0,"scaffold168","GLEAN","CDS"],[1,30744,31715,1,2,"scaffold168","GLEAN","CDS"]],"mRNA"],[0,35875,43269,-1,"lamu_GLEAN_10001490",0.592525,"scaffold168","GLEAN",[[1,43217,43269,-1,0,"scaffold168","GLEAN","CDS"],[1,42504,42571,-1,2,"scaffold168","GLEAN","CDS"],[1,41631,41825,-1,1,"scaffold168","GLEAN","CDS"],[1,39285,39470,-1,2,"scaffold168","GLEAN","CDS"],[1,39157,39217,-1,0,"scaffold168","GLEAN","CDS"],[1,38821,39049,-1,0,"scaffold168","GLEAN","CDS"],[1,38346,38526,-1,0,"scaffold168","GLEAN","CDS"],[1,37021,37219,-1,0,"scaffold168","GLEAN","CDS"],[1,36893,36953,-1,0,"scaffold168","GLEAN","CDS"],[1,36557,36785,-1,0,"scaffold168","GLEAN","CDS"],[1,36082,36262,-1,0,"scaffold168","GLEAN","CDS"],[1,35875,35953,-1,0,"scaffold168","GLEAN","CDS"]],"mRNA"],[0,78333,80294,1,"lamu_GLEAN_10001491",0.795576,"scaffold168","GLEAN",[[1,78333,78537,1,0,"scaffold168","GLEAN","CDS"],[1,79396,79447,1,0,"scaffold168","GLEAN","CDS"],[1,80195,80294,1,0,"scaffold168","GLEAN","CDS"]],"mRNA"],[0,86056,88902,1,"lamu_GLEAN_10001492",0.62909,"scaffold168","GLEAN",[[1,86056,87113,1,0,"scaffold168","GLEAN","CDS"],[1,87259,88902,1,2,"scaffold168","GLEAN","CDS"]],"mRNA"],[0,90254,90647,1,"lamu_GLEAN_10001493",1,"scaffold168","GLEAN",[[1,90254,90647,1,0,"scaffold168","GLEAN","CDS"]],"mRNA"],[0,91618,98110,1,"lamu_GLEAN_10001494",0.998106,"scaffold168","GLEAN",[[1,91618,91750,1,0,"scaffold168","GLEAN","CDS"],[1,92687,92776,1,0,"scaffold168","GLEAN","CDS"],[1,93065,93180,1,1,"scaffold168","GLEAN","CDS"],[1,97755,97835,1,0,"scaffold168","GLEAN","CDS"],[1,98019,98110,1,1,"scaffold168","GLEAN","CDS"]],"mRNA"],[0,108266,116259,1,"lamu_GLEAN_10001495",0.998566,"scaffold168","GLEAN",[[1,108266,108539,1,0,"scaffold168","GLEAN","CDS"],[1,109724,109814,1,0,"scaffold168","GLEAN","CDS"],[1,110786,111238,1,0,"scaffold168","GLEAN","CDS"],[1,111318,111564,1,1,"scaffold168","GLEAN","CDS"],[1,112399,113325,1,1,"scaffold168","GLEAN","CDS"],[1,114017,114169,1,2,"scaffold168","GLEAN","CDS"],[1,114268,114385,1,0,"scaffold168","GLEAN","CDS"],[1,114842,114965,1,0,"scaffold168","GLEAN","CDS"],[1,115821,116259,1,0,"scaffold168","GLEAN","CDS"]],"mRNA"],[0,121807,125633,1,"lamu_GLEAN_10001496",0.998722,"scaffold168","GLEAN",[[1,121807,122008,1,0,"scaffold168","GLEAN","CDS"],[1,122655,122868,1,0,"scaffold168","GLEAN","CDS"],[1,123922,124071,1,0,"scaffold168","GLEAN","CDS"],[1,124159,124240,1,1,"scaffold168","GLEAN","CDS"],[1,124312,125633,1,1,"scaffold168","GLEAN","CDS"]],"mRNA"],[0,127234,130239,-1,"lamu_GLEAN_10001497",0.423094,"scaffold168","GLEAN",[[1,130146,130239,-1,0,"scaffold168","GLEAN","CDS"],[1,129576,129618,-1,0,"scaffold168","GLEAN","CDS"],[1,129048,129138,-1,0,"scaffold168","GLEAN","CDS"],[1,128682,128724,-1,0,"scaffold168","GLEAN","CDS"],[1,127951,128225,-1,0,"scaffold168","GLEAN","CDS"],[1,127609,127764,-1,2,"scaffold168","GLEAN","CDS"],[1,127234,127372,-1,0,"scaffold168","GLEAN","CDS"]],"mRNA"],[0,132755,133298,-1,"lamu_GLEAN_10001498",0.996028,"scaffold168","GLEAN",[[1,132755,133298,-1,0,"scaffold168","GLEAN","CDS"]],"mRNA"],[0,147585,150934,-1,"lamu_GLEAN_10001499",0.779811,"scaffold168","GLEAN",[[1,150540,150934,-1,0,"scaffold168","GLEAN","CDS"],[1,149064,149270,-1,2,"scaffold168","GLEAN","CDS"],[1,147585,147897,-1,0,"scaffold168","GLEAN","CDS"]],"mRNA"],[0,157835,159206,1,"lamu_GLEAN_10001500",0.998792,"scaffold168","GLEAN",[[1,157835,159206,1,0,"scaffold168","GLEAN","CDS"]],"mRNA"],[0,170538,173482,1,"lamu_GLEAN_10001501",0.94816,"scaffold168","GLEAN",[[1,170538,170589,1,0,"scaffold168","GLEAN","CDS"],[1,171427,171520,1,0,"scaffold168","GLEAN","CDS"],[1,171710,171907,1,0,"scaffold168","GLEAN","CDS"],[1,172064,172170,1,1,"scaffold168","GLEAN","CDS"],[1,172893,173040,1,0,"scaffold168","GLEAN","CDS"],[1,173362,173482,1,0,"scaffold168","GLEAN","CDS"]],"mRNA"],[0,188740,196800,1,"lamu_GLEAN_10001502",0.932072,"scaffold168","GLEAN",[[1,188740,188761,1,0,"scaffold168","GLEAN","CDS"],[1,188844,188927,1,0,"scaffold168","GLEAN","CDS"],[1,189055,189086,1,1,"scaffold168","GLEAN","CDS"],[1,189197,189312,1,0,"scaffold168","GLEAN","CDS"],[1,189659,190975,1,2,"scaffold168","GLEAN","CDS"],[1,191742,193331,1,0,"scaffold168","GLEAN","CDS"],[1,193505,193636,1,1,"scaffold168","GLEAN","CDS"],[1,193757,194581,1,2,"scaffold168","GLEAN","CDS"],[1,196021,196134,1,0,"scaffold168","GLEAN","CDS"],[1,196502,196800,1,1,"scaffold168","GLEAN","CDS"]],"mRNA"],[0,197745,199335,-1,"lamu_GLEAN_10001503",1,"scaffold168","GLEAN",[[1,197745,199335,-1,0,"scaffold168","GLEAN","CDS"]],"mRNA"],[0,204856,205879,-1,"lamu_GLEAN_10001504",0.992714,"scaffold168","GLEAN",[[1,204856,205879,-1,0,"scaffold168","GLEAN","CDS"]],"mRNA"],[0,234061,235630,-1,"lamu_GLEAN_10001505",0.518951,"scaffold168","GLEAN",[[1,234061,235630,-1,0,"scaffold168","GLEAN","CDS"]],"mRNA"],[0,269126,270674,-1,"lamu_GLEAN_10001506",0.996933,"scaffold168","GLEAN",[[1,269126,270674,-1,0,"scaffold168","GLEAN","CDS"]],"mRNA"],[0,271617,272637,-1,"lamu_GLEAN_10001507",0.968879,"scaffold168","GLEAN",[[1,271617,272637,-1,0,"scaffold168","GLEAN","CDS"]],"mRNA"]],"urlTemplate":"lf-{Chunk}.json"}}