{"featureCount":10,"formatVersion":1,"histograms":{"meta":[{"arrayParams":{"chunkSize":10000,"length":4,"urlTemplate":"hist-200000-{Chunk}.json"},"basesPerBin":"200000"}],"stats":[{"basesPerBin":"200000","max":6,"mean":2.5}]},"intervals":{"classes":[{"attributes":["Start","End","Strand","Id","Score","Seq_id","Source","Subfeatures","Type"],"isArrayAttr":{"Subfeatures":1}},{"attributes":["Start","End","Strand","Phase","Seq_id","Source","Type"],"isArrayAttr":{}},{"attributes":["Start","End","Chunk"],"isArrayAttr":{"Sublist":1}}],"count":10,"lazyClass":2,"maxEnd":772433,"minStart":9859,"nclist":[[0,9859,11289,1,"lamu_GLEAN_10004372",0.337648,"scaffold72","GLEAN",[[1,9859,10049,1,0,"scaffold72","GLEAN","CDS"],[1,11044,11289,1,2,"scaffold72","GLEAN","CDS"]],"mRNA"],[0,138155,138563,1,"lamu_GLEAN_10004373",0.589195,"scaffold72","GLEAN",[[1,138155,138563,1,0,"scaffold72","GLEAN","CDS"]],"mRNA"],[0,224820,227378,1,"lamu_GLEAN_10004374",0.997669,"scaffold72","GLEAN",[[1,224820,225037,1,0,"scaffold72","GLEAN","CDS"],[1,226032,226124,1,2,"scaffold72","GLEAN","CDS"],[1,226225,226266,1,0,"scaffold72","GLEAN","CDS"],[1,226388,226547,1,1,"scaffold72","GLEAN","CDS"],[1,226631,226654,1,1,"scaffold72","GLEAN","CDS"],[1,226776,226848,1,2,"scaffold72","GLEAN","CDS"],[1,227048,227216,1,2,"scaffold72","GLEAN","CDS"],[1,227295,227378,1,2,"scaffold72","GLEAN","CDS"]],"mRNA"],[0,232157,233928,1,"lamu_GLEAN_10004375",0.99788,"scaffold72","GLEAN",[[1,232157,232200,1,0,"scaffold72","GLEAN","CDS"],[1,232801,232884,1,2,"scaffold72","GLEAN","CDS"],[1,232962,233025,1,0,"scaffold72","GLEAN","CDS"],[1,233742,233928,1,0,"scaffold72","GLEAN","CDS"]],"mRNA"],[0,669521,670910,-1,"lamu_GLEAN_10004376",0.986425,"scaffold72","GLEAN",[[1,669521,670910,-1,0,"scaffold72","GLEAN","CDS"]],"mRNA"],[0,682367,692306,1,"lamu_GLEAN_10004377",0.282789,"scaffold72","GLEAN",[[1,682367,682500,1,0,"scaffold72","GLEAN","CDS"],[1,684166,684267,1,2,"scaffold72","GLEAN","CDS"],[1,685293,685406,1,0,"scaffold72","GLEAN","CDS"],[1,685494,685582,1,1,"scaffold72","GLEAN","CDS"],[1,685684,685795,1,0,"scaffold72","GLEAN","CDS"],[1,685894,686047,1,0,"scaffold72","GLEAN","CDS"],[1,686829,686919,1,0,"scaffold72","GLEAN","CDS"],[1,687011,687087,1,0,"scaffold72","GLEAN","CDS"],[1,687191,687367,1,2,"scaffold72","GLEAN","CDS"],[1,688167,688302,1,0,"scaffold72","GLEAN","CDS"],[1,688391,688468,1,0,"scaffold72","GLEAN","CDS"],[1,688547,688635,1,1,"scaffold72","GLEAN","CDS"],[1,691322,691445,1,0,"scaffold72","GLEAN","CDS"],[1,691529,691647,1,0,"scaffold72","GLEAN","CDS"],[1,691806,692163,1,2,"scaffold72","GLEAN","CDS"],[1,692274,692306,1,2,"scaffold72","GLEAN","CDS"]],"mRNA"],[0,695005,707093,1,"lamu_GLEAN_10004378",0.492768,"scaffold72","GLEAN",[[1,695005,695054,1,0,"scaffold72","GLEAN","CDS"],[1,695144,695194,1,2,"scaffold72","GLEAN","CDS"],[1,695291,695378,1,0,"scaffold72","GLEAN","CDS"],[1,695570,695675,1,0,"scaffold72","GLEAN","CDS"],[1,695854,695949,1,0,"scaffold72","GLEAN","CDS"],[1,696037,696119,1,1,"scaffold72","GLEAN","CDS"],[1,696208,696372,1,0,"scaffold72","GLEAN","CDS"],[1,696507,696631,1,1,"scaffold72","GLEAN","CDS"],[1,696775,696879,1,0,"scaffold72","GLEAN","CDS"],[1,697121,697230,1,1,"scaffold72","GLEAN","CDS"],[1,697319,697504,1,0,"scaffold72","GLEAN","CDS"],[1,697629,697739,1,1,"scaffold72","GLEAN","CDS"],[1,697819,697939,1,2,"scaffold72","GLEAN","CDS"],[1,698035,698095,1,2,"scaffold72","GLEAN","CDS"],[1,698243,698430,1,2,"scaffold72","GLEAN","CDS"],[1,698516,698628,1,1,"scaffold72","GLEAN","CDS"],[1,700967,701094,1,0,"scaffold72","GLEAN","CDS"],[1,702287,702390,1,2,"scaffold72","GLEAN","CDS"],[1,703812,703925,1,1,"scaffold72","GLEAN","CDS"],[1,703998,704228,1,2,"scaffold72","GLEAN","CDS"],[1,704942,705740,1,0,"scaffold72","GLEAN","CDS"],[1,705845,705896,1,0,"scaffold72","GLEAN","CDS"],[1,706116,706302,1,0,"scaffold72","GLEAN","CDS"],[1,706841,707093,1,0,"scaffold72","GLEAN","CDS"]],"mRNA"],[0,707827,708948,1,"lamu_GLEAN_10004379",0.560504,"scaffold72","GLEAN",[[1,707827,708074,1,0,"scaffold72","GLEAN","CDS"],[1,708286,708405,1,2,"scaffold72","GLEAN","CDS"],[1,708481,708532,1,0,"scaffold72","GLEAN","CDS"],[1,708687,708948,1,0,"scaffold72","GLEAN","CDS"]],"mRNA"],[0,711113,713491,-1,"lamu_GLEAN_10004380",0.999048,"scaffold72","GLEAN",[[1,713109,713491,-1,0,"scaffold72","GLEAN","CDS"],[1,711818,711978,-1,2,"scaffold72","GLEAN","CDS"],[1,711113,711531,-1,1,"scaffold72","GLEAN","CDS"]],"mRNA"],[0,769896,772433,-1,"lamu_GLEAN_10004381",0.958353,"scaffold72","GLEAN",[[1,772429,772433,-1,0,"scaffold72","GLEAN","CDS"],[1,772282,772334,-1,2,"scaffold72","GLEAN","CDS"],[1,770265,770440,-1,1,"scaffold72","GLEAN","CDS"],[1,769896,770136,-1,0,"scaffold72","GLEAN","CDS"]],"mRNA"]],"urlTemplate":"lf-{Chunk}.json"}}