{"featureCount":26,"formatVersion":1,"histograms":{"meta":[{"arrayParams":{"chunkSize":10000,"length":8,"urlTemplate":"hist-100000-{Chunk}.json"},"basesPerBin":"100000"}],"stats":[{"basesPerBin":"100000","max":8,"mean":3.25}]},"intervals":{"classes":[{"attributes":["Start","End","Strand","Id","Score","Seq_id","Source","Subfeatures","Type"],"isArrayAttr":{"Subfeatures":1}},{"attributes":["Start","End","Strand","Phase","Seq_id","Source","Type"],"isArrayAttr":{}},{"attributes":["Start","End","Chunk"],"isArrayAttr":{"Sublist":1}}],"count":26,"lazyClass":2,"maxEnd":757289,"minStart":10376,"nclist":[[0,10376,25183,1,"lamu_GLEAN_10004578",0.554309,"scaffold69","GLEAN",[[1,10376,10466,1,0,"scaffold69","GLEAN","CDS"],[1,10843,10979,1,0,"scaffold69","GLEAN","CDS"],[1,11061,11149,1,2,"scaffold69","GLEAN","CDS"],[1,11334,11484,1,1,"scaffold69","GLEAN","CDS"],[1,12900,13063,1,1,"scaffold69","GLEAN","CDS"],[1,13771,13956,1,0,"scaffold69","GLEAN","CDS"],[1,14057,14231,1,1,"scaffold69","GLEAN","CDS"],[1,16266,16412,1,1,"scaffold69","GLEAN","CDS"],[1,16493,16617,1,2,"scaffold69","GLEAN","CDS"],[1,16721,16902,1,1,"scaffold69","GLEAN","CDS"],[1,18082,18242,1,0,"scaffold69","GLEAN","CDS"],[1,18330,18372,1,2,"scaffold69","GLEAN","CDS"],[1,18638,18757,1,2,"scaffold69","GLEAN","CDS"],[1,18843,19042,1,0,"scaffold69","GLEAN","CDS"],[1,19750,19882,1,2,"scaffold69","GLEAN","CDS"],[1,20748,20852,1,2,"scaffold69","GLEAN","CDS"],[1,21392,21572,1,0,"scaffold69","GLEAN","CDS"],[1,22956,23096,1,0,"scaffold69","GLEAN","CDS"],[1,23185,23325,1,1,"scaffold69","GLEAN","CDS"],[1,23506,23565,1,2,"scaffold69","GLEAN","CDS"],[1,24462,24589,1,0,"scaffold69","GLEAN","CDS"],[1,25022,25183,1,2,"scaffold69","GLEAN","CDS"]],"mRNA"],[0,38661,40307,1,"lamu_GLEAN_10004579",0.998792,"scaffold69","GLEAN",[[1,38661,38976,1,0,"scaffold69","GLEAN","CDS"],[1,39566,40307,1,0,"scaffold69","GLEAN","CDS"]],"mRNA"],[0,44498,46574,1,"lamu_GLEAN_10004580",0.524652,"scaffold69","GLEAN",[[1,44498,44807,1,0,"scaffold69","GLEAN","CDS"],[1,44921,45466,1,0,"scaffold69","GLEAN","CDS"],[1,45566,45653,1,1,"scaffold69","GLEAN","CDS"],[1,45743,45800,1,1,"scaffold69","GLEAN","CDS"],[1,45884,46242,1,1,"scaffold69","GLEAN","CDS"],[1,46332,46422,1,0,"scaffold69","GLEAN","CDS"],[1,46502,46574,1,0,"scaffold69","GLEAN","CDS"]],"mRNA"],[0,47130,53853,-1,"lamu_GLEAN_10004581",0.997545,"scaffold69","GLEAN",[[1,53655,53853,-1,0,"scaffold69","GLEAN","CDS"],[1,52656,52947,-1,0,"scaffold69","GLEAN","CDS"],[1,50933,51179,-1,0,"scaffold69","GLEAN","CDS"],[1,49069,49194,-1,0,"scaffold69","GLEAN","CDS"],[1,48641,48740,-1,1,"scaffold69","GLEAN","CDS"],[1,47130,47728,-1,1,"scaffold69","GLEAN","CDS"]],"mRNA"],[0,70363,76524,1,"lamu_GLEAN_10004582",0.670022,"scaffold69","GLEAN",[[1,70363,70537,1,0,"scaffold69","GLEAN","CDS"],[1,73784,74037,1,0,"scaffold69","GLEAN","CDS"],[1,74146,75357,1,2,"scaffold69","GLEAN","CDS"],[1,75811,75962,1,0,"scaffold69","GLEAN","CDS"],[1,76204,76524,1,2,"scaffold69","GLEAN","CDS"]],"mRNA"],[0,122038,127040,1,"lamu_GLEAN_10004583",0.441085,"scaffold69","GLEAN",[[1,122038,122116,1,0,"scaffold69","GLEAN","CDS"],[1,123708,123797,1,0,"scaffold69","GLEAN","CDS"],[1,123888,124002,1,1,"scaffold69","GLEAN","CDS"],[1,124412,124467,1,1,"scaffold69","GLEAN","CDS"],[1,126009,126107,1,0,"scaffold69","GLEAN","CDS"],[1,126207,126637,1,1,"scaffold69","GLEAN","CDS"],[1,126731,127040,1,0,"scaffold69","GLEAN","CDS"]],"mRNA"],[0,179990,182604,-1,"lamu_GLEAN_10004584",0.558692,"scaffold69","GLEAN",[[1,182533,182604,-1,0,"scaffold69","GLEAN","CDS"],[1,181537,182414,-1,1,"scaffold69","GLEAN","CDS"],[1,181347,181446,-1,0,"scaffold69","GLEAN","CDS"],[1,181190,181256,-1,0,"scaffold69","GLEAN","CDS"],[1,180786,180852,-1,0,"scaffold69","GLEAN","CDS"],[1,180406,180706,-1,0,"scaffold69","GLEAN","CDS"],[1,179990,180218,-1,0,"scaffold69","GLEAN","CDS"]],"mRNA"],[0,280298,282999,1,"lamu_GLEAN_10004585",0.999474,"scaffold69","GLEAN",[[1,280298,280470,1,0,"scaffold69","GLEAN","CDS"],[1,280543,280724,1,2,"scaffold69","GLEAN","CDS"],[1,280830,280972,1,1,"scaffold69","GLEAN","CDS"],[1,282031,282101,1,0,"scaffold69","GLEAN","CDS"],[1,282829,282999,1,2,"scaffold69","GLEAN","CDS"]],"mRNA"],[0,482917,485949,1,"lamu_GLEAN_10004586",0.450011,"scaffold69","GLEAN",[[1,482917,483101,1,0,"scaffold69","GLEAN","CDS"],[1,485782,485949,1,2,"scaffold69","GLEAN","CDS"]],"mRNA"],[0,531717,536480,-1,"lamu_GLEAN_10004587",0.951189,"scaffold69","GLEAN",[[1,536274,536480,-1,0,"scaffold69","GLEAN","CDS"],[1,531927,532089,-1,1,"scaffold69","GLEAN","CDS"],[1,531717,531847,-1,1,"scaffold69","GLEAN","CDS"]],"mRNA"],[0,550319,550730,-1,"lamu_GLEAN_10004588",0.995134,"scaffold69","GLEAN",[[1,550319,550730,-1,0,"scaffold69","GLEAN","CDS"]],"mRNA"],[0,562646,564540,-1,"lamu_GLEAN_10004589",0.879715,"scaffold69","GLEAN",[[1,564389,564540,-1,0,"scaffold69","GLEAN","CDS"],[1,563342,563460,-1,2,"scaffold69","GLEAN","CDS"],[1,562646,562968,-1,1,"scaffold69","GLEAN","CDS"]],"mRNA"],[0,584184,584733,1,"lamu_GLEAN_10004590",0.921618,"scaffold69","GLEAN",[[1,584184,584733,1,0,"scaffold69","GLEAN","CDS"]],"mRNA"],[0,586351,586864,1,"lamu_GLEAN_10004591",0.976764,"scaffold69","GLEAN",[[1,586351,586864,1,0,"scaffold69","GLEAN","CDS"]],"mRNA"],[0,614283,614598,1,"lamu_GLEAN_10004592",0.999991,"scaffold69","GLEAN",[[1,614283,614598,1,0,"scaffold69","GLEAN","CDS"]],"mRNA"],[0,623683,624037,-1,"lamu_GLEAN_10004593",0.836779,"scaffold69","GLEAN",[[1,623683,624037,-1,0,"scaffold69","GLEAN","CDS"]],"mRNA"],[0,644365,644698,-1,"lamu_GLEAN_10004594",0.975355,"scaffold69","GLEAN",[[1,644365,644698,-1,0,"scaffold69","GLEAN","CDS"]],"mRNA"],[0,645409,645982,-1,"lamu_GLEAN_10004595",0.920123,"scaffold69","GLEAN",[[1,645409,645982,-1,0,"scaffold69","GLEAN","CDS"]],"mRNA"],[0,646552,647041,-1,"lamu_GLEAN_10004596",0.973926,"scaffold69","GLEAN",[[1,646552,647041,-1,0,"scaffold69","GLEAN","CDS"]],"mRNA"],[0,658506,659049,-1,"lamu_GLEAN_10004597",0.916901,"scaffold69","GLEAN",[[1,658506,659049,-1,0,"scaffold69","GLEAN","CDS"]],"mRNA"],[0,671060,673244,1,"lamu_GLEAN_10004598",0.712137,"scaffold69","GLEAN",[[1,671060,671244,1,0,"scaffold69","GLEAN","CDS"],[1,672394,672475,1,2,"scaffold69","GLEAN","CDS"],[1,673134,673244,1,2,"scaffold69","GLEAN","CDS"]],"mRNA"],[0,675250,675980,-1,"lamu_GLEAN_10004599",0.99593,"scaffold69","GLEAN",[[1,675818,675980,-1,0,"scaffold69","GLEAN","CDS"],[1,675250,675478,-1,0,"scaffold69","GLEAN","CDS"]],"mRNA"],[0,700582,700894,-1,"lamu_GLEAN_10004600",1,"scaffold69","GLEAN",[[1,700582,700894,-1,0,"scaffold69","GLEAN","CDS"]],"mRNA"],[0,720979,721688,-1,"lamu_GLEAN_10004601",0.790654,"scaffold69","GLEAN",[[1,721486,721688,-1,0,"scaffold69","GLEAN","CDS"],[1,721245,721403,-1,2,"scaffold69","GLEAN","CDS"],[1,720979,721171,-1,0,"scaffold69","GLEAN","CDS"]],"mRNA"],[0,745402,746032,-1,"lamu_GLEAN_10004602",0.999991,"scaffold69","GLEAN",[[1,745402,746032,-1,0,"scaffold69","GLEAN","CDS"]],"mRNA"],[0,751864,757289,1,"lamu_GLEAN_10004603",0.554995,"scaffold69","GLEAN",[[1,751864,752540,1,0,"scaffold69","GLEAN","CDS"],[1,754603,754725,1,2,"scaffold69","GLEAN","CDS"],[1,756088,756188,1,0,"scaffold69","GLEAN","CDS"],[1,756273,756362,1,2,"scaffold69","GLEAN","CDS"],[1,756583,756706,1,0,"scaffold69","GLEAN","CDS"],[1,756998,757289,1,0,"scaffold69","GLEAN","CDS"]],"mRNA"]],"urlTemplate":"lf-{Chunk}.json"}}