{"featureCount":42,"formatVersion":1,"histograms":{"meta":[{"arrayParams":{"chunkSize":10000,"length":14,"urlTemplate":"hist-50000-{Chunk}.json"},"basesPerBin":"50000"}],"stats":[{"basesPerBin":"50000","max":7,"mean":3.14285714285714}]},"intervals":{"classes":[{"attributes":["Start","End","Strand","Id","Score","Seq_id","Source","Subfeatures","Type"],"isArrayAttr":{"Subfeatures":1}},{"attributes":["Start","End","Strand","Phase","Seq_id","Source","Type"],"isArrayAttr":{}},{"attributes":["Start","End","Chunk"],"isArrayAttr":{"Sublist":1}}],"count":42,"lazyClass":2,"maxEnd":672511,"minStart":5876,"nclist":[[0,5876,7038,-1,"lamu_GLEAN_10003680",0.631229,"scaffold87","GLEAN",[[1,6462,7038,-1,0,"scaffold87","GLEAN","CDS"],[1,5876,6032,-1,0,"scaffold87","GLEAN","CDS"]],"mRNA"],[0,14524,16508,-1,"lamu_GLEAN_10003681",0.724169,"scaffold87","GLEAN",[[1,15743,16508,-1,0,"scaffold87","GLEAN","CDS"],[1,14524,14662,-1,0,"scaffold87","GLEAN","CDS"]],"mRNA"],[0,30249,31815,-1,"lamu_GLEAN_10003682",0.363924,"scaffold87","GLEAN",[[1,31131,31815,-1,0,"scaffold87","GLEAN","CDS"],[1,30539,30879,-1,0,"scaffold87","GLEAN","CDS"],[1,30249,30500,-1,2,"scaffold87","GLEAN","CDS"]],"mRNA"],[0,50409,53104,-1,"lamu_GLEAN_10003683",0.978273,"scaffold87","GLEAN",[[1,52078,53104,-1,0,"scaffold87","GLEAN","CDS"],[1,50409,50505,-1,0,"scaffold87","GLEAN","CDS"]],"mRNA"],[0,60619,64370,-1,"lamu_GLEAN_10003684",0.652361,"scaffold87","GLEAN",[[1,63311,64370,-1,0,"scaffold87","GLEAN","CDS"],[1,62711,62820,-1,0,"scaffold87","GLEAN","CDS"],[1,62232,62495,-1,2,"scaffold87","GLEAN","CDS"],[1,60619,60799,-1,0,"scaffold87","GLEAN","CDS"]],"mRNA"],[0,64842,66621,-1,"lamu_GLEAN_10003685",0.589904,"scaffold87","GLEAN",[[1,65760,66621,-1,0,"scaffold87","GLEAN","CDS"],[1,64842,65460,-1,0,"scaffold87","GLEAN","CDS"]],"mRNA"],[0,89324,91662,-1,"lamu_GLEAN_10003686",0.484984,"scaffold87","GLEAN",[[1,91557,91662,-1,0,"scaffold87","GLEAN","CDS"],[1,90528,91369,-1,0,"scaffold87","GLEAN","CDS"],[1,89324,89797,-1,2,"scaffold87","GLEAN","CDS"]],"mRNA"],[0,108808,110601,-1,"lamu_GLEAN_10003687",0.999957,"scaffold87","GLEAN",[[1,110000,110601,-1,0,"scaffold87","GLEAN","CDS"],[1,108808,109281,-1,2,"scaffold87","GLEAN","CDS"]],"mRNA"],[0,123104,123575,1,"lamu_GLEAN_10003688",1,"scaffold87","GLEAN",[[1,123104,123575,1,0,"scaffold87","GLEAN","CDS"]],"mRNA"],[0,124950,127331,-1,"lamu_GLEAN_10003689",0.99993,"scaffold87","GLEAN",[[1,126836,127331,-1,0,"scaffold87","GLEAN","CDS"],[1,125970,126203,-1,0,"scaffold87","GLEAN","CDS"],[1,125723,125876,-1,1,"scaffold87","GLEAN","CDS"],[1,125567,125601,-1,1,"scaffold87","GLEAN","CDS"],[1,125327,125477,-1,0,"scaffold87","GLEAN","CDS"],[1,125107,125242,-1,0,"scaffold87","GLEAN","CDS"],[1,124950,125022,-1,0,"scaffold87","GLEAN","CDS"]],"mRNA"],[0,188034,189910,-1,"lamu_GLEAN_10003690",0.999938,"scaffold87","GLEAN",[[1,189863,189910,-1,0,"scaffold87","GLEAN","CDS"],[1,189605,189659,-1,1,"scaffold87","GLEAN","CDS"],[1,188745,188845,-1,1,"scaffold87","GLEAN","CDS"],[1,188601,188652,-1,0,"scaffold87","GLEAN","CDS"],[1,188303,188404,-1,0,"scaffold87","GLEAN","CDS"],[1,188034,188212,-1,1,"scaffold87","GLEAN","CDS"]],"mRNA"],[0,201453,203739,-1,"lamu_GLEAN_10003691",0.7138,"scaffold87","GLEAN",[[1,203686,203739,-1,0,"scaffold87","GLEAN","CDS"],[1,203541,203557,-1,1,"scaffold87","GLEAN","CDS"],[1,203375,203440,-1,0,"scaffold87","GLEAN","CDS"],[1,202806,202906,-1,1,"scaffold87","GLEAN","CDS"],[1,202668,202719,-1,0,"scaffold87","GLEAN","CDS"],[1,202374,202517,-1,0,"scaffold87","GLEAN","CDS"],[1,202076,202261,-1,1,"scaffold87","GLEAN","CDS"],[1,201453,201539,-1,2,"scaffold87","GLEAN","CDS"]],"mRNA"],[0,211005,213629,1,"lamu_GLEAN_10003692",0.418021,"scaffold87","GLEAN",[[1,211005,211099,1,0,"scaffold87","GLEAN","CDS"],[1,211185,211412,1,2,"scaffold87","GLEAN","CDS"],[1,211532,211629,1,0,"scaffold87","GLEAN","CDS"],[1,211729,211807,1,2,"scaffold87","GLEAN","CDS"],[1,212197,212418,1,2,"scaffold87","GLEAN","CDS"],[1,212577,212647,1,0,"scaffold87","GLEAN","CDS"],[1,212739,212972,1,2,"scaffold87","GLEAN","CDS"],[1,213467,213629,1,0,"scaffold87","GLEAN","CDS"]],"mRNA"],[0,236145,237818,1,"lamu_GLEAN_10003693",0.998792,"scaffold87","GLEAN",[[1,236145,237042,1,0,"scaffold87","GLEAN","CDS"],[1,237176,237818,1,0,"scaffold87","GLEAN","CDS"]],"mRNA"],[0,243882,245949,1,"lamu_GLEAN_10003694",1,"scaffold87","GLEAN",[[1,243882,244475,1,0,"scaffold87","GLEAN","CDS"],[1,244866,244928,1,1,"scaffold87","GLEAN","CDS"],[1,245025,245142,1,2,"scaffold87","GLEAN","CDS"],[1,245278,245949,1,2,"scaffold87","GLEAN","CDS"]],"mRNA"],[0,257565,258548,-1,"lamu_GLEAN_10003695",0.903567,"scaffold87","GLEAN",[[1,258392,258548,-1,0,"scaffold87","GLEAN","CDS"],[1,257893,258162,-1,0,"scaffold87","GLEAN","CDS"],[1,257565,257656,-1,1,"scaffold87","GLEAN","CDS"]],"mRNA"],[0,297636,302611,1,"lamu_GLEAN_10003696",0.989085,"scaffold87","GLEAN",[[1,297636,297950,1,0,"scaffold87","GLEAN","CDS"],[1,298046,298203,1,1,"scaffold87","GLEAN","CDS"],[1,299121,299204,1,0,"scaffold87","GLEAN","CDS"],[1,299313,299410,1,1,"scaffold87","GLEAN","CDS"],[1,299546,299616,1,0,"scaffold87","GLEAN","CDS"],[1,299827,300034,1,2,"scaffold87","GLEAN","CDS"],[1,300868,300993,1,2,"scaffold87","GLEAN","CDS"],[1,301112,301214,1,0,"scaffold87","GLEAN","CDS"],[1,301323,301418,1,0,"scaffold87","GLEAN","CDS"],[1,302445,302611,1,1,"scaffold87","GLEAN","CDS"]],"mRNA"],[0,316803,317187,-1,"lamu_GLEAN_10003697",1,"scaffold87","GLEAN",[[1,317105,317187,-1,0,"scaffold87","GLEAN","CDS"],[1,316803,316988,-1,2,"scaffold87","GLEAN","CDS"]],"mRNA"],[0,332140,334552,1,"lamu_GLEAN_10003698",0.868357,"scaffold87","GLEAN",[[1,332140,332602,1,0,"scaffold87","GLEAN","CDS"],[1,333078,333189,1,0,"scaffold87","GLEAN","CDS"],[1,333483,333831,1,0,"scaffold87","GLEAN","CDS"],[1,333928,334552,1,0,"scaffold87","GLEAN","CDS"]],"mRNA"],[0,349396,351522,1,"lamu_GLEAN_10003699",0.999999,"scaffold87","GLEAN",[[1,349396,351236,1,0,"scaffold87","GLEAN","CDS"],[1,351415,351522,1,2,"scaffold87","GLEAN","CDS"]],"mRNA"],[0,361236,362518,1,"lamu_GLEAN_10003700",1,"scaffold87","GLEAN",[[1,361236,361275,1,0,"scaffold87","GLEAN","CDS"],[1,361387,362518,1,0,"scaffold87","GLEAN","CDS"]],"mRNA"],[0,382976,383323,1,"lamu_GLEAN_10003701",0.900216,"scaffold87","GLEAN",[[1,382976,383007,1,0,"scaffold87","GLEAN","CDS"],[1,383147,383323,1,2,"scaffold87","GLEAN","CDS"]],"mRNA"],[0,384381,384907,1,"lamu_GLEAN_10003702",0.579185,"scaffold87","GLEAN",[[1,384381,384465,1,0,"scaffold87","GLEAN","CDS"],[1,384589,384907,1,0,"scaffold87","GLEAN","CDS"]],"mRNA"],[0,386167,388586,-1,"lamu_GLEAN_10003703",0.998408,"scaffold87","GLEAN",[[1,388509,388586,-1,0,"scaffold87","GLEAN","CDS"],[1,387882,387997,-1,1,"scaffold87","GLEAN","CDS"],[1,387130,387766,-1,0,"scaffold87","GLEAN","CDS"],[1,386841,387022,-1,0,"scaffold87","GLEAN","CDS"],[1,386167,386262,-1,2,"scaffold87","GLEAN","CDS"]],"mRNA"],[0,391819,394714,1,"lamu_GLEAN_10003704",0.996614,"scaffold87","GLEAN",[[1,391819,392096,1,0,"scaffold87","GLEAN","CDS"],[1,393741,394065,1,2,"scaffold87","GLEAN","CDS"],[1,394400,394714,1,2,"scaffold87","GLEAN","CDS"]],"mRNA"],[0,396460,398770,-1,"lamu_GLEAN_10003705",0.369266,"scaffold87","GLEAN",[[1,398025,398770,-1,0,"scaffold87","GLEAN","CDS"],[1,397293,397734,-1,2,"scaffold87","GLEAN","CDS"],[1,396460,397002,-1,2,"scaffold87","GLEAN","CDS"]],"mRNA"],[0,415299,417344,1,"lamu_GLEAN_10003706",0.737281,"scaffold87","GLEAN",[[1,415299,415364,1,0,"scaffold87","GLEAN","CDS"],[1,416713,417344,1,1,"scaffold87","GLEAN","CDS"]],"mRNA"],[0,418770,422363,-1,"lamu_GLEAN_10003707",0.996274,"scaffold87","GLEAN",[[1,422018,422363,-1,0,"scaffold87","GLEAN","CDS"],[1,421431,421859,-1,0,"scaffold87","GLEAN","CDS"],[1,420518,420624,-1,1,"scaffold87","GLEAN","CDS"],[1,420317,420418,-1,0,"scaffold87","GLEAN","CDS"],[1,420130,420192,-1,1,"scaffold87","GLEAN","CDS"],[1,418770,418844,-1,2,"scaffold87","GLEAN","CDS"]],