{"featureCount":55,"formatVersion":1,"histograms":{"meta":[{"arrayParams":{"chunkSize":10000,"length":15,"urlTemplate":"hist-50000-{Chunk}.json"},"basesPerBin":"50000"}],"stats":[{"basesPerBin":"50000","max":9,"mean":3.93333333333333}]},"intervals":{"classes":[{"attributes":["Start","End","Strand","Id","Score","Seq_id","Source","Subfeatures","Type"],"isArrayAttr":{"Subfeatures":1}},{"attributes":["Start","End","Strand","Phase","Seq_id","Source","Type"],"isArrayAttr":{}},{"attributes":["Start","End","Chunk"],"isArrayAttr":{"Sublist":1}}],"count":55,"lazyClass":2,"maxEnd":706903,"minStart":10925,"nclist":[[0,10925,15325,1,"lamu_GLEAN_10003850",0.997612,"scaffold83","GLEAN",[[1,10925,10985,1,0,"scaffold83","GLEAN","CDS"],[1,11134,11242,1,0,"scaffold83","GLEAN","CDS"],[1,11394,11474,1,0,"scaffold83","GLEAN","CDS"],[1,11977,12140,1,1,"scaffold83","GLEAN","CDS"],[1,13533,13622,1,0,"scaffold83","GLEAN","CDS"],[1,14495,14615,1,1,"scaffold83","GLEAN","CDS"],[1,15056,15101,1,1,"scaffold83","GLEAN","CDS"],[1,15189,15325,1,1,"scaffold83","GLEAN","CDS"]],"mRNA"],[0,15985,24341,-1,"lamu_GLEAN_10003851",1,"scaffold83","GLEAN",[[1,24262,24341,-1,0,"scaffold83","GLEAN","CDS"],[1,23929,24039,-1,2,"scaffold83","GLEAN","CDS"],[1,23740,23801,-1,0,"scaffold83","GLEAN","CDS"],[1,23039,23230,-1,2,"scaffold83","GLEAN","CDS"],[1,22832,22962,-1,0,"scaffold83","GLEAN","CDS"],[1,22584,22662,-1,2,"scaffold83","GLEAN","CDS"],[1,22348,22496,-1,2,"scaffold83","GLEAN","CDS"],[1,22054,22167,-1,1,"scaffold83","GLEAN","CDS"],[1,21890,21966,-1,2,"scaffold83","GLEAN","CDS"],[1,21447,21519,-1,1,"scaffold83","GLEAN","CDS"],[1,21072,21124,-1,1,"scaffold83","GLEAN","CDS"],[1,20673,20754,-1,0,"scaffold83","GLEAN","CDS"],[1,20497,20581,-1,0,"scaffold83","GLEAN","CDS"],[1,20228,20332,-1,0,"scaffold83","GLEAN","CDS"],[1,19956,20049,-1,1,"scaffold83","GLEAN","CDS"],[1,18432,18501,-1,1,"scaffold83","GLEAN","CDS"],[1,17820,17885,-1,1,"scaffold83","GLEAN","CDS"],[1,16718,16780,-1,2,"scaffold83","GLEAN","CDS"],[1,16120,16216,-1,0,"scaffold83","GLEAN","CDS"],[1,15985,16045,-1,0,"scaffold83","GLEAN","CDS"]],"mRNA"],[0,27706,28102,1,"lamu_GLEAN_10003852",0.701577,"scaffold83","GLEAN",[[1,27706,27775,1,0,"scaffold83","GLEAN","CDS"],[1,27868,28102,1,0,"scaffold83","GLEAN","CDS"]],"mRNA"],[0,41203,42676,1,"lamu_GLEAN_10003853",1,"scaffold83","GLEAN",[[1,41203,42676,1,0,"scaffold83","GLEAN","CDS"]],"mRNA"],[0,51267,51851,1,"lamu_GLEAN_10003854",0.993953,"scaffold83","GLEAN",[[1,51267,51309,1,0,"scaffold83","GLEAN","CDS"],[1,51391,51450,1,0,"scaffold83","GLEAN","CDS"],[1,51559,51851,1,1,"scaffold83","GLEAN","CDS"]],"mRNA"],[0,59592,61262,-1,"lamu_GLEAN_10003855",0.733875,"scaffold83","GLEAN",[[1,61227,61262,-1,0,"scaffold83","GLEAN","CDS"],[1,59592,60712,-1,1,"scaffold83","GLEAN","CDS"]],"mRNA"],[0,64787,65311,1,"lamu_GLEAN_10003856",0.993468,"scaffold83","GLEAN",[[1,64787,64827,1,0,"scaffold83","GLEAN","CDS"],[1,65159,65311,1,2,"scaffold83","GLEAN","CDS"]],"mRNA"],[0,77697,79511,1,"lamu_GLEAN_10003857",0.767076,"scaffold83","GLEAN",[[1,77697,79092,1,0,"scaffold83","GLEAN","CDS"],[1,79184,79371,1,0,"scaffold83","GLEAN","CDS"],[1,79452,79511,1,2,"scaffold83","GLEAN","CDS"]],"mRNA"],[0,94264,97891,-1,"lamu_GLEAN_10003858",0.997786,"scaffold83","GLEAN",[[1,97816,97891,-1,0,"scaffold83","GLEAN","CDS"],[1,96607,96684,-1,0,"scaffold83","GLEAN","CDS"],[1,96440,96519,-1,1,"scaffold83","GLEAN","CDS"],[1,95786,96353,-1,0,"scaffold83","GLEAN","CDS"],[1,95074,95695,-1,0,"scaffold83","GLEAN","CDS"],[1,94264,94888,-1,0,"scaffold83","GLEAN","CDS"]],"mRNA"],[0,102038,104905,-1,"lamu_GLEAN_10003859",0.997361,"scaffold83","GLEAN",[[1,104151,104905,-1,0,"scaffold83","GLEAN","CDS"],[1,103354,103434,-1,2,"scaffold83","GLEAN","CDS"],[1,102589,102854,-1,0,"scaffold83","GLEAN","CDS"],[1,102421,102484,-1,2,"scaffold83","GLEAN","CDS"],[1,102207,102321,-1,2,"scaffold83","GLEAN","CDS"],[1,102038,102088,-1,2,"scaffold83","GLEAN","CDS"]],"mRNA"],[0,107472,108786,-1,"lamu_GLEAN_10003860",1,"scaffold83","GLEAN",[[1,108737,108786,-1,0,"scaffold83","GLEAN","CDS"],[1,107472,107699,-1,2,"scaffold83","GLEAN","CDS"]],"mRNA"],[0,124526,129693,-1,"lamu_GLEAN_10003861",0.997629,"scaffold83","GLEAN",[[1,129436,129693,-1,0,"scaffold83","GLEAN","CDS"],[1,129094,129196,-1,1,"scaffold83","GLEAN","CDS"],[1,128822,128979,-1,1,"scaffold83","GLEAN","CDS"],[1,128545,128725,-1,0,"scaffold83","GLEAN","CDS"],[1,125948,126083,-1,0,"scaffold83","GLEAN","CDS"],[1,125640,125723,-1,0,"scaffold83","GLEAN","CDS"],[1,124704,124798,-1,1,"scaffold83","GLEAN","CDS"],[1,124526,124616,-1,0,"scaffold83","GLEAN","CDS"]],"mRNA"],[0,197076,198174,-1,"lamu_GLEAN_10003862",0.759685,"scaffold83","GLEAN",[[1,197803,198174,-1,0,"scaffold83","GLEAN","CDS"],[1,197076,197455,-1,1,"scaffold83","GLEAN","CDS"]],"mRNA"],[0,207252,208709,-1,"lamu_GLEAN_10003863",0.9862,"scaffold83","GLEAN",[[1,208634,208709,-1,0,"scaffold83","GLEAN","CDS"],[1,207252,207387,-1,0,"scaffold83","GLEAN","CDS"]],"mRNA"],[0,224646,225648,1,"lamu_GLEAN_10003864",0.933422,"scaffold83","GLEAN",[[1,224646,224742,1,0,"scaffold83","GLEAN","CDS"],[1,224979,225168,1,0,"scaffold83","GLEAN","CDS"],[1,225465,225648,1,0,"scaffold83","GLEAN","CDS"]],"mRNA"],[0,236139,238463,-1,"lamu_GLEAN_10003865",0.34508,"scaffold83","GLEAN",[[1,237892,238463,-1,0,"scaffold83","GLEAN","CDS"],[1,236885,237391,-1,2,"scaffold83","GLEAN","CDS"],[1,236139,236496,-1,0,"scaffold83","GLEAN","CDS"]],"mRNA"],[0,249761,251963,1,"lamu_GLEAN_10003866",0.996592,"scaffold83","GLEAN",[[1,249761,251963,1,0,"scaffold83","GLEAN","CDS"]],"mRNA"],[0,255288,255804,1,"lamu_GLEAN_10003867",0.497894,"scaffold83","GLEAN",[[1,255288,255804,1,0,"scaffold83","GLEAN","CDS"]],"mRNA"],[0,264687,273175,1,"lamu_GLEAN_10003868",0.746662,"scaffold83","GLEAN",[[1,264687,264748,1,0,"scaffold83","GLEAN","CDS"],[1,264927,265022,1,2,"scaffold83","GLEAN","CDS"],[1,265215,265287,1,0,"scaffold83","GLEAN","CDS"],[1,265376,265538,1,0,"scaffold83","GLEAN","CDS"],[1,265633,265712,1,0,"scaffold83","GLEAN","CDS"],[1,265800,265955,1,2,"scaffold83","GLEAN","CDS"],[1,266262,266326,1,0,"scaffold83","GLEAN","CDS"],[1,266807,266851,1,2,"scaffold83","GLEAN","CDS"],[1,266948,267036,1,0,"scaffold83","GLEAN","CDS"],[1,267121,267201,1,2,"scaffold83","GLEAN","CDS"],[1,267542,267608,1,0,"scaffold83","GLEAN","CDS"],[1,268023,268098,1,0,"scaffold83","GLEAN","CDS"],[1,269179,269230,1,0,"scaffold83","GLEAN","CDS"],[1,269327,269479,1,0,"scaffold83","GLEAN","CDS"],[1,270654,270745,1,1,"scaffold83","GLEAN","CDS"],[1,271016,271097,1,0,"scaffold83","GLEAN","CDS"],[1,272015,272093,1,0,"scaffold83","GLEAN","CDS"],[1,272338,272382,1,0,"scaffold83","GLEAN","CDS"],[1,272473,272552,1,1,"scaffold83","GLEAN","CDS"],[1,272881,272972,1,0,"scaffold83","GLEAN","CDS"],[1,273071,273175,1,2,"scaffold83","GLEAN","CDS"]],"mRNA"],[0,273947,277529,-1,"lamu_GLEAN_10003869",0.998568,"scaffold83","GLEAN",[[1,277161,277529,-1,0,"scaffold83","GLEAN","CDS"],[1,276861,276991,-1,1,"scaffold83","GLEAN","CDS"],[1,276201,276339,-1,0,"scaffold83","GLEAN","CDS"],[1,275953,276087,-1,0,"scaffold83","GLEAN","CDS"],[1,275451,275577,-1,1,"scaffold83","GLEAN","CDS"],[1,275095,275199,-1,1,"scaffold83","GLEAN","CDS"],[1,273947,274327,-1,2,"scaffold83","GLEAN","CDS"]],