{"featureCount":26,"formatVersion":1,"histograms":{"meta":[{"arrayParams":{"chunkSize":10000,"length":5,"urlTemplate":"hist-50000-{Chunk}.json"},"basesPerBin":"50000"}],"stats":[{"basesPerBin":"50000","max":10,"mean":5.6}]},"intervals":{"classes":[{"attributes":["Start","End","Strand","Id","Score","Seq_id","Source","Subfeatures","Type"],"isArrayAttr":{"Subfeatures":1}},{"attributes":["Start","End","Strand","Phase","Seq_id","Source","Type"],"isArrayAttr":{}},{"attributes":["Start","End","Chunk"],"isArrayAttr":{"Sublist":1}}],"count":26,"lazyClass":2,"maxEnd":216764,"minStart":1246,"nclist":[[0,1246,3228,-1,"lamu_GLEAN_10001313",0.999906,"scaffold184","GLEAN",[[1,2876,3228,-1,0,"scaffold184","GLEAN","CDS"],[1,2634,2711,-1,2,"scaffold184","GLEAN","CDS"],[1,2507,2544,-1,0,"scaffold184","GLEAN","CDS"],[1,2126,2289,-1,2,"scaffold184","GLEAN","CDS"],[1,1644,2032,-1,1,"scaffold184","GLEAN","CDS"],[1,1246,1534,-1,0,"scaffold184","GLEAN","CDS"]],"mRNA"],[0,9867,19281,-1,"lamu_GLEAN_10001314",0.981743,"scaffold184","GLEAN",[[1,19178,19281,-1,0,"scaffold184","GLEAN","CDS"],[1,14795,14941,-1,2,"scaffold184","GLEAN","CDS"],[1,13758,13906,-1,0,"scaffold184","GLEAN","CDS"],[1,10104,10308,-1,2,"scaffold184","GLEAN","CDS"],[1,9867,9986,-1,2,"scaffold184","GLEAN","CDS"]],"mRNA"],[0,35831,43152,1,"lamu_GLEAN_10001315",0.198317,"scaffold184","GLEAN",[[1,35831,35879,1,0,"scaffold184","GLEAN","CDS"],[1,36939,37083,1,0,"scaffold184","GLEAN","CDS"],[1,37881,37995,1,0,"scaffold184","GLEAN","CDS"],[1,39730,39905,1,0,"scaffold184","GLEAN","CDS"],[1,40043,40198,1,2,"scaffold184","GLEAN","CDS"],[1,41110,42658,1,0,"scaffold184","GLEAN","CDS"],[1,42746,42815,1,0,"scaffold184","GLEAN","CDS"],[1,43023,43152,1,0,"scaffold184","GLEAN","CDS"]],"mRNA"],[0,44861,51262,1,"lamu_GLEAN_10001316",0.796907,"scaffold184","GLEAN",[[1,44861,45518,1,0,"scaffold184","GLEAN","CDS"],[1,46875,46953,1,0,"scaffold184","GLEAN","CDS"],[1,47697,47739,1,0,"scaffold184","GLEAN","CDS"],[1,47820,47923,1,0,"scaffold184","GLEAN","CDS"],[1,48209,48274,1,2,"scaffold184","GLEAN","CDS"],[1,48356,48401,1,0,"scaffold184","GLEAN","CDS"],[1,48519,48627,1,0,"scaffold184","GLEAN","CDS"],[1,48731,48819,1,0,"scaffold184","GLEAN","CDS"],[1,49768,49815,1,2,"scaffold184","GLEAN","CDS"],[1,51181,51262,1,0,"scaffold184","GLEAN","CDS"]],"mRNA"],[0,53378,54863,1,"lamu_GLEAN_10001317",0.944399,"scaffold184","GLEAN",[[1,53378,53532,1,0,"scaffold184","GLEAN","CDS"],[1,54146,54385,1,2,"scaffold184","GLEAN","CDS"],[1,54662,54863,1,0,"scaffold184","GLEAN","CDS"]],"mRNA"],[0,58698,62355,1,"lamu_GLEAN_10001318",0.999126,"scaffold184","GLEAN",[[1,58698,58860,1,0,"scaffold184","GLEAN","CDS"],[1,61803,62355,1,0,"scaffold184","GLEAN","CDS"]],"mRNA"],[0,66738,70191,1,"lamu_GLEAN_10001319",1,"scaffold184","GLEAN",[[1,66738,66828,1,0,"scaffold184","GLEAN","CDS"],[1,67143,67203,1,0,"scaffold184","GLEAN","CDS"],[1,67284,67557,1,0,"scaffold184","GLEAN","CDS"],[1,67647,67722,1,0,"scaffold184","GLEAN","CDS"],[1,67808,67865,1,0,"scaffold184","GLEAN","CDS"],[1,68539,68680,1,0,"scaffold184","GLEAN","CDS"],[1,68800,68851,1,0,"scaffold184","GLEAN","CDS"],[1,68949,69045,1,0,"scaffold184","GLEAN","CDS"],[1,69272,69356,1,0,"scaffold184","GLEAN","CDS"],[1,69514,69616,1,0,"scaffold184","GLEAN","CDS"],[1,70095,70191,1,0,"scaffold184","GLEAN","CDS"]],"mRNA"],[0,79427,84486,-1,"lamu_GLEAN_10001320",1,"scaffold184","GLEAN",[[1,84309,84486,-1,0,"scaffold184","GLEAN","CDS"],[1,83707,83793,-1,0,"scaffold184","GLEAN","CDS"],[1,82276,82483,-1,1,"scaffold184","GLEAN","CDS"],[1,81966,82072,-1,1,"scaffold184","GLEAN","CDS"],[1,81694,81799,-1,0,"scaffold184","GLEAN","CDS"],[1,81441,81614,-1,0,"scaffold184","GLEAN","CDS"],[1,80478,80638,-1,1,"scaffold184","GLEAN","CDS"],[1,79826,79922,-1,0,"scaffold184","GLEAN","CDS"],[1,79623,79718,-1,0,"scaffold184","GLEAN","CDS"],[1,79427,79500,-1,1,"scaffold184","GLEAN","CDS"]],"mRNA"],[0,89421,91429,1,"lamu_GLEAN_10001321",0.999602,"scaffold184","GLEAN",[[1,89421,89502,1,0,"scaffold184","GLEAN","CDS"],[1,89592,89635,1,0,"scaffold184","GLEAN","CDS"],[1,90542,90738,1,2,"scaffold184","GLEAN","CDS"],[1,91230,91429,1,1,"scaffold184","GLEAN","CDS"]],"mRNA"],[0,99801,105689,1,"lamu_GLEAN_10001322",0.998813,"scaffold184","GLEAN",[[1,99801,100032,1,0,"scaffold184","GLEAN","CDS"],[1,100909,101038,1,0,"scaffold184","GLEAN","CDS"],[1,101121,101251,1,0,"scaffold184","GLEAN","CDS"],[1,101724,101845,1,2,"scaffold184","GLEAN","CDS"],[1,102886,102968,1,1,"scaffold184","GLEAN","CDS"],[1,103167,103221,1,0,"scaffold184","GLEAN","CDS"],[1,104946,105046,1,0,"scaffold184","GLEAN","CDS"],[1,105558,105689,1,2,"scaffold184","GLEAN","CDS"]],"mRNA"],[0,106817,107528,-1,"lamu_GLEAN_10001323",1,"scaffold184","GLEAN",[[1,106817,107528,-1,0,"scaffold184","GLEAN","CDS"]],"mRNA"],[0,113062,114503,1,"lamu_GLEAN_10001324",0.768918,"scaffold184","GLEAN",[[1,113062,113211,1,0,"scaffold184","GLEAN","CDS"],[1,113362,113509,1,1,"scaffold184","GLEAN","CDS"],[1,114007,114503,1,1,"scaffold184","GLEAN","CDS"]],"mRNA"],[0,115184,119689,-1,"lamu_GLEAN_10001325",0.974757,"scaffold184","GLEAN",[[1,119468,119689,-1,0,"scaffold184","GLEAN","CDS"],[1,115184,115620,-1,1,"scaffold184","GLEAN","CDS"]],"mRNA"],[0,122540,129209,-1,"lamu_GLEAN_10001326",0.552784,"scaffold184","GLEAN",[[1,128995,129209,-1,0,"scaffold184","GLEAN","CDS"],[1,128595,128635,-1,2,"scaffold184","GLEAN","CDS"],[1,128396,128508,-1,1,"scaffold184","GLEAN","CDS"],[1,127121,127197,-1,0,"scaffold184","GLEAN","CDS"],[1,125725,125808,-1,2,"scaffold184","GLEAN","CDS"],[1,125255,125342,-1,0,"scaffold184","GLEAN","CDS"],[1,123455,123572,-1,0,"scaffold184","GLEAN","CDS"],[1,122951,123005,-1,0,"scaffold184","GLEAN","CDS"],[1,122688,122841,-1,0,"scaffold184","GLEAN","CDS"],[1,122540,122564,-1,0,"scaffold184","GLEAN","CDS"]],"mRNA"],[0,130606,132595,-1,"lamu_GLEAN_10001327",0.710251,"scaffold184","GLEAN",[[1,130606,132595,-1,0,"scaffold184","GLEAN","CDS"]],"mRNA"],[0,133448,137068,-1,"lamu_GLEAN_10001328",0.842963,"scaffold184","GLEAN",[[1,135880,137068,-1,0,"scaffold184","GLEAN","CDS"],[1,135493,135807,-1,0,"scaffold184","GLEAN","CDS"],[1,134245,134486,-1,1,"scaffold184","GLEAN","CDS"],[1,133448,133790,-1,0,"scaffold184","GLEAN","CDS"]],"mRNA"],[0,139078,140447,-1,"lamu_GLEAN_10001329",1,"scaffold184","GLEAN",[[1,140294,140447,-1,0,"scaffold184","GLEAN","CDS"],[1,139987,140055,-1,0,"scaffold184","GLEAN","CDS"],[1,139078,139685,-1,1,"scaffold184","GLEAN","CDS"]],"mRNA"],[0,143393,144596,-1,"lamu_GLEAN_10001330",1,"scaffold184","GLEAN",[[1,143393,144596,-1,0,"scaffold184","GLEAN","CDS"]],"mRNA"],[0,146161,148934,-1,"lamu_GLEAN_10001331",0.996983,"scaffold184","GLEAN",[[1,148685,148934,-1,0,"scaffold184","GLEAN","CDS"],[1,147132,147288,-1,0,"scaffold184","GLEAN","CDS"],[1,146895,147028,-1,0,"scaffold184","GLEAN","CDS"],[1,146762,146802,-1,2,"scaffold184","GLEAN","CDS"],[1,146161,146249,-1,1,"scaffold184","GLEAN","CDS"]],"mRNA"],[0,150273,151632,1,"lamu_GLEAN_10001332",1,"scaffold184","GLEAN",[[1,150273,151632,1,0,"scaffold184","GLEAN","CDS"]],"mRNA"],[0,160074,161199,1,"lamu_GLEAN_10001333",1,"scaffold184","GLEAN",[[1,160074,161199,1,0,"scaffold184","GLEAN","CDS"]],"mRNA"],[0,165039,168645,-1,"lamu_GLEAN_10001334",0.821452,"scaffold184","GLEAN",[[1,168544,168645,-1,0,"scaffold184","GLEAN","CDS"],[1,165039,165160,-1,1,"scaffold184","GLEAN","CDS"]],"mRNA"],[0,177687,181524,-1,"lamu_GLEAN_10001335",0.767526,"scaffold184","GLEAN",[[1,180964,181524,-1,0,"scaffold184","GLEAN","CDS"],[1,180709,180879,-1,1,"scaffold184","GLEAN","CDS"],[1,178374,178460,-1,2,"scaffold184","GLEAN","CDS"],[1,178188,178238,-1,0,"scaffold184","GLEAN","CDS"],[1,177687,177772,-1,1,"scaffold184","GLEAN","CDS"]],"mRNA"],[0,183884,185815,-1,"lamu_GLEAN_10001336",0.998792,"scaffold184","GLEAN",[[1,185599,185815,-1,0,"scaffold184","GLEAN","CDS"],[1,183884,184862,-1,0,"scaffold184","GLEAN","CDS"]],