{"featureCount":4,"formatVersion":1,"histograms":{"meta":[{"arrayParams":{"chunkSize":10000,"length":2,"urlTemplate":"hist-500000-{Chunk}.json"},"basesPerBin":"500000"}],"stats":[{"basesPerBin":"500000","max":3,"mean":2}]},"intervals":{"classes":[{"attributes":["Start","End","Strand","Id","Score","Seq_id","Source","Subfeatures","Type"],"isArrayAttr":{"Subfeatures":1}},{"attributes":["Start","End","Strand","Phase","Seq_id","Source","Type"],"isArrayAttr":{}},{"attributes":["Start","End","Chunk"],"isArrayAttr":{"Sublist":1}}],"count":4,"lazyClass":2,"maxEnd":640224,"minStart":195352,"nclist":[[0,195352,198019,1,"lamu_GLEAN_10003989",0.151377,"scaffold180","GLEAN",[[1,195352,195693,1,0,"scaffold180","GLEAN","CDS"],[1,195778,196012,1,1,"scaffold180","GLEAN","CDS"],[1,196352,196486,1,1,"scaffold180","GLEAN","CDS"],[1,196581,196673,1,2,"scaffold180","GLEAN","CDS"],[1,197384,197599,1,0,"scaffold180","GLEAN","CDS"],[1,197676,197781,1,1,"scaffold180","GLEAN","CDS"],[1,197913,198019,1,1,"scaffold180","GLEAN","CDS"]],"mRNA"],[0,509072,509420,1,"lamu_GLEAN_10003990",0.708974,"scaffold180","GLEAN",[[1,509072,509420,1,0,"scaffold180","GLEAN","CDS"]],"mRNA"],[0,608710,611421,1,"lamu_GLEAN_10003991",0.563357,"scaffold180","GLEAN",[[1,608710,608798,1,0,"scaffold180","GLEAN","CDS"],[1,609665,609797,1,2,"scaffold180","GLEAN","CDS"],[1,610011,610139,1,2,"scaffold180","GLEAN","CDS"],[1,610244,610272,1,0,"scaffold180","GLEAN","CDS"],[1,610586,610818,1,2,"scaffold180","GLEAN","CDS"],[1,610895,610965,1,1,"scaffold180","GLEAN","CDS"],[1,611121,611421,1,0,"scaffold180","GLEAN","CDS"]],"mRNA"],[0,638674,640224,-1,"lamu_GLEAN_10003992",0.548844,"scaffold180","GLEAN",[[1,640111,640224,-1,0,"scaffold180","GLEAN","CDS"],[1,639421,639536,-1,1,"scaffold180","GLEAN","CDS"],[1,638882,639014,-1,0,"scaffold180","GLEAN","CDS"],[1,638674,638701,-1,0,"scaffold180","GLEAN","CDS"]],"mRNA"]],"urlTemplate":"lf-{Chunk}.json"}}