{"featureCount":44,"formatVersion":1,"histograms":{"meta":[{"arrayParams":{"chunkSize":10000,"length":16,"urlTemplate":"hist-50000-{Chunk}.json"},"basesPerBin":"50000"}],"stats":[{"basesPerBin":"50000","max":6,"mean":2.875}]},"intervals":{"classes":[{"attributes":["Start","End","Strand","Id","Score","Seq_id","Source","Subfeatures","Type"],"isArrayAttr":{"Subfeatures":1}},{"attributes":["Start","End","Strand","Phase","Seq_id","Source","Type"],"isArrayAttr":{}},{"attributes":["Start","End","Chunk"],"isArrayAttr":{"Sublist":1}}],"count":44,"lazyClass":2,"maxEnd":757752,"minStart":31062,"nclist":[[0,31062,31554,1,"lamu_GLEAN_10004101",1,"scaffold75","GLEAN",[[1,31062,31554,1,0,"scaffold75","GLEAN","CDS"]],"mRNA"],[0,32280,34269,-1,"lamu_GLEAN_10004102",0.69145,"scaffold75","GLEAN",[[1,33524,34269,-1,0,"scaffold75","GLEAN","CDS"],[1,32783,33035,-1,2,"scaffold75","GLEAN","CDS"],[1,32454,32542,-1,2,"scaffold75","GLEAN","CDS"],[1,32280,32287,-1,1,"scaffold75","GLEAN","CDS"]],"mRNA"],[0,42518,43305,-1,"lamu_GLEAN_10004103",0.999996,"scaffold75","GLEAN",[[1,43221,43305,-1,0,"scaffold75","GLEAN","CDS"],[1,42518,43130,-1,0,"scaffold75","GLEAN","CDS"]],"mRNA"],[0,61884,62424,1,"lamu_GLEAN_10004104",1,"scaffold75","GLEAN",[[1,61884,62001,1,0,"scaffold75","GLEAN","CDS"],[1,62298,62424,1,0,"scaffold75","GLEAN","CDS"]],"mRNA"],[0,69253,94520,1,"lamu_GLEAN_10004105",0.15202,"scaffold75","GLEAN",[[1,69253,69329,1,0,"scaffold75","GLEAN","CDS"],[1,69415,69496,1,2,"scaffold75","GLEAN","CDS"],[1,70497,70574,1,2,"scaffold75","GLEAN","CDS"],[1,70708,70763,1,0,"scaffold75","GLEAN","CDS"],[1,70884,70933,1,2,"scaffold75","GLEAN","CDS"],[1,71165,71303,1,1,"scaffold75","GLEAN","CDS"],[1,74025,74104,1,1,"scaffold75","GLEAN","CDS"],[1,75452,75531,1,0,"scaffold75","GLEAN","CDS"],[1,75774,76028,1,2,"scaffold75","GLEAN","CDS"],[1,76909,76985,1,0,"scaffold75","GLEAN","CDS"],[1,78223,78304,1,2,"scaffold75","GLEAN","CDS"],[1,78396,78477,1,2,"scaffold75","GLEAN","CDS"],[1,78791,78868,1,2,"scaffold75","GLEAN","CDS"],[1,78960,79015,1,0,"scaffold75","GLEAN","CDS"],[1,79105,79154,1,2,"scaffold75","GLEAN","CDS"],[1,79339,79477,1,1,"scaffold75","GLEAN","CDS"],[1,81633,81715,1,1,"scaffold75","GLEAN","CDS"],[1,83019,83076,1,0,"scaffold75","GLEAN","CDS"],[1,84120,84332,1,0,"scaffold75","GLEAN","CDS"],[1,84588,84676,1,1,"scaffold75","GLEAN","CDS"],[1,84847,84967,1,0,"scaffold75","GLEAN","CDS"],[1,85071,85190,1,0,"scaffold75","GLEAN","CDS"],[1,85335,85408,1,1,"scaffold75","GLEAN","CDS"],[1,85500,85629,1,0,"scaffold75","GLEAN","CDS"],[1,86198,86291,1,0,"scaffold75","GLEAN","CDS"],[1,86364,86535,1,0,"scaffold75","GLEAN","CDS"],[1,86642,86690,1,0,"scaffold75","GLEAN","CDS"],[1,86859,87001,1,0,"scaffold75","GLEAN","CDS"],[1,87236,87334,1,2,"scaffold75","GLEAN","CDS"],[1,88186,88331,1,0,"scaffold75","GLEAN","CDS"],[1,88548,88580,1,2,"scaffold75","GLEAN","CDS"],[1,88652,88763,1,0,"scaffold75","GLEAN","CDS"],[1,92184,92259,1,0,"scaffold75","GLEAN","CDS"],[1,92681,92747,1,0,"scaffold75","GLEAN","CDS"],[1,92887,93076,1,0,"scaffold75","GLEAN","CDS"],[1,93164,93275,1,0,"scaffold75","GLEAN","CDS"],[1,94065,94146,1,0,"scaffold75","GLEAN","CDS"],[1,94295,94520,1,0,"scaffold75","GLEAN","CDS"]],"mRNA"],[0,97750,100390,1,"lamu_GLEAN_10004106",0.999416,"scaffold75","GLEAN",[[1,97750,97865,1,0,"scaffold75","GLEAN","CDS"],[1,97970,98020,1,2,"scaffold75","GLEAN","CDS"],[1,98414,98541,1,0,"scaffold75","GLEAN","CDS"],[1,99577,99682,1,2,"scaffold75","GLEAN","CDS"],[1,99767,100390,1,2,"scaffold75","GLEAN","CDS"]],"mRNA"],[0,113912,116498,-1,"lamu_GLEAN_10004107",0.524554,"scaffold75","GLEAN",[[1,116460,116498,-1,0,"scaffold75","GLEAN","CDS"],[1,116153,116208,-1,1,"scaffold75","GLEAN","CDS"],[1,115608,115698,-1,0,"scaffold75","GLEAN","CDS"],[1,115353,115438,-1,0,"scaffold75","GLEAN","CDS"],[1,115166,115262,-1,2,"scaffold75","GLEAN","CDS"],[1,114471,114674,-1,2,"scaffold75","GLEAN","CDS"],[1,114310,114399,-1,0,"scaffold75","GLEAN","CDS"],[1,114035,114135,-1,1,"scaffold75","GLEAN","CDS"],[1,113912,113957,-1,0,"scaffold75","GLEAN","CDS"]],"mRNA"],[0,117300,123310,1,"lamu_GLEAN_10004108",0.766618,"scaffold75","GLEAN",[[1,117300,117351,1,0,"scaffold75","GLEAN","CDS"],[1,118481,118925,1,0,"scaffold75","GLEAN","CDS"],[1,119756,120248,1,0,"scaffold75","GLEAN","CDS"],[1,120938,121154,1,0,"scaffold75","GLEAN","CDS"],[1,121820,122144,1,0,"scaffold75","GLEAN","CDS"],[1,122286,122529,1,0,"scaffold75","GLEAN","CDS"],[1,123088,123310,1,0,"scaffold75","GLEAN","CDS"]],"mRNA"],[0,134225,134854,1,"lamu_GLEAN_10004109",0.630466,"scaffold75","GLEAN",[[1,134225,134263,1,0,"scaffold75","GLEAN","CDS"],[1,134369,134508,1,1,"scaffold75","GLEAN","CDS"],[1,134596,134854,1,0,"scaffold75","GLEAN","CDS"]],"mRNA"],[0,147096,147618,-1,"lamu_GLEAN_10004110",0.99993,"scaffold75","GLEAN",[[1,147096,147618,-1,0,"scaffold75","GLEAN","CDS"]],"mRNA"],[0,165330,185866,-1,"lamu_GLEAN_10004111",0.947921,"scaffold75","GLEAN",[[1,185745,185866,-1,0,"scaffold75","GLEAN","CDS"],[1,183738,183875,-1,2,"scaffold75","GLEAN","CDS"],[1,179053,179243,-1,0,"scaffold75","GLEAN","CDS"],[1,169609,169925,-1,2,"scaffold75","GLEAN","CDS"],[1,169431,169508,-1,1,"scaffold75","GLEAN","CDS"],[1,169217,169276,-1,2,"scaffold75","GLEAN","CDS"],[1,167947,168100,-1,0,"scaffold75","GLEAN","CDS"],[1,165330,165546,-1,0,"scaffold75","GLEAN","CDS"]],"mRNA"],[0,215211,227440,-1,"lamu_GLEAN_10004112",0.610242,"scaffold75","GLEAN",[[1,227060,227440,-1,0,"scaffold75","GLEAN","CDS"],[1,226246,226364,-1,1,"scaffold75","GLEAN","CDS"],[1,225791,226135,-1,0,"scaffold75","GLEAN","CDS"],[1,217673,217790,-1,1,"scaffold75","GLEAN","CDS"],[1,216618,216735,-1,1,"scaffold75","GLEAN","CDS"],[1,215211,215326,-1,1,"scaffold75","GLEAN","CDS"]],"mRNA"],[0,231666,237266,-1,"lamu_GLEAN_10004113",0.999531,"scaffold75","GLEAN",[[1,236902,237266,-1,0,"scaffold75","GLEAN","CDS"],[1,235929,236064,-1,2,"scaffold75","GLEAN","CDS"],[1,235706,235794,-1,2,"scaffold75","GLEAN","CDS"],[1,234761,234856,-1,1,"scaffold75","GLEAN","CDS"],[1,232183,232351,-1,2,"scaffold75","GLEAN","CDS"],[1,231666,231827,-1,2,"scaffold75","GLEAN","CDS"]],"mRNA"],[0,248191,251941,-1,"lamu_GLEAN_10004114",0.570558,"scaffold75","GLEAN",[[1,251792,251941,-1,0,"scaffold75","GLEAN","CDS"],[1,251020,251061,-1,1,"scaffold75","GLEAN","CDS"],[1,250366,250949,-1,2,"scaffold75","GLEAN","CDS"],[1,250097,250235,-1,1,"scaffold75","GLEAN","CDS"],[1,249818,249952,-1,1,"scaffold75","GLEAN","CDS"],[1,249235,249536,-1,2,"scaffold75","GLEAN","CDS"],[1,248191,248411,-1,1,"scaffold75","GLEAN","CDS"]],"mRNA"],[0,263506,268079,-1,"lamu_GLEAN_10004115",0.800472,"scaffold75","GLEAN",[[1,267938,268079,-1,0,"scaffold75","GLEAN","CDS"],[1,267755,267844,-1,0,"scaffold75","GLEAN","CDS"],[1,266665,266738,-1,1,"scaffold75","GLEAN","CDS"],[1,265759,265913,-1,0,"scaffold75","GLEAN","CDS"],[1,264191,264530,-1,2,"scaffold75","GLEAN","CDS"],[1,263506,263583,-1,2,"scaffold75","GLEAN","CDS"]],"mRNA"],[0,277564,282216,-1,"lamu_GLEAN_10004116",0.513022,"scaffold75","GLEAN",[[1,281934,282216,-1,0,"scaffold75","GLEAN","CDS"],[1,281267,281348,-1,0,"scaffold75","GLEAN","CDS"],[1,280452,280716,-1,0,"scaffold75","GLEAN","CDS"],[1,280176,280347,-1,0,"scaffold75","GLEAN","CDS"],[1,278820,278933,-1,0,"scaffold75","GLEAN","CDS"],[1,278549,278736,-1,1,"scaffold75","GLEAN","CDS"],[1,277816,277926,-1,0,"scaffold75","GLEAN","CDS"],[1,277564,277721,-1,1,"scaffold75","GLEAN","CDS"]],"mRNA"],[0,297603,298569,-1,"lamu_GLEAN_10004117",1,"scaffold75","GLEAN",[[1,297603,298569,-1,0,"scaffold75","GLEAN","CDS"]],