{"featureCount":28,"formatVersion":1,"histograms":{"meta":[{"arrayParams":{"chunkSize":10000,"length":7,"urlTemplate":"hist-50000-{Chunk}.json"},"basesPerBin":"50000"}],"stats":[{"basesPerBin":"50000","max":6,"mean":4.14285714285714}]},"intervals":{"classes":[{"attributes":["Start","End","Strand","Id","Score","Seq_id","Source","Subfeatures","Type"],"isArrayAttr":{"Subfeatures":1}},{"attributes":["Start","End","Strand","Phase","Seq_id","Source","Type"],"isArrayAttr":{}},{"attributes":["Start","End","Chunk"],"isArrayAttr":{"Sublist":1}}],"count":28,"lazyClass":2,"maxEnd":321969,"minStart":15142,"nclist":[[0,15142,15649,1,"lamu_GLEAN_10001655",0.997995,"scaffold198","GLEAN",[[1,15142,15649,1,0,"scaffold198","GLEAN","CDS"]],"mRNA"],[0,22476,23118,1,"lamu_GLEAN_10001656",1,"scaffold198","GLEAN",[[1,22476,23118,1,0,"scaffold198","GLEAN","CDS"]],"mRNA"],[0,33623,41643,-1,"lamu_GLEAN_10001657",0.760984,"scaffold198","GLEAN",[[1,41539,41643,-1,0,"scaffold198","GLEAN","CDS"],[1,41357,41440,-1,1,"scaffold198","GLEAN","CDS"],[1,41081,41274,-1,2,"scaffold198","GLEAN","CDS"],[1,40848,40987,-1,1,"scaffold198","GLEAN","CDS"],[1,40597,40763,-1,0,"scaffold198","GLEAN","CDS"],[1,40331,40498,-1,2,"scaffold198","GLEAN","CDS"],[1,40064,40238,-1,0,"scaffold198","GLEAN","CDS"],[1,39876,39972,-1,0,"scaffold198","GLEAN","CDS"],[1,39684,39801,-1,0,"scaffold198","GLEAN","CDS"],[1,39275,39604,-1,0,"scaffold198","GLEAN","CDS"],[1,38907,39187,-1,1,"scaffold198","GLEAN","CDS"],[1,38703,38823,-1,0,"scaffold198","GLEAN","CDS"],[1,33623,33935,-1,0,"scaffold198","GLEAN","CDS"]],"mRNA"],[0,52657,54183,-1,"lamu_GLEAN_10001658",0.738383,"scaffold198","GLEAN",[[1,54042,54183,-1,0,"scaffold198","GLEAN","CDS"],[1,52657,52951,-1,0,"scaffold198","GLEAN","CDS"]],"mRNA"],[0,54860,60776,-1,"lamu_GLEAN_10001659",0.999776,"scaffold198","GLEAN",[[1,60658,60776,-1,0,"scaffold198","GLEAN","CDS"],[1,59782,59918,-1,2,"scaffold198","GLEAN","CDS"],[1,58762,58844,-1,1,"scaffold198","GLEAN","CDS"],[1,57980,58156,-1,0,"scaffold198","GLEAN","CDS"],[1,56081,56219,-1,1,"scaffold198","GLEAN","CDS"],[1,55860,56000,-1,1,"scaffold198","GLEAN","CDS"],[1,54860,55126,-1,2,"scaffold198","GLEAN","CDS"]],"mRNA"],[0,64027,65722,-1,"lamu_GLEAN_10001660",0.993714,"scaffold198","GLEAN",[[1,64825,65722,-1,0,"scaffold198","GLEAN","CDS"],[1,64027,64180,-1,0,"scaffold198","GLEAN","CDS"]],"mRNA"],[0,77435,82071,-1,"lamu_GLEAN_10001661",0.998202,"scaffold198","GLEAN",[[1,81806,82071,-1,0,"scaffold198","GLEAN","CDS"],[1,80705,81013,-1,2,"scaffold198","GLEAN","CDS"],[1,79686,80427,-1,0,"scaffold198","GLEAN","CDS"],[1,78906,79035,-1,0,"scaffold198","GLEAN","CDS"],[1,78302,78506,-1,0,"scaffold198","GLEAN","CDS"],[1,77713,77914,-1,0,"scaffold198","GLEAN","CDS"],[1,77435,77558,-1,0,"scaffold198","GLEAN","CDS"]],"mRNA"],[0,94614,95513,1,"lamu_GLEAN_10001662",0.596895,"scaffold198","GLEAN",[[1,94614,94939,1,0,"scaffold198","GLEAN","CDS"],[1,95121,95513,1,2,"scaffold198","GLEAN","CDS"]],"mRNA"],[0,96006,96564,1,"lamu_GLEAN_10001663",0.596758,"scaffold198","GLEAN",[[1,96006,96564,1,0,"scaffold198","GLEAN","CDS"]],"mRNA"],[0,102803,103304,1,"lamu_GLEAN_10001664",0.488747,"scaffold198","GLEAN",[[1,102803,103304,1,0,"scaffold198","GLEAN","CDS"]],"mRNA"],[0,104414,108501,1,"lamu_GLEAN_10001665",0.999951,"scaffold198","GLEAN",[[1,104414,105179,1,0,"scaffold198","GLEAN","CDS"],[1,106846,107101,1,0,"scaffold198","GLEAN","CDS"],[1,107457,107601,1,0,"scaffold198","GLEAN","CDS"],[1,107714,108062,1,0,"scaffold198","GLEAN","CDS"],[1,108147,108501,1,0,"scaffold198","GLEAN","CDS"]],"mRNA"],[0,110178,112028,1,"lamu_GLEAN_10001666",0.997785,"scaffold198","GLEAN",[[1,110178,110913,1,0,"scaffold198","GLEAN","CDS"],[1,111488,112028,1,0,"scaffold198","GLEAN","CDS"]],"mRNA"],[0,113072,115643,1,"lamu_GLEAN_10001667",0.62889,"scaffold198","GLEAN",[[1,113072,115643,1,0,"scaffold198","GLEAN","CDS"]],"mRNA"],[0,116858,119841,-1,"lamu_GLEAN_10001668",1,"scaffold198","GLEAN",[[1,119682,119841,-1,0,"scaffold198","GLEAN","CDS"],[1,119273,119389,-1,0,"scaffold198","GLEAN","CDS"],[1,119041,119160,-1,1,"scaffold198","GLEAN","CDS"],[1,118785,118948,-1,2,"scaffold198","GLEAN","CDS"],[1,118467,118685,-1,1,"scaffold198","GLEAN","CDS"],[1,118048,118370,-1,2,"scaffold198","GLEAN","CDS"],[1,116858,117948,-1,1,"scaffold198","GLEAN","CDS"]],"mRNA"],[0,122872,129915,1,"lamu_GLEAN_10001669",0.253157,"scaffold198","GLEAN",[[1,122872,124318,1,0,"scaffold198","GLEAN","CDS"],[1,125092,125258,1,0,"scaffold198","GLEAN","CDS"],[1,128564,128949,1,2,"scaffold198","GLEAN","CDS"],[1,129137,129915,1,1,"scaffold198","GLEAN","CDS"]],"mRNA"],[0,192095,193381,1,"lamu_GLEAN_10001670",1,"scaffold198","GLEAN",[[1,192095,192454,1,0,"scaffold198","GLEAN","CDS"],[1,192551,192876,1,1,"scaffold198","GLEAN","CDS"],[1,193138,193381,1,0,"scaffold198","GLEAN","CDS"]],"mRNA"],[0,213279,213675,-1,"lamu_GLEAN_10001671",0.777241,"scaffold198","GLEAN",[[1,213279,213675,-1,0,"scaffold198","GLEAN","CDS"]],"mRNA"],[0,216412,218765,-1,"lamu_GLEAN_10001672",0.993977,"scaffold198","GLEAN",[[1,217004,218765,-1,0,"scaffold198","GLEAN","CDS"],[1,216412,216481,-1,0,"scaffold198","GLEAN","CDS"]],"mRNA"],[0,227036,227414,-1,"lamu_GLEAN_10001673",1,"scaffold198","GLEAN",[[1,227036,227414,-1,0,"scaffold198","GLEAN","CDS"]],"mRNA"],[0,242185,244906,1,"lamu_GLEAN_10001674",0.353422,"scaffold198","GLEAN",[[1,242185,242591,1,0,"scaffold198","GLEAN","CDS"],[1,243725,244906,1,2,"scaffold198","GLEAN","CDS"]],"mRNA"],[0,245895,247083,-1,"lamu_GLEAN_10001675",0.589047,"scaffold198","GLEAN",[[1,245895,247083,-1,0,"scaffold198","GLEAN","CDS"]],"mRNA",{"Sublist":[[0,246595,247063,1,"lamu_GLEAN_10001676",0.84054,"scaffold198","GLEAN",[[1,246595,247063,1,0,"scaffold198","GLEAN","CDS"]],"mRNA"]]}],[0,258501,260987,-1,"lamu_GLEAN_10001677",0.988682,"scaffold198","GLEAN",[[1,260906,260987,-1,0,"scaffold198","GLEAN","CDS"],[1,260711,260811,-1,0,"scaffold198","GLEAN","CDS"],[1,260302,260388,-1,2,"scaffold198","GLEAN","CDS"],[1,258800,258870,-1,0,"scaffold198","GLEAN","CDS"],[1,258501,258704,-1,2,"scaffold198","GLEAN","CDS"]],"mRNA"],[0,263240,264468,-1,"lamu_GLEAN_10001678",0.65107,"scaffold198","GLEAN",[[1,264453,264468,-1,0,"scaffold198","GLEAN","CDS"],[1,264146,264346,-1,0,"scaffold198","GLEAN","CDS"],[1,263922,264011,-1,1,"scaffold198","GLEAN","CDS"],[1,263240,263362,-1,2,"scaffold198","GLEAN","CDS"]],"mRNA"],[0,267885,276722,1,"lamu_GLEAN_10001679",0.569338,"scaffold198","GLEAN",[[1,267885,268149,1,0,"scaffold198","GLEAN","CDS"],[1,268250,268439,1,0,"scaffold198","GLEAN","CDS"],[1,269826,269881,1,0,"scaffold198","GLEAN","CDS"],[1,269947,270330,1,2,"scaffold198","GLEAN","CDS"],[1,270431,270620,1,0,"scaffold198","GLEAN","CDS"],[1,273168,273280,1,0,"scaffold198","GLEAN","CDS"],[1,275346,275432,1,2,"scaffold198","GLEAN","CDS"],[1,275612,275723,1,0,"scaffold198","GLEAN","CDS"],[1,275884,275971,1,0,"scaffold198","GLEAN","CDS"],[1,276380,276722,1,0,"scaffold198","GLEAN","CDS"]],