{"featureCount":15,"formatVersion":1,"histograms":{"meta":[{"arrayParams":{"chunkSize":10000,"length":4,"urlTemplate":"hist-50000-{Chunk}.json"},"basesPerBin":"50000"}],"stats":[{"basesPerBin":"50000","max":7,"mean":4.25}]},"intervals":{"classes":[{"attributes":["Start","End","Strand","Id","Score","Seq_id","Source","Subfeatures","Type"],"isArrayAttr":{"Subfeatures":1}},{"attributes":["Start","End","Strand","Phase","Seq_id","Source","Type"],"isArrayAttr":{}},{"attributes":["Start","End","Chunk"],"isArrayAttr":{"Sublist":1}}],"count":15,"lazyClass":2,"maxEnd":157966,"minStart":3097,"nclist":[[0,3097,25448,1,"lamu_GLEAN_10000945",0.948784,"scaffold240","GLEAN",[[1,3097,3165,1,0,"scaffold240","GLEAN","CDS"],[1,3296,3426,1,1,"scaffold240","GLEAN","CDS"],[1,4230,4380,1,0,"scaffold240","GLEAN","CDS"],[1,4992,5167,1,0,"scaffold240","GLEAN","CDS"],[1,5510,5698,1,2,"scaffold240","GLEAN","CDS"],[1,5907,6017,1,0,"scaffold240","GLEAN","CDS"],[1,6168,6268,1,1,"scaffold240","GLEAN","CDS"],[1,6814,7030,1,0,"scaffold240","GLEAN","CDS"],[1,7241,7390,1,0,"scaffold240","GLEAN","CDS"],[1,7482,7624,1,1,"scaffold240","GLEAN","CDS"],[1,7709,7850,1,0,"scaffold240","GLEAN","CDS"],[1,10336,10525,1,0,"scaffold240","GLEAN","CDS"],[1,11103,11308,1,0,"scaffold240","GLEAN","CDS"],[1,12937,13031,1,2,"scaffold240","GLEAN","CDS"],[1,15385,15620,1,1,"scaffold240","GLEAN","CDS"],[1,16054,16246,1,0,"scaffold240","GLEAN","CDS"],[1,16781,16880,1,0,"scaffold240","GLEAN","CDS"],[1,19190,19394,1,0,"scaffold240","GLEAN","CDS"],[1,19474,19744,1,0,"scaffold240","GLEAN","CDS"],[1,22220,22368,1,0,"scaffold240","GLEAN","CDS"],[1,22476,22628,1,2,"scaffold240","GLEAN","CDS"],[1,22969,23134,1,0,"scaffold240","GLEAN","CDS"],[1,23209,23323,1,0,"scaffold240","GLEAN","CDS"],[1,23430,23519,1,0,"scaffold240","GLEAN","CDS"],[1,24831,25036,1,1,"scaffold240","GLEAN","CDS"],[1,25163,25448,1,0,"scaffold240","GLEAN","CDS"]],"mRNA"],[0,26788,28836,-1,"lamu_GLEAN_10000946",1,"scaffold240","GLEAN",[[1,28620,28836,-1,0,"scaffold240","GLEAN","CDS"],[1,26788,27742,-1,0,"scaffold240","GLEAN","CDS"]],"mRNA"],[0,31136,41303,-1,"lamu_GLEAN_10000947",0.517659,"scaffold240","GLEAN",[[1,40593,41303,-1,0,"scaffold240","GLEAN","CDS"],[1,40273,40456,-1,1,"scaffold240","GLEAN","CDS"],[1,39605,39697,-1,1,"scaffold240","GLEAN","CDS"],[1,38193,38467,-1,2,"scaffold240","GLEAN","CDS"],[1,37885,38096,-1,1,"scaffold240","GLEAN","CDS"],[1,37702,37773,-1,0,"scaffold240","GLEAN","CDS"],[1,37099,37206,-1,1,"scaffold240","GLEAN","CDS"],[1,36769,36819,-1,2,"scaffold240","GLEAN","CDS"],[1,36512,36617,-1,0,"scaffold240","GLEAN","CDS"],[1,36339,36399,-1,0,"scaffold240","GLEAN","CDS"],[1,36170,36260,-1,0,"scaffold240","GLEAN","CDS"],[1,35757,35834,-1,0,"scaffold240","GLEAN","CDS"],[1,35235,35320,-1,1,"scaffold240","GLEAN","CDS"],[1,34925,35006,-1,0,"scaffold240","GLEAN","CDS"],[1,34474,34578,-1,0,"scaffold240","GLEAN","CDS"],[1,34084,34134,-1,1,"scaffold240","GLEAN","CDS"],[1,33414,33638,-1,2,"scaffold240","GLEAN","CDS"],[1,33207,33333,-1,0,"scaffold240","GLEAN","CDS"],[1,32566,32618,-1,0,"scaffold240","GLEAN","CDS"],[1,32115,32228,-1,2,"scaffold240","GLEAN","CDS"],[1,31752,31893,-1,0,"scaffold240","GLEAN","CDS"],[1,31136,31238,-1,0,"scaffold240","GLEAN","CDS"]],"mRNA"],[0,47095,49078,1,"lamu_GLEAN_10000948",0.997361,"scaffold240","GLEAN",[[1,47095,48151,1,0,"scaffold240","GLEAN","CDS"],[1,48321,48867,1,0,"scaffold240","GLEAN","CDS"],[1,48967,49078,1,0,"scaffold240","GLEAN","CDS"]],"mRNA"],[0,49585,50434,-1,"lamu_GLEAN_10000949",1,"scaffold240","GLEAN",[[1,50163,50434,-1,0,"scaffold240","GLEAN","CDS"],[1,49585,49740,-1,2,"scaffold240","GLEAN","CDS"]],"mRNA"],[0,52811,54867,-1,"lamu_GLEAN_10000950",0.961378,"scaffold240","GLEAN",[[1,54618,54867,-1,0,"scaffold240","GLEAN","CDS"],[1,54225,54415,-1,0,"scaffold240","GLEAN","CDS"],[1,53713,54105,-1,2,"scaffold240","GLEAN","CDS"],[1,52811,53099,-1,0,"scaffold240","GLEAN","CDS"]],"mRNA"],[0,62745,67523,-1,"lamu_GLEAN_10000951",0.563365,"scaffold240","GLEAN",[[1,67228,67523,-1,0,"scaffold240","GLEAN","CDS"],[1,66397,66559,-1,2,"scaffold240","GLEAN","CDS"],[1,66141,66275,-1,2,"scaffold240","GLEAN","CDS"],[1,65878,66040,-1,0,"scaffold240","GLEAN","CDS"],[1,65041,65225,-1,0,"scaffold240","GLEAN","CDS"],[1,64495,64937,-1,2,"scaffold240","GLEAN","CDS"],[1,64354,64382,-1,1,"scaffold240","GLEAN","CDS"],[1,63864,64197,-1,0,"scaffold240","GLEAN","CDS"],[1,63417,63783,-1,0,"scaffold240","GLEAN","CDS"],[1,63016,63084,-1,0,"scaffold240","GLEAN","CDS"],[1,62865,62935,-1,1,"scaffold240","GLEAN","CDS"],[1,62745,62787,-1,0,"scaffold240","GLEAN","CDS"]],"mRNA"],[0,69474,72115,1,"lamu_GLEAN_10000952",0.999997,"scaffold240","GLEAN",[[1,69474,69668,1,0,"scaffold240","GLEAN","CDS"],[1,69756,69854,1,1,"scaffold240","GLEAN","CDS"],[1,70201,70333,1,2,"scaffold240","GLEAN","CDS"],[1,70712,70856,1,2,"scaffold240","GLEAN","CDS"],[1,70931,71034,1,2,"scaffold240","GLEAN","CDS"],[1,71280,71380,1,1,"scaffold240","GLEAN","CDS"],[1,71557,71634,1,0,"scaffold240","GLEAN","CDS"],[1,71713,71792,1,1,"scaffold240","GLEAN","CDS"],[1,71992,72115,1,0,"scaffold240","GLEAN","CDS"]],"mRNA"],[0,73070,77383,-1,"lamu_GLEAN_10000953",0.835307,"scaffold240","GLEAN",[[1,77244,77383,-1,0,"scaffold240","GLEAN","CDS"],[1,77066,77177,-1,2,"scaffold240","GLEAN","CDS"],[1,76795,76831,-1,2,"scaffold240","GLEAN","CDS"],[1,76137,76211,-1,2,"scaffold240","GLEAN","CDS"],[1,75988,76029,-1,0,"scaffold240","GLEAN","CDS"],[1,75330,75402,-1,1,"scaffold240","GLEAN","CDS"],[1,75067,75239,-1,1,"scaffold240","GLEAN","CDS"],[1,74345,74441,-1,0,"scaffold240","GLEAN","CDS"],[1,74176,74244,-1,0,"scaffold240","GLEAN","CDS"],[1,73473,73681,-1,1,"scaffold240","GLEAN","CDS"],[1,73220,73304,-1,0,"scaffold240","GLEAN","CDS"],[1,73070,73130,-1,0,"scaffold240","GLEAN","CDS"]],"mRNA"],[0,80113,82749,-1,"lamu_GLEAN_10000954",0.995009,"scaffold240","GLEAN",[[1,82594,82749,-1,0,"scaffold240","GLEAN","CDS"],[1,80716,81026,-1,1,"scaffold240","GLEAN","CDS"],[1,80383,80567,-1,0,"scaffold240","GLEAN","CDS"],[1,80113,80289,-1,2,"scaffold240","GLEAN","CDS"]],"mRNA"],[0,83750,88465,-1,"lamu_GLEAN_10000955",0.671546,"scaffold240","GLEAN",[[1,88341,88465,-1,0,"scaffold240","GLEAN","CDS"],[1,87635,87766,-1,2,"scaffold240","GLEAN","CDS"],[1,87472,87525,-1,0,"scaffold240","GLEAN","CDS"],[1,87187,87260,-1,1,"scaffold240","GLEAN","CDS"],[1,86955,87057,-1,0,"scaffold240","GLEAN","CDS"],[1,86760,86862,-1,0,"scaffold240","GLEAN","CDS"],[1,86589,86661,-1,0,"scaffold240","GLEAN","CDS"],[1,86454,86517,-1,0,"scaffold240","GLEAN","CDS"],[1,86304,86346,-1,0,"scaffold240","GLEAN","CDS"],[1,85547,85607,-1,0,"scaffold240","GLEAN","CDS"],[1,85287,85398,-1,0,"scaffold240","GLEAN","CDS"],[1,84750,84921,-1,0,"scaffold240","GLEAN","CDS"],[1,84298,84389,-1,0,"scaffold240","GLEAN","CDS"],[1,83750,84034,-1,2,"scaffold240","GLEAN","CDS"]],"mRNA"],[0,107331,111998,1,"lamu_GLEAN_10000956",0.999455,"scaffold240","GLEAN",[[1,107331,107415,1,0,"scaffold240","GLEAN","CDS"],[1,108063,108177,1,0,"scaffold240","GLEAN","CDS"],[1,108320,108473,1,0,"scaffold240","GLEAN","CDS"],[1,108870,108974,1,0,"scaffold240","GLEAN","CDS"],[1,109079,109143,1,1,"scaffold240","GLEAN","CDS"],[1,109246,109302,1,0,"scaffold240","GLEAN","CDS"],[1,109982,110063,1,1,"scaffold240","GLEAN","CDS"],[1,110914,110974,1,1,"scaffold240","GLEAN","CDS"],[1,111072,111164,1,1,"scaffold240","GLEAN","CDS"],[1,111236,111356,1,2,"scaffold240","GLEAN","CDS"],[1,111807,111998,1,2,"scaffold240","GLEAN","CDS"]],