{"featureCount":30,"formatVersion":1,"histograms":{"meta":[{"arrayParams":{"chunkSize":10000,"length":12,"urlTemplate":"hist-50000-{Chunk}.json"},"basesPerBin":"50000"}],"stats":[{"basesPerBin":"50000","max":4,"mean":2.58333333333333}]},"intervals":{"classes":[{"attributes":["Start","End","Strand","Id","Score","Seq_id","Source","Subfeatures","Type"],"isArrayAttr":{"Subfeatures":1}},{"attributes":["Start","End","Strand","Phase","Seq_id","Source","Type"],"isArrayAttr":{}},{"attributes":["Start","End","Chunk"],"isArrayAttr":{"Sublist":1}}],"count":30,"lazyClass":2,"maxEnd":559783,"minStart":9351,"nclist":[[0,9351,19229,1,"lamu_GLEAN_10003243",0.349728,"scaffold96","GLEAN",[[1,9351,9652,1,0,"scaffold96","GLEAN","CDS"],[1,10407,10543,1,2,"scaffold96","GLEAN","CDS"],[1,11713,11783,1,1,"scaffold96","GLEAN","CDS"],[1,11952,12046,1,0,"scaffold96","GLEAN","CDS"],[1,13350,13561,1,2,"scaffold96","GLEAN","CDS"],[1,13947,13970,1,1,"scaffold96","GLEAN","CDS"],[1,14405,14461,1,2,"scaffold96","GLEAN","CDS"],[1,14689,14821,1,0,"scaffold96","GLEAN","CDS"],[1,16017,16188,1,0,"scaffold96","GLEAN","CDS"],[1,16735,16831,1,0,"scaffold96","GLEAN","CDS"],[1,19037,19229,1,0,"scaffold96","GLEAN","CDS"]],"mRNA"],[0,20732,26397,-1,"lamu_GLEAN_10003244",0.975971,"scaffold96","GLEAN",[[1,26284,26397,-1,0,"scaffold96","GLEAN","CDS"],[1,25797,25970,-1,1,"scaffold96","GLEAN","CDS"],[1,23450,23893,-1,2,"scaffold96","GLEAN","CDS"],[1,23285,23376,-1,0,"scaffold96","GLEAN","CDS"],[1,22654,23001,-1,2,"scaffold96","GLEAN","CDS"],[1,22028,22483,-1,0,"scaffold96","GLEAN","CDS"],[1,21785,21942,-1,1,"scaffold96","GLEAN","CDS"],[1,21484,21646,-1,0,"scaffold96","GLEAN","CDS"],[1,21306,21395,-1,0,"scaffold96","GLEAN","CDS"],[1,20732,20883,-1,1,"scaffold96","GLEAN","CDS"]],"mRNA"],[0,36594,37281,1,"lamu_GLEAN_10003245",0.99806,"scaffold96","GLEAN",[[1,36594,37281,1,0,"scaffold96","GLEAN","CDS"]],"mRNA"],[0,38926,43386,1,"lamu_GLEAN_10003246",0.172998,"scaffold96","GLEAN",[[1,38926,39460,1,0,"scaffold96","GLEAN","CDS"],[1,40266,40332,1,0,"scaffold96","GLEAN","CDS"],[1,40507,40684,1,0,"scaffold96","GLEAN","CDS"],[1,40788,41000,1,0,"scaffold96","GLEAN","CDS"],[1,41456,41622,1,1,"scaffold96","GLEAN","CDS"],[1,42827,42941,1,0,"scaffold96","GLEAN","CDS"],[1,43119,43386,1,0,"scaffold96","GLEAN","CDS"]],"mRNA"],[0,50544,60689,1,"lamu_GLEAN_10003247",0.264802,"scaffold96","GLEAN",[[1,50544,50685,1,0,"scaffold96","GLEAN","CDS"],[1,51276,51435,1,0,"scaffold96","GLEAN","CDS"],[1,52100,52190,1,0,"scaffold96","GLEAN","CDS"],[1,52740,52874,1,0,"scaffold96","GLEAN","CDS"],[1,53496,53656,1,1,"scaffold96","GLEAN","CDS"],[1,53954,54038,1,0,"scaffold96","GLEAN","CDS"],[1,54198,54411,1,0,"scaffold96","GLEAN","CDS"],[1,55005,55131,1,0,"scaffold96","GLEAN","CDS"],[1,55264,55402,1,0,"scaffold96","GLEAN","CDS"],[1,55836,55940,1,0,"scaffold96","GLEAN","CDS"],[1,56077,56141,1,1,"scaffold96","GLEAN","CDS"],[1,57080,57169,1,0,"scaffold96","GLEAN","CDS"],[1,57244,57386,1,1,"scaffold96","GLEAN","CDS"],[1,57856,57920,1,0,"scaffold96","GLEAN","CDS"],[1,58080,58115,1,2,"scaffold96","GLEAN","CDS"],[1,58394,58517,1,0,"scaffold96","GLEAN","CDS"],[1,59218,59284,1,0,"scaffold96","GLEAN","CDS"],[1,60189,60301,1,0,"scaffold96","GLEAN","CDS"],[1,60404,60496,1,2,"scaffold96","GLEAN","CDS"],[1,60584,60689,1,0,"scaffold96","GLEAN","CDS"]],"mRNA"],[0,72772,73852,1,"lamu_GLEAN_10003248",0.966827,"scaffold96","GLEAN",[[1,72772,73285,1,0,"scaffold96","GLEAN","CDS"],[1,73582,73852,1,0,"scaffold96","GLEAN","CDS"]],"mRNA"],[0,104989,106450,1,"lamu_GLEAN_10003249",1,"scaffold96","GLEAN",[[1,104989,106450,1,0,"scaffold96","GLEAN","CDS"]],"mRNA"],[0,109883,113470,-1,"lamu_GLEAN_10003250",0.698381,"scaffold96","GLEAN",[[1,113057,113470,-1,0,"scaffold96","GLEAN","CDS"],[1,111856,112262,-1,1,"scaffold96","GLEAN","CDS"],[1,111329,111590,-1,0,"scaffold96","GLEAN","CDS"],[1,110750,110837,-1,0,"scaffold96","GLEAN","CDS"],[1,110335,110503,-1,0,"scaffold96","GLEAN","CDS"],[1,109883,110018,-1,0,"scaffold96","GLEAN","CDS"]],"mRNA"],[0,124931,127547,1,"lamu_GLEAN_10003251",0.998818,"scaffold96","GLEAN",[[1,124931,126392,1,0,"scaffold96","GLEAN","CDS"],[1,127067,127547,1,0,"scaffold96","GLEAN","CDS"]],"mRNA"],[0,137956,142364,-1,"lamu_GLEAN_10003252",0.999925,"scaffold96","GLEAN",[[1,141246,142364,-1,0,"scaffold96","GLEAN","CDS"],[1,140999,141164,-1,1,"scaffold96","GLEAN","CDS"],[1,140654,140820,-1,1,"scaffold96","GLEAN","CDS"],[1,140309,140420,-1,0,"scaffold96","GLEAN","CDS"],[1,140023,140217,-1,0,"scaffold96","GLEAN","CDS"],[1,139731,139856,-1,1,"scaffold96","GLEAN","CDS"],[1,139506,139588,-1,2,"scaffold96","GLEAN","CDS"],[1,137956,138266,-1,1,"scaffold96","GLEAN","CDS"]],"mRNA"],[0,168849,170905,-1,"lamu_GLEAN_10003253",0.782584,"scaffold96","GLEAN",[[1,170887,170905,-1,0,"scaffold96","GLEAN","CDS"],[1,170145,170606,-1,0,"scaffold96","GLEAN","CDS"],[1,169687,170015,-1,1,"scaffold96","GLEAN","CDS"],[1,168849,169062,-1,0,"scaffold96","GLEAN","CDS"]],"mRNA"],[0,184043,189271,1,"lamu_GLEAN_10003254",0.998095,"scaffold96","GLEAN",[[1,184043,184147,1,0,"scaffold96","GLEAN","CDS"],[1,185026,185174,1,1,"scaffold96","GLEAN","CDS"],[1,186944,187076,1,0,"scaffold96","GLEAN","CDS"],[1,187212,187362,1,0,"scaffold96","GLEAN","CDS"],[1,187566,188802,1,0,"scaffold96","GLEAN","CDS"],[1,188886,189035,1,0,"scaffold96","GLEAN","CDS"],[1,189123,189271,1,1,"scaffold96","GLEAN","CDS"]],"mRNA"],[0,192994,194068,1,"lamu_GLEAN_10003255",0.630247,"scaffold96","GLEAN",[[1,192994,193158,1,0,"scaffold96","GLEAN","CDS"],[1,193284,193435,1,1,"scaffold96","GLEAN","CDS"],[1,193684,194068,1,0,"scaffold96","GLEAN","CDS"]],"mRNA"],[0,212872,232221,-1,"lamu_GLEAN_10003256",0.291979,"scaffold96","GLEAN",[[1,231813,232221,-1,0,"scaffold96","GLEAN","CDS"],[1,231548,231725,-1,0,"scaffold96","GLEAN","CDS"],[1,229076,229163,-1,0,"scaffold96","GLEAN","CDS"],[1,227692,227749,-1,0,"scaffold96","GLEAN","CDS"],[1,227417,227483,-1,0,"scaffold96","GLEAN","CDS"],[1,223959,224022,-1,0,"scaffold96","GLEAN","CDS"],[1,223450,223555,-1,0,"scaffold96","GLEAN","CDS"],[1,223226,223327,-1,0,"scaffold96","GLEAN","CDS"],[1,221671,221768,-1,1,"scaffold96","GLEAN","CDS"],[1,221168,221240,-1,0,"scaffold96","GLEAN","CDS"],[1,219402,219557,-1,0,"scaffold96","GLEAN","CDS"],[1,219241,219299,-1,1,"scaffold96","GLEAN","CDS"],[1,217924,218005,-1,0,"scaffold96","GLEAN","CDS"],[1,217677,217764,-1,0,"scaffold96","GLEAN","CDS"],[1,217351,217423,-1,0,"scaffold96","GLEAN","CDS"],[1,217118,217253,-1,0,"scaffold96","GLEAN","CDS"],[1,216914,216988,-1,0,"scaffold96","GLEAN","CDS"],[1,216414,216502,-1,1,"scaffold96","GLEAN","CDS"],[1,215087,215163,-1,0,"scaffold96","GLEAN","CDS"],[1,213435,213476,-1,2,"scaffold96","GLEAN","CDS"],[1,212872,212968,-1,0,"scaffold96","GLEAN","CDS"]],"mRNA"],[0,241168,242955,-1,"lamu_GLEAN_10003257",1,"scaffold96","GLEAN",[[1,242289,242955,-1,0,"scaffold96","GLEAN","CDS"],[1,241753,242039,-1,0,"scaffold96","GLEAN","CDS"],[1,241168,241689,-1,2,"scaffold96","GLEAN","CDS"]],"mRNA"],[0,245429,253081,-1,"lamu_GLEAN_10003258",0.999603,"scaffold96","GLEAN",[[1,252960,253081,-1,0,"scaffold96","GLEAN","CDS"],[1,252804,252861,-1,2,"scaffold96","GLEAN","CDS"],[1,252394,252485,-1,2,"scaffold96","GLEAN","CDS"],[1,252139,252300,-1,1,"scaffold96","GLEAN","CDS"],[1,251924,252052,-1,2,"scaffold96","GLEAN","CDS"],[1,251645,251783,-1,0,"scaffold96","GLEAN","CDS"],[1,248706,248799,-1,0,"scaffold96","GLEAN","CDS"],[1,248504,248622,-1,0,"scaffold96","GLEAN","CDS"],[1,245429,245560,-1,2,"scaffold96","GLEAN","CDS"]],"mRNA"],[0,278425,278824,1,"lamu_GLEAN_10003259",0.756043,"scaffold96","GLEAN",[[1,278425,278824,1,0,"scaffold96","GLEAN","CDS"]],