{"featureCount":33,"formatVersion":1,"histograms":{"meta":[{"arrayParams":{"chunkSize":10000,"length":12,"urlTemplate":"hist-50000-{Chunk}.json"},"basesPerBin":"50000"}],"stats":[{"basesPerBin":"50000","max":5,"mean":3.16666666666667}]},"intervals":{"classes":[{"attributes":["Start","End","Strand","Id","Score","Seq_id","Source","Subfeatures","Type"],"isArrayAttr":{"Subfeatures":1}},{"attributes":["Start","End","Strand","Phase","Seq_id","Source","Type"],"isArrayAttr":{}},{"attributes":["Start","End","Chunk"],"isArrayAttr":{"Sublist":1}}],"count":33,"lazyClass":2,"maxEnd":593205,"minStart":14854,"nclist":[[0,14854,19116,-1,"lamu_GLEAN_10003138",1,"scaffold98","GLEAN",[[1,18928,19116,-1,0,"scaffold98","GLEAN","CDS"],[1,17228,17322,-1,1,"scaffold98","GLEAN","CDS"],[1,16405,16545,-1,0,"scaffold98","GLEAN","CDS"],[1,16078,16153,-1,1,"scaffold98","GLEAN","CDS"],[1,15314,15472,-1,1,"scaffold98","GLEAN","CDS"],[1,15130,15231,-1,2,"scaffold98","GLEAN","CDS"],[1,14854,14920,-1,0,"scaffold98","GLEAN","CDS"]],"mRNA"],[0,21769,25906,-1,"lamu_GLEAN_10003139",0.974455,"scaffold98","GLEAN",[[1,25775,25906,-1,0,"scaffold98","GLEAN","CDS"],[1,21769,22241,-1,1,"scaffold98","GLEAN","CDS"]],"mRNA"],[0,35102,37047,-1,"lamu_GLEAN_10003140",0.627188,"scaffold98","GLEAN",[[1,37014,37047,-1,0,"scaffold98","GLEAN","CDS"],[1,36643,36747,-1,0,"scaffold98","GLEAN","CDS"],[1,36487,36563,-1,1,"scaffold98","GLEAN","CDS"],[1,35751,35832,-1,0,"scaffold98","GLEAN","CDS"],[1,35102,35678,-1,0,"scaffold98","GLEAN","CDS"]],"mRNA"],[0,51093,55031,1,"lamu_GLEAN_10003141",0.859105,"scaffold98","GLEAN",[[1,51093,51677,1,0,"scaffold98","GLEAN","CDS"],[1,53825,54021,1,1,"scaffold98","GLEAN","CDS"],[1,54373,54505,1,0,"scaffold98","GLEAN","CDS"],[1,54899,55031,1,0,"scaffold98","GLEAN","CDS"]],"mRNA"],[0,57178,57670,1,"lamu_GLEAN_10003142",1,"scaffold98","GLEAN",[[1,57178,57670,1,0,"scaffold98","GLEAN","CDS"]],"mRNA"],[0,74790,79398,1,"lamu_GLEAN_10003143",0.997601,"scaffold98","GLEAN",[[1,74790,74928,1,0,"scaffold98","GLEAN","CDS"],[1,75054,75227,1,0,"scaffold98","GLEAN","CDS"],[1,75580,75698,1,1,"scaffold98","GLEAN","CDS"],[1,76185,76368,1,0,"scaffold98","GLEAN","CDS"],[1,76601,77075,1,0,"scaffold98","GLEAN","CDS"],[1,77372,77471,1,0,"scaffold98","GLEAN","CDS"],[1,77610,77823,1,0,"scaffold98","GLEAN","CDS"],[1,77985,78154,1,0,"scaffold98","GLEAN","CDS"],[1,78265,78534,1,2,"scaffold98","GLEAN","CDS"],[1,78645,78741,1,0,"scaffold98","GLEAN","CDS"],[1,78945,79398,1,0,"scaffold98","GLEAN","CDS"]],"mRNA"],[0,102867,107944,1,"lamu_GLEAN_10003144",0.998971,"scaffold98","GLEAN",[[1,102867,104006,1,0,"scaffold98","GLEAN","CDS"],[1,106041,106283,1,1,"scaffold98","GLEAN","CDS"],[1,106664,106768,1,2,"scaffold98","GLEAN","CDS"],[1,107563,107749,1,0,"scaffold98","GLEAN","CDS"],[1,107842,107944,1,0,"scaffold98","GLEAN","CDS"]],"mRNA"],[0,111840,120876,-1,"lamu_GLEAN_10003145",0.999746,"scaffold98","GLEAN",[[1,120627,120876,-1,0,"scaffold98","GLEAN","CDS"],[1,119700,119891,-1,0,"scaffold98","GLEAN","CDS"],[1,119413,119608,-1,1,"scaffold98","GLEAN","CDS"],[1,118794,118856,-1,1,"scaffold98","GLEAN","CDS"],[1,118008,118075,-1,2,"scaffold98","GLEAN","CDS"],[1,117797,117916,-1,1,"scaffold98","GLEAN","CDS"],[1,112257,112434,-1,2,"scaffold98","GLEAN","CDS"],[1,111840,111950,-1,2,"scaffold98","GLEAN","CDS"]],"mRNA"],[0,149120,156559,1,"lamu_GLEAN_10003146",0.552552,"scaffold98","GLEAN",[[1,149120,149430,1,0,"scaffold98","GLEAN","CDS"],[1,151210,151367,1,2,"scaffold98","GLEAN","CDS"],[1,151445,151665,1,1,"scaffold98","GLEAN","CDS"],[1,152640,152694,1,0,"scaffold98","GLEAN","CDS"],[1,152781,152861,1,0,"scaffold98","GLEAN","CDS"],[1,152969,153247,1,1,"scaffold98","GLEAN","CDS"],[1,153343,153739,1,2,"scaffold98","GLEAN","CDS"],[1,153837,154193,1,2,"scaffold98","GLEAN","CDS"],[1,154325,154586,1,0,"scaffold98","GLEAN","CDS"],[1,156175,156559,1,0,"scaffold98","GLEAN","CDS"]],"mRNA"],[0,179107,183536,1,"lamu_GLEAN_10003147",0.595911,"scaffold98","GLEAN",[[1,179107,179789,1,0,"scaffold98","GLEAN","CDS"],[1,180021,180098,1,2,"scaffold98","GLEAN","CDS"],[1,181033,181079,1,0,"scaffold98","GLEAN","CDS"],[1,181192,181355,1,2,"scaffold98","GLEAN","CDS"],[1,181966,182056,1,1,"scaffold98","GLEAN","CDS"],[1,182561,182619,1,1,"scaffold98","GLEAN","CDS"],[1,183413,183536,1,0,"scaffold98","GLEAN","CDS"]],"mRNA"],[0,243366,248609,1,"lamu_GLEAN_10003148",0.998712,"scaffold98","GLEAN",[[1,243366,243441,1,0,"scaffold98","GLEAN","CDS"],[1,245464,245574,1,0,"scaffold98","GLEAN","CDS"],[1,246938,247567,1,1,"scaffold98","GLEAN","CDS"],[1,248493,248609,1,2,"scaffold98","GLEAN","CDS"]],"mRNA"],[0,295511,298884,-1,"lamu_GLEAN_10003149",0.71728,"scaffold98","GLEAN",[[1,298801,298884,-1,0,"scaffold98","GLEAN","CDS"],[1,298159,298262,-1,1,"scaffold98","GLEAN","CDS"],[1,297989,298078,-1,0,"scaffold98","GLEAN","CDS"],[1,297843,297866,-1,1,"scaffold98","GLEAN","CDS"],[1,297286,297433,-1,2,"scaffold98","GLEAN","CDS"],[1,296271,296397,-1,2,"scaffold98","GLEAN","CDS"],[1,295511,295792,-1,2,"scaffold98","GLEAN","CDS"]],"mRNA"],[0,314306,315994,1,"lamu_GLEAN_10003150",0.99546,"scaffold98","GLEAN",[[1,314306,314390,1,0,"scaffold98","GLEAN","CDS"],[1,314506,314554,1,0,"scaffold98","GLEAN","CDS"],[1,315919,315994,1,0,"scaffold98","GLEAN","CDS"]],"mRNA"],[0,317707,318610,1,"lamu_GLEAN_10003151",0.997951,"scaffold98","GLEAN",[[1,317707,317725,1,0,"scaffold98","GLEAN","CDS"],[1,317928,318016,1,0,"scaffold98","GLEAN","CDS"],[1,318096,318140,1,2,"scaffold98","GLEAN","CDS"],[1,318526,318610,1,0,"scaffold98","GLEAN","CDS"]],"mRNA"],[0,320734,336698,1,"lamu_GLEAN_10003152",0.496186,"scaffold98","GLEAN",[[1,320734,321044,1,0,"scaffold98","GLEAN","CDS"],[1,323524,323622,1,2,"scaffold98","GLEAN","CDS"],[1,325185,325272,1,0,"scaffold98","GLEAN","CDS"],[1,325392,325490,1,0,"scaffold98","GLEAN","CDS"],[1,331534,331592,1,1,"scaffold98","GLEAN","CDS"],[1,332637,332739,1,0,"scaffold98","GLEAN","CDS"],[1,332827,332889,1,0,"scaffold98","GLEAN","CDS"],[1,332992,333103,1,1,"scaffold98","GLEAN","CDS"],[1,333307,333386,1,1,"scaffold98","GLEAN","CDS"],[1,335043,335163,1,0,"scaffold98","GLEAN","CDS"],[1,335231,335345,1,0,"scaffold98","GLEAN","CDS"],[1,336560,336698,1,0,"scaffold98","GLEAN","CDS"]],"mRNA"],[0,346250,354270,1,"lamu_GLEAN_10003153",0.99371,"scaffold98","GLEAN",[[1,346250,346573,1,0,"scaffold98","GLEAN","CDS"],[1,347679,347716,1,1,"scaffold98","GLEAN","CDS"],[1,348581,348818,1,0,"scaffold98","GLEAN","CDS"],[1,349027,349075,1,0,"scaffold98","GLEAN","CDS"],[1,353727,354270,1,0,"scaffold98","GLEAN","CDS"]],"mRNA"],[0,361272,365386,1,"lamu_GLEAN_10003154",0.999196,"scaffold98","GLEAN",[[1,361272,362069,1,0,"scaffold98","GLEAN","CDS"],[1,362196,362301,1,1,"scaffold98","GLEAN","CDS"],[1,362652,363460,1,1,"scaffold98","GLEAN","CDS"],[1,363619,365386,1,0,"scaffold98","GLEAN","CDS"]],"mRNA"],[0,368410,370140,-1,"lamu_GLEAN_10003155",1,"scaffold98","GLEAN",[[1,369908,370140,-1,0,"scaffold98","GLEAN","CDS"],[1,369620,369721,-1,2,"scaffold98","GLEAN","CDS"],[1,369090,369299,-1,0,"scaffold98","GLEAN","CDS"],[1,368410,368954,-1,1,"scaffold98","GLEAN","CDS"]],"mRNA"],[0,373081,378230,-1,"lamu_GLEAN_10003156",0.95546,"scaffold98","GLEAN",[[1,378089,378230,-1,0,"scaffold98","GLEAN","CDS"],[1,376502,376777,-1,0,"scaffold98","GLEAN","CDS"],[1,373081,373901,-1,1,"scaffold98","GLEAN","CDS"]],