{"featureCount":11,"formatVersion":1,"histograms":{"meta":[{"arrayParams":{"chunkSize":10000,"length":3,"urlTemplate":"hist-100000-{Chunk}.json"},"basesPerBin":"100000"}],"stats":[{"basesPerBin":"100000","max":5,"mean":4}]},"intervals":{"classes":[{"attributes":["Start","End","Strand","Id","Score","Seq_id","Source","Subfeatures","Type"],"isArrayAttr":{"Subfeatures":1}},{"attributes":["Start","End","Strand","Phase","Seq_id","Source","Type"],"isArrayAttr":{}},{"attributes":["Start","End","Chunk"],"isArrayAttr":{"Sublist":1}}],"count":11,"lazyClass":2,"maxEnd":275714,"minStart":40296,"nclist":[[0,40296,47184,-1,"lamu_GLEAN_10001438",0.999993,"scaffold173","GLEAN",[[1,46841,47184,-1,0,"scaffold173","GLEAN","CDS"],[1,46671,46727,-1,2,"scaffold173","GLEAN","CDS"],[1,45762,45822,-1,0,"scaffold173","GLEAN","CDS"],[1,45592,45670,-1,0,"scaffold173","GLEAN","CDS"],[1,44324,44454,-1,0,"scaffold173","GLEAN","CDS"],[1,43864,43917,-1,2,"scaffold173","GLEAN","CDS"],[1,42545,42728,-1,0,"scaffold173","GLEAN","CDS"],[1,40296,40443,-1,0,"scaffold173","GLEAN","CDS"]],"mRNA"],[0,50363,51272,1,"lamu_GLEAN_10001439",0.99993,"scaffold173","GLEAN",[[1,50363,50456,1,0,"scaffold173","GLEAN","CDS"],[1,50611,50861,1,0,"scaffold173","GLEAN","CDS"],[1,50952,50999,1,2,"scaffold173","GLEAN","CDS"],[1,51116,51272,1,0,"scaffold173","GLEAN","CDS"]],"mRNA"],[0,51916,53368,1,"lamu_GLEAN_10001440",0.518626,"scaffold173","GLEAN",[[1,51916,53368,1,0,"scaffold173","GLEAN","CDS"]],"mRNA"],[0,76517,77293,1,"lamu_GLEAN_10001441",0.668429,"scaffold173","GLEAN",[[1,76517,76600,1,0,"scaffold173","GLEAN","CDS"],[1,76689,76758,1,1,"scaffold173","GLEAN","CDS"],[1,77196,77293,1,1,"scaffold173","GLEAN","CDS"]],"mRNA"],[0,96127,101301,1,"lamu_GLEAN_10001442",0.493994,"scaffold173","GLEAN",[[1,96127,96190,1,0,"scaffold173","GLEAN","CDS"],[1,96385,96593,1,0,"scaffold173","GLEAN","CDS"],[1,98085,98255,1,2,"scaffold173","GLEAN","CDS"],[1,98897,98975,1,0,"scaffold173","GLEAN","CDS"],[1,99178,99311,1,0,"scaffold173","GLEAN","CDS"],[1,99396,99488,1,2,"scaffold173","GLEAN","CDS"],[1,101202,101301,1,0,"scaffold173","GLEAN","CDS"]],"mRNA"],[0,139756,140554,1,"lamu_GLEAN_10001443",0.999805,"scaffold173","GLEAN",[[1,139756,139902,1,0,"scaffold173","GLEAN","CDS"],[1,140301,140554,1,1,"scaffold173","GLEAN","CDS"]],"mRNA"],[0,150846,154771,-1,"lamu_GLEAN_10001444",0.51773,"scaffold173","GLEAN",[[1,154743,154771,-1,0,"scaffold173","GLEAN","CDS"],[1,152616,152765,-1,2,"scaffold173","GLEAN","CDS"],[1,152282,152313,-1,0,"scaffold173","GLEAN","CDS"],[1,151351,151878,-1,2,"scaffold173","GLEAN","CDS"],[1,150846,151119,-1,0,"scaffold173","GLEAN","CDS"]],"mRNA"],[0,203886,204405,-1,"lamu_GLEAN_10001445",0.504087,"scaffold173","GLEAN",[[1,204162,204405,-1,0,"scaffold173","GLEAN","CDS"],[1,203886,204108,-1,0,"scaffold173","GLEAN","CDS"]],"mRNA"],[0,209827,214007,-1,"lamu_GLEAN_10001446",0.994915,"scaffold173","GLEAN",[[1,213920,214007,-1,0,"scaffold173","GLEAN","CDS"],[1,213649,213756,-1,0,"scaffold173","GLEAN","CDS"],[1,212413,213085,-1,1,"scaffold173","GLEAN","CDS"],[1,211167,211459,-1,1,"scaffold173","GLEAN","CDS"],[1,210706,210784,-1,0,"scaffold173","GLEAN","CDS"],[1,209827,209881,-1,0,"scaffold173","GLEAN","CDS"]],"mRNA"],[0,268614,273288,1,"lamu_GLEAN_10001447",0.998425,"scaffold173","GLEAN",[[1,268614,268740,1,0,"scaffold173","GLEAN","CDS"],[1,269499,269715,1,0,"scaffold173","GLEAN","CDS"],[1,270916,270994,1,0,"scaffold173","GLEAN","CDS"],[1,271735,271960,1,0,"scaffold173","GLEAN","CDS"],[1,272104,272203,1,0,"scaffold173","GLEAN","CDS"],[1,272353,272412,1,0,"scaffold173","GLEAN","CDS"],[1,272833,272984,1,1,"scaffold173","GLEAN","CDS"],[1,273087,273288,1,0,"scaffold173","GLEAN","CDS"]],"mRNA"],[0,274667,275714,-1,"lamu_GLEAN_10001448",0.982721,"scaffold173","GLEAN",[[1,275705,275714,-1,0,"scaffold173","GLEAN","CDS"],[1,274667,275453,-1,0,"scaffold173","GLEAN","CDS"]],"mRNA"]],"urlTemplate":"lf-{Chunk}.json"}}