{"featureCount":8,"formatVersion":1,"histograms":{"meta":[{"arrayParams":{"chunkSize":10000,"length":3,"urlTemplate":"hist-50000-{Chunk}.json"},"basesPerBin":"50000"}],"stats":[{"basesPerBin":"50000","max":3,"mean":2.66666666666667}]},"intervals":{"classes":[{"attributes":["Start","End","Strand","Id","Score","Seq_id","Source","Subfeatures","Type"],"isArrayAttr":{"Subfeatures":1}},{"attributes":["Start","End","Strand","Phase","Seq_id","Source","Type"],"isArrayAttr":{}},{"attributes":["Start","End","Chunk"],"isArrayAttr":{"Sublist":1}}],"count":8,"lazyClass":2,"maxEnd":127704,"minStart":10750,"nclist":[[0,10750,12935,1,"lamu_GLEAN_10000905",0.999791,"scaffold250","GLEAN",[[1,10750,10939,1,0,"scaffold250","GLEAN","CDS"],[1,11042,11232,1,0,"scaffold250","GLEAN","CDS"],[1,11509,11697,1,2,"scaffold250","GLEAN","CDS"],[1,12002,12935,1,0,"scaffold250","GLEAN","CDS"]],"mRNA"],[0,29353,37303,-1,"lamu_GLEAN_10000906",0.25875,"scaffold250","GLEAN",[[1,37028,37303,-1,0,"scaffold250","GLEAN","CDS"],[1,36524,36657,-1,1,"scaffold250","GLEAN","CDS"],[1,35652,35686,-1,0,"scaffold250","GLEAN","CDS"],[1,35138,35208,-1,2,"scaffold250","GLEAN","CDS"],[1,34989,35035,-1,1,"scaffold250","GLEAN","CDS"],[1,34120,34333,-1,0,"scaffold250","GLEAN","CDS"],[1,33473,33977,-1,0,"scaffold250","GLEAN","CDS"],[1,33248,33383,-1,0,"scaffold250","GLEAN","CDS"],[1,32925,33141,-1,0,"scaffold250","GLEAN","CDS"],[1,32380,32661,-1,0,"scaffold250","GLEAN","CDS"],[1,32172,32261,-1,1,"scaffold250","GLEAN","CDS"],[1,31324,31365,-1,2,"scaffold250","GLEAN","CDS"],[1,31183,31214,-1,0,"scaffold250","GLEAN","CDS"],[1,30964,31087,-1,2,"scaffold250","GLEAN","CDS"],[1,30653,30871,-1,2,"scaffold250","GLEAN","CDS"],[1,30466,30562,-1,0,"scaffold250","GLEAN","CDS"],[1,30266,30379,-1,0,"scaffold250","GLEAN","CDS"],[1,29886,30022,-1,1,"scaffold250","GLEAN","CDS"],[1,29672,29777,-1,0,"scaffold250","GLEAN","CDS"],[1,29353,29554,-1,0,"scaffold250","GLEAN","CDS"]],"mRNA"],[0,45974,48134,1,"lamu_GLEAN_10000907",0.999997,"scaffold250","GLEAN",[[1,45974,46121,1,0,"scaffold250","GLEAN","CDS"],[1,46274,46412,1,0,"scaffold250","GLEAN","CDS"],[1,46754,46952,1,0,"scaffold250","GLEAN","CDS"],[1,47396,47536,1,0,"scaffold250","GLEAN","CDS"],[1,47611,47825,1,1,"scaffold250","GLEAN","CDS"],[1,47903,48134,1,0,"scaffold250","GLEAN","CDS"]],"mRNA"],[0,58831,60514,1,"lamu_GLEAN_10000908",0.998792,"scaffold250","GLEAN",[[1,58831,58930,1,0,"scaffold250","GLEAN","CDS"],[1,59152,60514,1,0,"scaffold250","GLEAN","CDS"]],"mRNA"],[0,63233,65582,1,"lamu_GLEAN_10000909",1,"scaffold250","GLEAN",[[1,63233,63341,1,0,"scaffold250","GLEAN","CDS"],[1,63435,63648,1,0,"scaffold250","GLEAN","CDS"],[1,63771,63930,1,0,"scaffold250","GLEAN","CDS"],[1,65411,65582,1,0,"scaffold250","GLEAN","CDS"]],"mRNA"],[0,67059,74054,-1,"lamu_GLEAN_10000910",0.999902,"scaffold250","GLEAN",[[1,73958,74054,-1,0,"scaffold250","GLEAN","CDS"],[1,70165,70368,-1,0,"scaffold250","GLEAN","CDS"],[1,67059,67396,-1,1,"scaffold250","GLEAN","CDS"]],"mRNA"],[0,105351,106404,-1,"lamu_GLEAN_10000911",0.886707,"scaffold250","GLEAN",[[1,106195,106404,-1,0,"scaffold250","GLEAN","CDS"],[1,105432,105674,-1,1,"scaffold250","GLEAN","CDS"],[1,105351,105359,-1,2,"scaffold250","GLEAN","CDS"]],"mRNA"],[0,124551,127704,-1,"lamu_GLEAN_10000912",0.583778,"scaffold250","GLEAN",[[1,127635,127704,-1,0,"scaffold250","GLEAN","CDS"],[1,127267,127387,-1,0,"scaffold250","GLEAN","CDS"],[1,124551,124743,-1,0,"scaffold250","GLEAN","CDS"]],"mRNA"]],"urlTemplate":"lf-{Chunk}.json"}}