{"featureCount":10,"formatVersion":1,"histograms":{"meta":[{"arrayParams":{"chunkSize":10000,"length":3,"urlTemplate":"hist-100000-{Chunk}.json"},"basesPerBin":"100000"}],"stats":[{"basesPerBin":"100000","max":4,"mean":3.66666666666667}]},"intervals":{"classes":[{"attributes":["Start","End","Strand","Id","Score","Seq_id","Source","Subfeatures","Type"],"isArrayAttr":{"Subfeatures":1}},{"attributes":["Start","End","Strand","Phase","Seq_id","Source","Type"],"isArrayAttr":{}},{"attributes":["Start","End","Chunk"],"isArrayAttr":{"Sublist":1}}],"count":10,"lazyClass":2,"maxEnd":267558,"minStart":84239,"nclist":[[0,84239,84607,-1,"lamu_GLEAN_10001550",0.988553,"scaffold161","GLEAN",[[1,84474,84607,-1,0,"scaffold161","GLEAN","CDS"],[1,84239,84373,-1,2,"scaffold161","GLEAN","CDS"]],"mRNA"],[0,89657,90928,1,"lamu_GLEAN_10001551",0.783937,"scaffold161","GLEAN",[[1,89657,89719,1,0,"scaffold161","GLEAN","CDS"],[1,90467,90567,1,1,"scaffold161","GLEAN","CDS"],[1,90829,90928,1,0,"scaffold161","GLEAN","CDS"]],"mRNA"],[0,93755,94178,1,"lamu_GLEAN_10001552",0.777986,"scaffold161","GLEAN",[[1,93755,93866,1,0,"scaffold161","GLEAN","CDS"],[1,93989,94178,1,0,"scaffold161","GLEAN","CDS"]],"mRNA"],[0,99530,106898,1,"lamu_GLEAN_10001553",0.99772,"scaffold161","GLEAN",[[1,99530,99569,1,0,"scaffold161","GLEAN","CDS"],[1,99706,99812,1,0,"scaffold161","GLEAN","CDS"],[1,101407,101949,1,2,"scaffold161","GLEAN","CDS"],[1,102061,102157,1,0,"scaffold161","GLEAN","CDS"],[1,102258,103221,1,0,"scaffold161","GLEAN","CDS"],[1,103564,103689,1,0,"scaffold161","GLEAN","CDS"],[1,104356,104486,1,1,"scaffold161","GLEAN","CDS"],[1,104562,104619,1,0,"scaffold161","GLEAN","CDS"],[1,104695,104836,1,0,"scaffold161","GLEAN","CDS"],[1,105109,105175,1,0,"scaffold161","GLEAN","CDS"],[1,105269,105534,1,0,"scaffold161","GLEAN","CDS"],[1,106725,106898,1,2,"scaffold161","GLEAN","CDS"]],"mRNA"],[0,107673,112864,1,"lamu_GLEAN_10001554",0.999819,"scaffold161","GLEAN",[[1,107673,107759,1,0,"scaffold161","GLEAN","CDS"],[1,108000,108130,1,1,"scaffold161","GLEAN","CDS"],[1,108340,108535,1,0,"scaffold161","GLEAN","CDS"],[1,109224,109382,1,0,"scaffold161","GLEAN","CDS"],[1,110365,110456,1,1,"scaffold161","GLEAN","CDS"],[1,110549,110615,1,0,"scaffold161","GLEAN","CDS"],[1,111540,111623,1,0,"scaffold161","GLEAN","CDS"],[1,111965,112029,1,1,"scaffold161","GLEAN","CDS"],[1,112130,112199,1,0,"scaffold161","GLEAN","CDS"],[1,112804,112864,1,0,"scaffold161","GLEAN","CDS"]],"mRNA"],[0,125098,125732,-1,"lamu_GLEAN_10001555",0.396616,"scaffold161","GLEAN",[[1,125606,125732,-1,0,"scaffold161","GLEAN","CDS"],[1,125405,125513,-1,0,"scaffold161","GLEAN","CDS"],[1,125098,125230,-1,0,"scaffold161","GLEAN","CDS"]],"mRNA"],[0,174128,185155,1,"lamu_GLEAN_10001556",0.997561,"scaffold161","GLEAN",[[1,174128,174473,1,0,"scaffold161","GLEAN","CDS"],[1,175603,175734,1,0,"scaffold161","GLEAN","CDS"],[1,175881,175999,1,1,"scaffold161","GLEAN","CDS"],[1,177241,177294,1,0,"scaffold161","GLEAN","CDS"],[1,179722,179772,1,1,"scaffold161","GLEAN","CDS"],[1,179875,179974,1,2,"scaffold161","GLEAN","CDS"],[1,181073,181183,1,2,"scaffold161","GLEAN","CDS"],[1,181304,181432,1,0,"scaffold161","GLEAN","CDS"],[1,181965,182032,1,1,"scaffold161","GLEAN","CDS"],[1,182165,182249,1,0,"scaffold161","GLEAN","CDS"],[1,183223,183286,1,0,"scaffold161","GLEAN","CDS"],[1,183414,183559,1,0,"scaffold161","GLEAN","CDS"],[1,184526,184694,1,2,"scaffold161","GLEAN","CDS"],[1,184868,184966,1,2,"scaffold161","GLEAN","CDS"],[1,185044,185155,1,0,"scaffold161","GLEAN","CDS"]],"mRNA"],[0,201407,214466,1,"lamu_GLEAN_10001557",0.899095,"scaffold161","GLEAN",[[1,201407,201614,1,0,"scaffold161","GLEAN","CDS"],[1,203151,203255,1,0,"scaffold161","GLEAN","CDS"],[1,203705,204076,1,1,"scaffold161","GLEAN","CDS"],[1,207100,207408,1,2,"scaffold161","GLEAN","CDS"],[1,214160,214466,1,0,"scaffold161","GLEAN","CDS"]],"mRNA"],[0,212766,217545,-1,"lamu_GLEAN_10001558",0.999996,"scaffold161","GLEAN",[[1,217424,217545,-1,0,"scaffold161","GLEAN","CDS"],[1,216706,216934,-1,2,"scaffold161","GLEAN","CDS"],[1,215541,215946,-1,2,"scaffold161","GLEAN","CDS"],[1,212766,213335,-1,2,"scaffold161","GLEAN","CDS"]],"mRNA"],[0,266823,267558,1,"lamu_GLEAN_10001559",0.997786,"scaffold161","GLEAN",[[1,266823,267272,1,0,"scaffold161","GLEAN","CDS"],[1,267494,267558,1,1,"scaffold161","GLEAN","CDS"]],"mRNA"]],"urlTemplate":"lf-{Chunk}.json"}}