{"featureCount":20,"formatVersion":1,"histograms":{"meta":[{"arrayParams":{"chunkSize":10000,"length":8,"urlTemplate":"hist-50000-{Chunk}.json"},"basesPerBin":"50000"}],"stats":[{"basesPerBin":"50000","max":5,"mean":2.625}]},"intervals":{"classes":[{"attributes":["Start","End","Strand","Id","Score","Seq_id","Source","Subfeatures","Type"],"isArrayAttr":{"Subfeatures":1}},{"attributes":["Start","End","Strand","Phase","Seq_id","Source","Type"],"isArrayAttr":{}},{"attributes":["Start","End","Chunk"],"isArrayAttr":{"Sublist":1}}],"count":20,"lazyClass":2,"maxEnd":350481,"minStart":22080,"nclist":[[0,22080,22545,1,"lamu_GLEAN_10001884",0.781894,"scaffold145","GLEAN",[[1,22080,22545,1,0,"scaffold145","GLEAN","CDS"]],"mRNA"],[0,26512,26914,1,"lamu_GLEAN_10001885",0.828313,"scaffold145","GLEAN",[[1,26512,26914,1,0,"scaffold145","GLEAN","CDS"]],"mRNA"],[0,27210,33727,1,"lamu_GLEAN_10001886",0.532286,"scaffold145","GLEAN",[[1,27210,27590,1,0,"scaffold145","GLEAN","CDS"],[1,33504,33727,1,1,"scaffold145","GLEAN","CDS"]],"mRNA"],[0,47992,48474,1,"lamu_GLEAN_10001887",0.638459,"scaffold145","GLEAN",[[1,47992,48161,1,0,"scaffold145","GLEAN","CDS"],[1,48403,48474,1,2,"scaffold145","GLEAN","CDS"]],"mRNA"],[0,48968,49474,1,"lamu_GLEAN_10001888",0.486186,"scaffold145","GLEAN",[[1,48968,49097,1,0,"scaffold145","GLEAN","CDS"],[1,49303,49474,1,0,"scaffold145","GLEAN","CDS"]],"mRNA"],[0,58762,59257,-1,"lamu_GLEAN_10001889",0.999989,"scaffold145","GLEAN",[[1,58762,59257,-1,0,"scaffold145","GLEAN","CDS"]],"mRNA"],[0,100713,101551,1,"lamu_GLEAN_10001890",0.733182,"scaffold145","GLEAN",[[1,100713,101232,1,0,"scaffold145","GLEAN","CDS"],[1,101317,101551,1,0,"scaffold145","GLEAN","CDS"]],"mRNA"],[0,106438,106900,1,"lamu_GLEAN_10001891",0.999991,"scaffold145","GLEAN",[[1,106438,106900,1,0,"scaffold145","GLEAN","CDS"]],"mRNA"],[0,126282,126780,1,"lamu_GLEAN_10001892",0.888387,"scaffold145","GLEAN",[[1,126282,126780,1,0,"scaffold145","GLEAN","CDS"]],"mRNA"],[0,167736,168117,1,"lamu_GLEAN_10001893",0.953862,"scaffold145","GLEAN",[[1,167736,168117,1,0,"scaffold145","GLEAN","CDS"]],"mRNA"],[0,168775,169078,1,"lamu_GLEAN_10001894",0.498403,"scaffold145","GLEAN",[[1,168775,169078,1,0,"scaffold145","GLEAN","CDS"]],"mRNA"],[0,169595,170120,-1,"lamu_GLEAN_10001895",0.920701,"scaffold145","GLEAN",[[1,169595,170120,-1,0,"scaffold145","GLEAN","CDS"]],"mRNA"],[0,172594,173477,-1,"lamu_GLEAN_10001896",0.91725,"scaffold145","GLEAN",[[1,173000,173477,-1,0,"scaffold145","GLEAN","CDS"],[1,172594,172846,-1,0,"scaffold145","GLEAN","CDS"]],"mRNA"],[0,184535,184976,1,"lamu_GLEAN_10001897",0.717405,"scaffold145","GLEAN",[[1,184535,184976,1,0,"scaffold145","GLEAN","CDS"]],"mRNA"],[0,260934,261504,1,"lamu_GLEAN_10001898",0.999965,"scaffold145","GLEAN",[[1,260934,261035,1,0,"scaffold145","GLEAN","CDS"],[1,261194,261504,1,1,"scaffold145","GLEAN","CDS"]],"mRNA"],[0,263874,264225,1,"lamu_GLEAN_10001899",0.674934,"scaffold145","GLEAN",[[1,263874,264225,1,0,"scaffold145","GLEAN","CDS"]],"mRNA"],[0,264717,265032,-1,"lamu_GLEAN_10001900",0.855202,"scaffold145","GLEAN",[[1,264717,265032,-1,0,"scaffold145","GLEAN","CDS"]],"mRNA"],[0,270957,271440,1,"lamu_GLEAN_10001901",0.653053,"scaffold145","GLEAN",[[1,270957,271066,1,0,"scaffold145","GLEAN","CDS"],[1,271195,271440,1,2,"scaffold145","GLEAN","CDS"]],"mRNA"],[0,303452,304139,-1,"lamu_GLEAN_10001902",0.977138,"scaffold145","GLEAN",[[1,303452,304139,-1,0,"scaffold145","GLEAN","CDS"]],"mRNA"],[0,349544,350481,-1,"lamu_GLEAN_10001903",0.99532,"scaffold145","GLEAN",[[1,350399,350481,-1,0,"scaffold145","GLEAN","CDS"],[1,350215,350292,-1,2,"scaffold145","GLEAN","CDS"],[1,349544,349637,-1,0,"scaffold145","GLEAN","CDS"]],"mRNA"]],"urlTemplate":"lf-{Chunk}.json"}}