{"featureCount":7,"formatVersion":1,"histograms":{"meta":[{"arrayParams":{"chunkSize":10000,"length":3,"urlTemplate":"hist-200000-{Chunk}.json"},"basesPerBin":"200000"}],"stats":[{"basesPerBin":"200000","max":3,"mean":2.33333333333333}]},"intervals":{"classes":[{"attributes":["Start","End","Strand","Id","Score","Seq_id","Source","Subfeatures","Type"],"isArrayAttr":{"Subfeatures":1}},{"attributes":["Start","End","Strand","Phase","Seq_id","Source","Type"],"isArrayAttr":{}},{"attributes":["Start","End","Chunk"],"isArrayAttr":{"Sublist":1}}],"count":7,"lazyClass":2,"maxEnd":448724,"minStart":11947,"nclist":[[0,11947,13387,1,"lamu_GLEAN_10004486",0.691727,"scaffold71","GLEAN",[[1,11947,12043,1,0,"scaffold71","GLEAN","CDS"],[1,12125,12353,1,0,"scaffold71","GLEAN","CDS"],[1,12430,12511,1,0,"scaffold71","GLEAN","CDS"],[1,12589,13387,1,0,"scaffold71","GLEAN","CDS"]],"mRNA"],[0,32997,34569,-1,"lamu_GLEAN_10004487",0.530776,"scaffold71","GLEAN",[[1,34353,34569,-1,0,"scaffold71","GLEAN","CDS"],[1,34030,34246,-1,0,"scaffold71","GLEAN","CDS"],[1,32997,33183,-1,0,"scaffold71","GLEAN","CDS"]],"mRNA"],[0,47743,49490,-1,"lamu_GLEAN_10004488",0.999927,"scaffold71","GLEAN",[[1,49402,49490,-1,0,"scaffold71","GLEAN","CDS"],[1,48919,49179,-1,2,"scaffold71","GLEAN","CDS"],[1,48583,48802,-1,0,"scaffold71","GLEAN","CDS"],[1,47743,47932,-1,0,"scaffold71","GLEAN","CDS"]],"mRNA"],[0,289006,291570,-1,"lamu_GLEAN_10004489",0.413528,"scaffold71","GLEAN",[[1,291555,291570,-1,0,"scaffold71","GLEAN","CDS"],[1,291266,291482,-1,0,"scaffold71","GLEAN","CDS"],[1,290884,290950,-1,0,"scaffold71","GLEAN","CDS"],[1,290296,290800,-1,0,"scaffold71","GLEAN","CDS"],[1,289006,289015,-1,0,"scaffold71","GLEAN","CDS"]],"mRNA"],[0,383690,384191,1,"lamu_GLEAN_10004490",1,"scaffold71","GLEAN",[[1,383690,383858,1,0,"scaffold71","GLEAN","CDS"],[1,384116,384191,1,0,"scaffold71","GLEAN","CDS"]],"mRNA"],[0,387692,389000,1,"lamu_GLEAN_10004491",1,"scaffold71","GLEAN",[[1,387692,389000,1,0,"scaffold71","GLEAN","CDS"]],"mRNA"],[0,447954,448724,-1,"lamu_GLEAN_10004492",1,"scaffold71","GLEAN",[[1,448512,448724,-1,0,"scaffold71","GLEAN","CDS"],[1,447954,448177,-1,1,"scaffold71","GLEAN","CDS"]],"mRNA"]],"urlTemplate":"lf-{Chunk}.json"}}