{"featureCount":14,"formatVersion":1,"histograms":{"meta":[{"arrayParams":{"chunkSize":10000,"length":4,"urlTemplate":"hist-100000-{Chunk}.json"},"basesPerBin":"100000"}],"stats":[{"basesPerBin":"100000","max":7,"mean":3.5}]},"intervals":{"classes":[{"attributes":["Start","End","Strand","Id","Score","Seq_id","Source","Subfeatures","Type"],"isArrayAttr":{"Subfeatures":1}},{"attributes":["Start","End","Strand","Phase","Seq_id","Source","Type"],"isArrayAttr":{}},{"attributes":["Start","End","Chunk"],"isArrayAttr":{"Sublist":1}}],"count":14,"lazyClass":2,"maxEnd":314962,"minStart":4507,"nclist":[[0,4507,6751,-1,"lamu_GLEAN_10001630",0.353725,"scaffold156","GLEAN",[[1,6668,6751,-1,0,"scaffold156","GLEAN","CDS"],[1,6413,6477,-1,1,"scaffold156","GLEAN","CDS"],[1,6165,6228,-1,0,"scaffold156","GLEAN","CDS"],[1,5823,6084,-1,0,"scaffold156","GLEAN","CDS"],[1,4507,4603,-1,0,"scaffold156","GLEAN","CDS"]],"mRNA"],[0,61795,78087,1,"lamu_GLEAN_10001631",0.281954,"scaffold156","GLEAN",[[1,61795,61954,1,0,"scaffold156","GLEAN","CDS"],[1,62664,62704,1,0,"scaffold156","GLEAN","CDS"],[1,63829,63949,1,2,"scaffold156","GLEAN","CDS"],[1,64086,64166,1,2,"scaffold156","GLEAN","CDS"],[1,65022,65092,1,0,"scaffold156","GLEAN","CDS"],[1,65353,65424,1,2,"scaffold156","GLEAN","CDS"],[1,65671,65749,1,0,"scaffold156","GLEAN","CDS"],[1,65850,65925,1,0,"scaffold156","GLEAN","CDS"],[1,67884,67968,1,0,"scaffold156","GLEAN","CDS"],[1,68045,68128,1,0,"scaffold156","GLEAN","CDS"],[1,68290,68399,1,1,"scaffold156","GLEAN","CDS"],[1,68486,68542,1,0,"scaffold156","GLEAN","CDS"],[1,68823,68866,1,1,"scaffold156","GLEAN","CDS"],[1,68933,69056,1,0,"scaffold156","GLEAN","CDS"],[1,69347,69485,1,0,"scaffold156","GLEAN","CDS"],[1,69585,69651,1,0,"scaffold156","GLEAN","CDS"],[1,69739,69838,1,0,"scaffold156","GLEAN","CDS"],[1,70077,70188,1,0,"scaffold156","GLEAN","CDS"],[1,70472,70643,1,0,"scaffold156","GLEAN","CDS"],[1,71288,71348,1,0,"scaffold156","GLEAN","CDS"],[1,72571,72736,1,0,"scaffold156","GLEAN","CDS"],[1,72852,72969,1,0,"scaffold156","GLEAN","CDS"],[1,74050,74188,1,0,"scaffold156","GLEAN","CDS"],[1,74302,74403,1,0,"scaffold156","GLEAN","CDS"],[1,75165,75211,1,1,"scaffold156","GLEAN","CDS"],[1,75523,75658,1,0,"scaffold156","GLEAN","CDS"],[1,76462,76570,1,0,"scaffold156","GLEAN","CDS"],[1,76652,76744,1,0,"scaffold156","GLEAN","CDS"],[1,76832,76918,1,1,"scaffold156","GLEAN","CDS"],[1,78037,78087,1,2,"scaffold156","GLEAN","CDS"]],"mRNA"],[0,86938,92525,-1,"lamu_GLEAN_10001632",0.593215,"scaffold156","GLEAN",[[1,92194,92525,-1,0,"scaffold156","GLEAN","CDS"],[1,92038,92084,-1,2,"scaffold156","GLEAN","CDS"],[1,91667,91803,-1,1,"scaffold156","GLEAN","CDS"],[1,89676,89751,-1,0,"scaffold156","GLEAN","CDS"],[1,89365,89578,-1,0,"scaffold156","GLEAN","CDS"],[1,89092,89188,-1,0,"scaffold156","GLEAN","CDS"],[1,88762,88884,-1,0,"scaffold156","GLEAN","CDS"],[1,88588,88682,-1,1,"scaffold156","GLEAN","CDS"],[1,86938,87133,-1,0,"scaffold156","GLEAN","CDS"]],"mRNA"],[0,110849,113992,1,"lamu_GLEAN_10001633",0.998426,"scaffold156","GLEAN",[[1,110849,111044,1,0,"scaffold156","GLEAN","CDS"],[1,111890,112060,1,0,"scaffold156","GLEAN","CDS"],[1,113313,113992,1,1,"scaffold156","GLEAN","CDS"]],"mRNA"],[0,128792,129460,-1,"lamu_GLEAN_10001634",0.995964,"scaffold156","GLEAN",[[1,129015,129460,-1,0,"scaffold156","GLEAN","CDS"],[1,128792,128857,-1,2,"scaffold156","GLEAN","CDS"]],"mRNA"],[0,136007,137654,1,"lamu_GLEAN_10001635",0.64651,"scaffold156","GLEAN",[[1,136007,136098,1,0,"scaffold156","GLEAN","CDS"],[1,136168,136320,1,2,"scaffold156","GLEAN","CDS"],[1,136413,136613,1,0,"scaffold156","GLEAN","CDS"],[1,136687,136781,1,1,"scaffold156","GLEAN","CDS"],[1,136856,137023,1,0,"scaffold156","GLEAN","CDS"],[1,137114,137285,1,1,"scaffold156","GLEAN","CDS"],[1,137389,137654,1,1,"scaffold156","GLEAN","CDS"]],"mRNA"],[0,142111,142700,1,"lamu_GLEAN_10001636",0.892751,"scaffold156","GLEAN",[[1,142111,142199,1,0,"scaffold156","GLEAN","CDS"],[1,142596,142700,1,2,"scaffold156","GLEAN","CDS"]],"mRNA"],[0,149113,152955,1,"lamu_GLEAN_10001637",0.933737,"scaffold156","GLEAN",[[1,149113,149131,1,0,"scaffold156","GLEAN","CDS"],[1,149229,149396,1,0,"scaffold156","GLEAN","CDS"],[1,149500,149671,1,1,"scaffold156","GLEAN","CDS"],[1,152053,152116,1,1,"scaffold156","GLEAN","CDS"],[1,152690,152955,1,1,"scaffold156","GLEAN","CDS"]],"mRNA"],[0,162622,165287,-1,"lamu_GLEAN_10001638",0.998792,"scaffold156","GLEAN",[[1,164023,165287,-1,0,"scaffold156","GLEAN","CDS"],[1,163609,163892,-1,2,"scaffold156","GLEAN","CDS"],[1,163254,163340,-1,1,"scaffold156","GLEAN","CDS"],[1,162983,163141,-1,2,"scaffold156","GLEAN","CDS"],[1,162786,162863,-1,0,"scaffold156","GLEAN","CDS"],[1,162622,162689,-1,1,"scaffold156","GLEAN","CDS"]],"mRNA"],[0,191741,198002,1,"lamu_GLEAN_10001639",0.321432,"scaffold156","GLEAN",[[1,191741,192361,1,0,"scaffold156","GLEAN","CDS"],[1,195622,195815,1,1,"scaffold156","GLEAN","CDS"],[1,196373,196551,1,0,"scaffold156","GLEAN","CDS"],[1,196964,197055,1,2,"scaffold156","GLEAN","CDS"],[1,197144,197303,1,1,"scaffold156","GLEAN","CDS"],[1,197668,198002,1,1,"scaffold156","GLEAN","CDS"]],"mRNA"],[0,231254,237517,-1,"lamu_GLEAN_10001640",0.991665,"scaffold156","GLEAN",[[1,237248,237517,-1,0,"scaffold156","GLEAN","CDS"],[1,236914,237148,-1,1,"scaffold156","GLEAN","CDS"],[1,234218,235466,-1,1,"scaffold156","GLEAN","CDS"],[1,231254,231858,-1,1,"scaffold156","GLEAN","CDS"]],"mRNA"],[0,259888,260580,-1,"lamu_GLEAN_10001641",0.849577,"scaffold156","GLEAN",[[1,260390,260580,-1,0,"scaffold156","GLEAN","CDS"],[1,259888,260010,-1,2,"scaffold156","GLEAN","CDS"]],"mRNA"],[0,268411,270111,1,"lamu_GLEAN_10001642",0.996385,"scaffold156","GLEAN",[[1,268411,268728,1,0,"scaffold156","GLEAN","CDS"],[1,268949,270111,1,1,"scaffold156","GLEAN","CDS"]],"mRNA"],[0,313491,314962,1,"lamu_GLEAN_10001643",0.999929,"scaffold156","GLEAN",[[1,313491,313623,1,0,"scaffold156","GLEAN","CDS"],[1,313733,313776,1,0,"scaffold156","GLEAN","CDS"],[1,313871,313997,1,2,"scaffold156","GLEAN","CDS"],[1,314786,314962,1,2,"scaffold156","GLEAN","CDS"]],"mRNA"]],"urlTemplate":"lf-{Chunk}.json"}}