{"featureCount":8,"formatVersion":1,"histograms":{"meta":[{"arrayParams":{"chunkSize":10000,"length":2,"urlTemplate":"hist-100000-{Chunk}.json"},"basesPerBin":"100000"}],"stats":[{"basesPerBin":"100000","max":6,"mean":4}]},"intervals":{"classes":[{"attributes":["Start","End","Strand","Id","Score","Seq_id","Source","Subfeatures","Type"],"isArrayAttr":{"Subfeatures":1}},{"attributes":["Start","End","Strand","Phase","Seq_id","Source","Type"],"isArrayAttr":{}},{"attributes":["Start","End","Chunk"],"isArrayAttr":{"Sublist":1}}],"count":8,"lazyClass":2,"maxEnd":172285,"minStart":59145,"nclist":[[0,59145,65779,1,"lamu_GLEAN_10001175",1,"scaffold206","GLEAN",[[1,59145,59694,1,0,"scaffold206","GLEAN","CDS"],[1,60308,60446,1,0,"scaffold206","GLEAN","CDS"],[1,60810,60984,1,0,"scaffold206","GLEAN","CDS"],[1,61264,61426,1,0,"scaffold206","GLEAN","CDS"],[1,62487,62721,1,0,"scaffold206","GLEAN","CDS"],[1,62800,62947,1,0,"scaffold206","GLEAN","CDS"],[1,63093,63186,1,0,"scaffold206","GLEAN","CDS"],[1,63548,63644,1,0,"scaffold206","GLEAN","CDS"],[1,63960,64089,1,0,"scaffold206","GLEAN","CDS"],[1,64194,64272,1,0,"scaffold206","GLEAN","CDS"],[1,64363,64522,1,0,"scaffold206","GLEAN","CDS"],[1,64606,64754,1,0,"scaffold206","GLEAN","CDS"],[1,64853,64936,1,2,"scaffold206","GLEAN","CDS"],[1,65566,65779,1,0,"scaffold206","GLEAN","CDS"]],"mRNA"],[0,66487,70474,-1,"lamu_GLEAN_10001176",0.518912,"scaffold206","GLEAN",[[1,70462,70474,-1,0,"scaffold206","GLEAN","CDS"],[1,69742,69901,-1,0,"scaffold206","GLEAN","CDS"],[1,68844,68958,-1,0,"scaffold206","GLEAN","CDS"],[1,68220,68378,-1,0,"scaffold206","GLEAN","CDS"],[1,67708,67808,-1,1,"scaffold206","GLEAN","CDS"],[1,67394,67604,-1,0,"scaffold206","GLEAN","CDS"],[1,67170,67313,-1,0,"scaffold206","GLEAN","CDS"],[1,66744,66891,-1,1,"scaffold206","GLEAN","CDS"],[1,66487,66662,-1,1,"scaffold206","GLEAN","CDS"]],"mRNA"],[0,114079,114525,1,"lamu_GLEAN_10001177",0.693935,"scaffold206","GLEAN",[[1,114079,114397,1,0,"scaffold206","GLEAN","CDS"],[1,114495,114525,1,0,"scaffold206","GLEAN","CDS"]],"mRNA"],[0,127870,128170,-1,"lamu_GLEAN_10001178",0.531292,"scaffold206","GLEAN",[[1,127870,128170,-1,0,"scaffold206","GLEAN","CDS"]],"mRNA"],[0,128376,129703,-1,"lamu_GLEAN_10001179",0.530242,"scaffold206","GLEAN",[[1,129644,129703,-1,0,"scaffold206","GLEAN","CDS"],[1,128766,128881,-1,1,"scaffold206","GLEAN","CDS"],[1,128376,128649,-1,0,"scaffold206","GLEAN","CDS"]],"mRNA"],[0,158451,160196,-1,"lamu_GLEAN_10001180",0.99993,"scaffold206","GLEAN",[[1,159824,160196,-1,0,"scaffold206","GLEAN","CDS"],[1,159214,159704,-1,0,"scaffold206","GLEAN","CDS"],[1,158451,158645,-1,2,"scaffold206","GLEAN","CDS"]],"mRNA"],[0,163829,165482,-1,"lamu_GLEAN_10001181",0.998819,"scaffold206","GLEAN",[[1,165113,165482,-1,0,"scaffold206","GLEAN","CDS"],[1,164522,165012,-1,0,"scaffold206","GLEAN","CDS"],[1,163829,164023,-1,2,"scaffold206","GLEAN","CDS"]],"mRNA"],[0,168732,172285,1,"lamu_GLEAN_10001182",1,"scaffold206","GLEAN",[[1,168732,168866,1,0,"scaffold206","GLEAN","CDS"],[1,169002,169102,1,1,"scaffold206","GLEAN","CDS"],[1,169235,169341,1,0,"scaffold206","GLEAN","CDS"],[1,169446,169670,1,2,"scaffold206","GLEAN","CDS"],[1,169982,170061,1,0,"scaffold206","GLEAN","CDS"],[1,170581,170820,1,2,"scaffold206","GLEAN","CDS"],[1,171636,171863,1,0,"scaffold206","GLEAN","CDS"],[1,172098,172285,1,1,"scaffold206","GLEAN","CDS"]],"mRNA"]],"urlTemplate":"lf-{Chunk}.json"}}