{"featureCount":14,"formatVersion":1,"histograms":{"meta":[{"arrayParams":{"chunkSize":10000,"length":4,"urlTemplate":"hist-100000-{Chunk}.json"},"basesPerBin":"100000"}],"stats":[{"basesPerBin":"100000","max":5,"mean":3.5}]},"intervals":{"classes":[{"attributes":["Start","End","Strand","Id","Score","Seq_id","Source","Subfeatures","Type"],"isArrayAttr":{"Subfeatures":1}},{"attributes":["Start","End","Strand","Phase","Seq_id","Source","Type"],"isArrayAttr":{}},{"attributes":["Start","End","Chunk"],"isArrayAttr":{"Sublist":1}}],"count":14,"lazyClass":2,"maxEnd":306098,"minStart":34562,"nclist":[[0,34562,36650,-1,"lamu_GLEAN_10001563",0.631261,"scaffold195","GLEAN",[[1,36407,36650,-1,0,"scaffold195","GLEAN","CDS"],[1,35493,35673,-1,0,"scaffold195","GLEAN","CDS"],[1,34562,35192,-1,0,"scaffold195","GLEAN","CDS"]],"mRNA"],[0,52917,53523,-1,"lamu_GLEAN_10001564",1,"scaffold195","GLEAN",[[1,52917,53523,-1,0,"scaffold195","GLEAN","CDS"]],"mRNA"],[0,62984,64445,-1,"lamu_GLEAN_10001565",1,"scaffold195","GLEAN",[[1,62984,64445,-1,0,"scaffold195","GLEAN","CDS"]],"mRNA"],[0,84112,85940,1,"lamu_GLEAN_10001566",0.996983,"scaffold195","GLEAN",[[1,84112,84217,1,0,"scaffold195","GLEAN","CDS"],[1,84760,84871,1,0,"scaffold195","GLEAN","CDS"],[1,85706,85940,1,0,"scaffold195","GLEAN","CDS"]],"mRNA"],[0,87848,93441,-1,"lamu_GLEAN_10001567",0.441293,"scaffold195","GLEAN",[[1,93281,93441,-1,0,"scaffold195","GLEAN","CDS"],[1,92225,92326,-1,2,"scaffold195","GLEAN","CDS"],[1,90813,90885,-1,0,"scaffold195","GLEAN","CDS"],[1,90407,90707,-1,0,"scaffold195","GLEAN","CDS"],[1,90048,90326,-1,0,"scaffold195","GLEAN","CDS"],[1,89741,89940,-1,1,"scaffold195","GLEAN","CDS"],[1,88332,88530,-1,0,"scaffold195","GLEAN","CDS"],[1,87848,87932,-1,0,"scaffold195","GLEAN","CDS"]],"mRNA"],[0,136340,137302,1,"lamu_GLEAN_10001568",0.999999,"scaffold195","GLEAN",[[1,136340,136594,1,0,"scaffold195","GLEAN","CDS"],[1,137181,137302,1,1,"scaffold195","GLEAN","CDS"]],"mRNA"],[0,156961,157459,-1,"lamu_GLEAN_10001569",1,"scaffold195","GLEAN",[[1,157204,157459,-1,0,"scaffold195","GLEAN","CDS"],[1,156961,157054,-1,0,"scaffold195","GLEAN","CDS"]],"mRNA"],[0,195781,196661,1,"lamu_GLEAN_10001570",0.776098,"scaffold195","GLEAN",[[1,195781,196006,1,0,"scaffold195","GLEAN","CDS"],[1,196171,196241,1,0,"scaffold195","GLEAN","CDS"],[1,196344,196661,1,2,"scaffold195","GLEAN","CDS"]],"mRNA"],[0,209504,211442,1,"lamu_GLEAN_10001571",0.455416,"scaffold195","GLEAN",[[1,209504,209621,1,0,"scaffold195","GLEAN","CDS"],[1,211373,211442,1,0,"scaffold195","GLEAN","CDS"]],"mRNA"],[0,229629,232398,1,"lamu_GLEAN_10001572",0.977323,"scaffold195","GLEAN",[[1,229629,230418,1,0,"scaffold195","GLEAN","CDS"],[1,230545,230761,1,0,"scaffold195","GLEAN","CDS"],[1,230853,230964,1,0,"scaffold195","GLEAN","CDS"],[1,231211,231409,1,0,"scaffold195","GLEAN","CDS"],[1,231501,231633,1,0,"scaffold195","GLEAN","CDS"],[1,232118,232175,1,0,"scaffold195","GLEAN","CDS"],[1,232269,232398,1,0,"scaffold195","GLEAN","CDS"]],"mRNA"],[0,239526,243987,1,"lamu_GLEAN_10001573",0.59578,"scaffold195","GLEAN",[[1,239526,239790,1,0,"scaffold195","GLEAN","CDS"],[1,240733,240791,1,0,"scaffold195","GLEAN","CDS"],[1,242022,242093,1,2,"scaffold195","GLEAN","CDS"],[1,242336,243377,1,0,"scaffold195","GLEAN","CDS"],[1,243469,243548,1,0,"scaffold195","GLEAN","CDS"],[1,243666,243758,1,2,"scaffold195","GLEAN","CDS"],[1,243873,243987,1,0,"scaffold195","GLEAN","CDS"]],"mRNA"],[0,265220,272013,1,"lamu_GLEAN_10001574",0.515685,"scaffold195","GLEAN",[[1,265220,265323,1,0,"scaffold195","GLEAN","CDS"],[1,266120,266206,1,2,"scaffold195","GLEAN","CDS"],[1,266310,266408,1,0,"scaffold195","GLEAN","CDS"],[1,266483,266601,1,1,"scaffold195","GLEAN","CDS"],[1,267650,267955,1,0,"scaffold195","GLEAN","CDS"],[1,268053,268249,1,1,"scaffold195","GLEAN","CDS"],[1,270050,270320,1,0,"scaffold195","GLEAN","CDS"],[1,271516,271639,1,0,"scaffold195","GLEAN","CDS"],[1,271926,272013,1,0,"scaffold195","GLEAN","CDS"]],"mRNA"],[0,278683,290516,-1,"lamu_GLEAN_10001575",0.995865,"scaffold195","GLEAN",[[1,290344,290516,-1,0,"scaffold195","GLEAN","CDS"],[1,288978,289278,-1,2,"scaffold195","GLEAN","CDS"],[1,288634,288840,-1,2,"scaffold195","GLEAN","CDS"],[1,287263,287369,-1,0,"scaffold195","GLEAN","CDS"],[1,285256,285513,-1,2,"scaffold195","GLEAN","CDS"],[1,284944,285080,-1,0,"scaffold195","GLEAN","CDS"],[1,283626,283721,-1,2,"scaffold195","GLEAN","CDS"],[1,283481,283535,-1,0,"scaffold195","GLEAN","CDS"],[1,282387,282501,-1,0,"scaffold195","GLEAN","CDS"],[1,280880,280979,-1,0,"scaffold195","GLEAN","CDS"],[1,280678,280798,-1,0,"scaffold195","GLEAN","CDS"],[1,278683,278851,-1,0,"scaffold195","GLEAN","CDS"]],"mRNA"],[0,302901,306098,1,"lamu_GLEAN_10001576",0.665835,"scaffold195","GLEAN",[[1,302901,303127,1,0,"scaffold195","GLEAN","CDS"],[1,305772,305891,1,2,"scaffold195","GLEAN","CDS"],[1,306041,306098,1,0,"scaffold195","GLEAN","CDS"]],"mRNA"]],"urlTemplate":"lf-{Chunk}.json"}}