{"featureCount":19,"formatVersion":1,"histograms":{"meta":[{"arrayParams":{"chunkSize":10000,"length":7,"urlTemplate":"hist-50000-{Chunk}.json"},"basesPerBin":"50000"}],"stats":[{"basesPerBin":"50000","max":5,"mean":2.71428571428571}]},"intervals":{"classes":[{"attributes":["Start","End","Strand","Id","Score","Seq_id","Source","Subfeatures","Type"],"isArrayAttr":{"Subfeatures":1}},{"attributes":["Start","End","Strand","Phase","Seq_id","Source","Type"],"isArrayAttr":{}},{"attributes":["Start","End","Chunk"],"isArrayAttr":{"Sublist":1}}],"count":19,"lazyClass":2,"maxEnd":324809,"minStart":11458,"nclist":[[0,11458,14239,1,"lamu_GLEAN_10001797",1,"scaffold154","GLEAN",[[1,11458,13799,1,0,"scaffold154","GLEAN","CDS"],[1,13913,14239,1,2,"scaffold154","GLEAN","CDS"]],"mRNA"],[0,27231,29496,-1,"lamu_GLEAN_10001798",0.678127,"scaffold154","GLEAN",[[1,29359,29496,-1,0,"scaffold154","GLEAN","CDS"],[1,29124,29141,-1,1,"scaffold154","GLEAN","CDS"],[1,28851,28979,-1,2,"scaffold154","GLEAN","CDS"],[1,28487,28682,-1,0,"scaffold154","GLEAN","CDS"],[1,28247,28385,-1,0,"scaffold154","GLEAN","CDS"],[1,28039,28165,-1,0,"scaffold154","GLEAN","CDS"],[1,27885,27945,-1,0,"scaffold154","GLEAN","CDS"],[1,27562,27799,-1,0,"scaffold154","GLEAN","CDS"],[1,27231,27396,-1,0,"scaffold154","GLEAN","CDS"]],"mRNA"],[0,31669,39054,-1,"lamu_GLEAN_10001799",0.84549,"scaffold154","GLEAN",[[1,38907,39054,-1,0,"scaffold154","GLEAN","CDS"],[1,37767,37842,-1,0,"scaffold154","GLEAN","CDS"],[1,36883,36999,-1,0,"scaffold154","GLEAN","CDS"],[1,36182,36297,-1,1,"scaffold154","GLEAN","CDS"],[1,35912,36041,-1,0,"scaffold154","GLEAN","CDS"],[1,35071,35119,-1,0,"scaffold154","GLEAN","CDS"],[1,34160,34351,-1,0,"scaffold154","GLEAN","CDS"],[1,33874,34071,-1,1,"scaffold154","GLEAN","CDS"],[1,33427,33720,-1,2,"scaffold154","GLEAN","CDS"],[1,32532,32958,-1,0,"scaffold154","GLEAN","CDS"],[1,31669,31930,-1,0,"scaffold154","GLEAN","CDS"]],"mRNA"],[0,44309,47706,-1,"lamu_GLEAN_10001800",1,"scaffold154","GLEAN",[[1,47607,47706,-1,0,"scaffold154","GLEAN","CDS"],[1,44309,45080,-1,0,"scaffold154","GLEAN","CDS"]],"mRNA"],[0,50604,52622,-1,"lamu_GLEAN_10001801",1,"scaffold154","GLEAN",[[1,51965,52622,-1,0,"scaffold154","GLEAN","CDS"],[1,50604,50766,-1,0,"scaffold154","GLEAN","CDS"]],"mRNA"],[0,54212,55397,1,"lamu_GLEAN_10001802",0.816218,"scaffold154","GLEAN",[[1,54212,54383,1,0,"scaffold154","GLEAN","CDS"],[1,54589,54721,1,0,"scaffold154","GLEAN","CDS"],[1,55343,55397,1,0,"scaffold154","GLEAN","CDS"]],"mRNA"],[0,67698,68061,1,"lamu_GLEAN_10001803",0.999928,"scaffold154","GLEAN",[[1,67698,68061,1,0,"scaffold154","GLEAN","CDS"]],"mRNA"],[0,69016,71521,-1,"lamu_GLEAN_10001804",0.261646,"scaffold154","GLEAN",[[1,71248,71521,-1,0,"scaffold154","GLEAN","CDS"],[1,70957,71089,-1,0,"scaffold154","GLEAN","CDS"],[1,70698,70866,-1,0,"scaffold154","GLEAN","CDS"],[1,70563,70584,-1,0,"scaffold154","GLEAN","CDS"],[1,70228,70436,-1,0,"scaffold154","GLEAN","CDS"],[1,69850,69924,-1,2,"scaffold154","GLEAN","CDS"],[1,69602,69719,-1,0,"scaffold154","GLEAN","CDS"],[1,69016,69130,-1,0,"scaffold154","GLEAN","CDS"]],"mRNA"],[0,81653,84285,-1,"lamu_GLEAN_10001805",0.811527,"scaffold154","GLEAN",[[1,83982,84285,-1,0,"scaffold154","GLEAN","CDS"],[1,83638,83770,-1,0,"scaffold154","GLEAN","CDS"],[1,83370,83538,-1,0,"scaffold154","GLEAN","CDS"],[1,83238,83259,-1,0,"scaffold154","GLEAN","CDS"],[1,82259,82376,-1,0,"scaffold154","GLEAN","CDS"],[1,81653,81710,-1,0,"scaffold154","GLEAN","CDS"]],"mRNA"],[0,112906,118235,-1,"lamu_GLEAN_10001806",0.997612,"scaffold154","GLEAN",[[1,118044,118235,-1,0,"scaffold154","GLEAN","CDS"],[1,117339,117587,-1,1,"scaffold154","GLEAN","CDS"],[1,116941,117032,-1,2,"scaffold154","GLEAN","CDS"],[1,116704,116823,-1,1,"scaffold154","GLEAN","CDS"],[1,116489,116565,-1,2,"scaffold154","GLEAN","CDS"],[1,116258,116366,-1,1,"scaffold154","GLEAN","CDS"],[1,115628,115751,-1,1,"scaffold154","GLEAN","CDS"],[1,114563,115116,-1,1,"scaffold154","GLEAN","CDS"],[1,114268,114336,-1,0,"scaffold154","GLEAN","CDS"],[1,114042,114177,-1,1,"scaffold154","GLEAN","CDS"],[1,113744,113962,-1,1,"scaffold154","GLEAN","CDS"],[1,113359,113448,-1,2,"scaffold154","GLEAN","CDS"],[1,112906,113269,-1,0,"scaffold154","GLEAN","CDS"]],"mRNA"],[0,136094,141001,-1,"lamu_GLEAN_10001807",0.999998,"scaffold154","GLEAN",[[1,140494,141001,-1,0,"scaffold154","GLEAN","CDS"],[1,139169,139293,-1,0,"scaffold154","GLEAN","CDS"],[1,138924,139068,-1,2,"scaffold154","GLEAN","CDS"],[1,138133,138286,-1,2,"scaffold154","GLEAN","CDS"],[1,137885,138001,-1,2,"scaffold154","GLEAN","CDS"],[1,137590,137758,-1,0,"scaffold154","GLEAN","CDS"],[1,137066,137297,-1,0,"scaffold154","GLEAN","CDS"],[1,136094,136199,-1,0,"scaffold154","GLEAN","CDS"]],"mRNA"],[0,147209,147602,-1,"lamu_GLEAN_10001808",0.625872,"scaffold154","GLEAN",[[1,147209,147602,-1,0,"scaffold154","GLEAN","CDS"]],"mRNA"],[0,163313,172093,-1,"lamu_GLEAN_10001809",0.79366,"scaffold154","GLEAN",[[1,171864,172093,-1,0,"scaffold154","GLEAN","CDS"],[1,171228,171383,-1,2,"scaffold154","GLEAN","CDS"],[1,170458,170662,-1,0,"scaffold154","GLEAN","CDS"],[1,170189,170366,-1,0,"scaffold154","GLEAN","CDS"],[1,169903,170056,-1,0,"scaffold154","GLEAN","CDS"],[1,169556,169646,-1,0,"scaffold154","GLEAN","CDS"],[1,168926,169079,-1,0,"scaffold154","GLEAN","CDS"],[1,168676,168793,-1,0,"scaffold154","GLEAN","CDS"],[1,168226,168378,-1,0,"scaffold154","GLEAN","CDS"],[1,168062,168147,-1,1,"scaffold154","GLEAN","CDS"],[1,166920,167015,-1,0,"scaffold154","GLEAN","CDS"],[1,165374,165540,-1,1,"scaffold154","GLEAN","CDS"],[1,164470,164666,-1,0,"scaffold154","GLEAN","CDS"],[1,163313,163450,-1,2,"scaffold154","GLEAN","CDS"]],"mRNA"],[0,178628,180667,1,"lamu_GLEAN_10001810",0.0951672,"scaffold154","GLEAN",[[1,178628,178757,1,0,"scaffold154","GLEAN","CDS"],[1,178861,178989,1,0,"scaffold154","GLEAN","CDS"],[1,179035,179447,1,1,"scaffold154","GLEAN","CDS"],[1,179723,180041,1,0,"scaffold154","GLEAN","CDS"],[1,180436,180667,1,0,"scaffold154","GLEAN","CDS"]],"mRNA"],[0,184692,186106,-1,"lamu_GLEAN_10001811",1,"scaffold154","GLEAN",[[1,185509,186106,-1,0,"scaffold154","GLEAN","CDS"],[1,184692,184884,-1,0,"scaffold154","GLEAN","CDS"]],"mRNA"],[0,221226,223547,1,"lamu_GLEAN_10001812",0.999983,"scaffold154","GLEAN",[[1,221226,221336,1,0,"scaffold154","GLEAN","CDS"],[1,221418,221548,1,1,"scaffold154","GLEAN","CDS"],[1,221878,222241,1,0,"scaffold154","GLEAN","CDS"],[1,222659,222781,1,0,"scaffold154","GLEAN","CDS"],[1,222859,222995,1,1,"scaffold154","GLEAN","CDS"],[1,223108,223154,1,0,"scaffold154","GLEAN","CDS"],[1,223246,223352,1,2,"scaffold154","GLEAN","CDS"],[1,223429,223547,1,1,"scaffold154","GLEAN","CDS"]],"mRNA"],[0,254686,255702,-1,"lamu_GLEAN_10001813",0.9659,"scaffold154","GLEAN",[[1,255609,255702,-1,0,"scaffold154","GLEAN","CDS"],[1,254686,255094,-1,0,"scaffold154","GLEAN","CDS"]],"mRNA"],[0,286214,287523,1,"lamu_GLEAN_10001814",0.995614,"scaffold154","GLEAN",[[1,286214,286262,1,0,"scaffold154","GLEAN","CDS"],[1,287244,287523,1,0,"scaffold154","GLEAN","CDS"]],"mRNA"],[0,323647,324809,-1,"lamu_GLEAN_10001815",0.252286,"scaffold154","GLEAN",[[1,324320,324809,-1,0,"scaffold154","GLEAN","CDS"],[1,323995,324160,-1,0,"scaffold154","GLEAN","CDS"],[1,323647,323893,-1,0,"scaffold154","GLEAN","CDS"]],"mRNA"]],"urlTemplate":"lf-{Chunk}.json"}}