{"featureCount":33,"formatVersion":1,"histograms":{"meta":[{"arrayParams":{"chunkSize":10000,"length":9,"urlTemplate":"hist-50000-{Chunk}.json"},"basesPerBin":"50000"}],"stats":[{"basesPerBin":"50000","max":6,"mean":4}]},"intervals":{"classes":[{"attributes":["Start","End","Strand","Id","Score","Seq_id","Source","Subfeatures","Type"],"isArrayAttr":{"Subfeatures":1}},{"attributes":["Start","End","Strand","Phase","Seq_id","Source","Type"],"isArrayAttr":{}},{"attributes":["Start","End","Chunk"],"isArrayAttr":{"Sublist":1}}],"count":33,"lazyClass":2,"maxEnd":422337,"minStart":2412,"nclist":[[0,2412,3169,-1,"lamu_GLEAN_10002261",0.84054,"scaffold126","GLEAN",[[1,2761,3169,-1,0,"scaffold126","GLEAN","CDS"],[1,2412,2619,-1,0,"scaffold126","GLEAN","CDS"]],"mRNA"],[0,12308,13334,-1,"lamu_GLEAN_10002262",0.988715,"scaffold126","GLEAN",[[1,13251,13334,-1,0,"scaffold126","GLEAN","CDS"],[1,13068,13140,-1,1,"scaffold126","GLEAN","CDS"],[1,12887,12959,-1,1,"scaffold126","GLEAN","CDS"],[1,12661,12775,-1,1,"scaffold126","GLEAN","CDS"],[1,12308,12384,-1,1,"scaffold126","GLEAN","CDS"]],"mRNA"],[0,37164,38421,1,"lamu_GLEAN_10002263",0.719496,"scaffold126","GLEAN",[[1,37164,37405,1,0,"scaffold126","GLEAN","CDS"],[1,37608,37875,1,2,"scaffold126","GLEAN","CDS"],[1,38249,38311,1,2,"scaffold126","GLEAN","CDS"],[1,38406,38421,1,0,"scaffold126","GLEAN","CDS"]],"mRNA"],[0,42507,43841,1,"lamu_GLEAN_10002264",0.982158,"scaffold126","GLEAN",[[1,42507,42717,1,0,"scaffold126","GLEAN","CDS"],[1,43183,43346,1,0,"scaffold126","GLEAN","CDS"],[1,43581,43841,1,2,"scaffold126","GLEAN","CDS"]],"mRNA"],[0,54470,57584,1,"lamu_GLEAN_10002265",0.40067,"scaffold126","GLEAN",[[1,54470,56901,1,0,"scaffold126","GLEAN","CDS"],[1,57318,57584,1,2,"scaffold126","GLEAN","CDS"]],"mRNA"],[0,65708,67495,1,"lamu_GLEAN_10002266",0.717324,"scaffold126","GLEAN",[[1,65708,65835,1,0,"scaffold126","GLEAN","CDS"],[1,66141,66235,1,2,"scaffold126","GLEAN","CDS"],[1,67048,67182,1,1,"scaffold126","GLEAN","CDS"],[1,67484,67495,1,2,"scaffold126","GLEAN","CDS"]],"mRNA"],[0,86417,88997,-1,"lamu_GLEAN_10002267",1,"scaffold126","GLEAN",[[1,88650,88997,-1,0,"scaffold126","GLEAN","CDS"],[1,86417,86892,-1,1,"scaffold126","GLEAN","CDS"]],"mRNA"],[0,107866,126344,1,"lamu_GLEAN_10002268",0.979421,"scaffold126","GLEAN",[[1,107866,108004,1,0,"scaffold126","GLEAN","CDS"],[1,108514,108589,1,0,"scaffold126","GLEAN","CDS"],[1,114313,114379,1,0,"scaffold126","GLEAN","CDS"],[1,114696,114800,1,0,"scaffold126","GLEAN","CDS"],[1,115768,115836,1,1,"scaffold126","GLEAN","CDS"],[1,115919,116036,1,2,"scaffold126","GLEAN","CDS"],[1,116230,116271,1,2,"scaffold126","GLEAN","CDS"],[1,116371,116472,1,0,"scaffold126","GLEAN","CDS"],[1,117393,117489,1,1,"scaffold126","GLEAN","CDS"],[1,119732,119797,1,1,"scaffold126","GLEAN","CDS"],[1,119885,119957,1,2,"scaffold126","GLEAN","CDS"],[1,120052,120208,1,2,"scaffold126","GLEAN","CDS"],[1,121829,122062,1,2,"scaffold126","GLEAN","CDS"],[1,122177,122217,1,0,"scaffold126","GLEAN","CDS"],[1,122629,122784,1,2,"scaffold126","GLEAN","CDS"],[1,122906,123008,1,0,"scaffold126","GLEAN","CDS"],[1,123452,123497,1,0,"scaffold126","GLEAN","CDS"],[1,123577,123718,1,0,"scaffold126","GLEAN","CDS"],[1,125005,125101,1,0,"scaffold126","GLEAN","CDS"],[1,125195,125297,1,0,"scaffold126","GLEAN","CDS"],[1,126236,126344,1,0,"scaffold126","GLEAN","CDS"]],"mRNA"],[0,126934,128725,-1,"lamu_GLEAN_10002269",0.471881,"scaffold126","GLEAN",[[1,128178,128725,-1,0,"scaffold126","GLEAN","CDS"],[1,126934,127953,-1,2,"scaffold126","GLEAN","CDS"]],"mRNA"],[0,137395,137785,-1,"lamu_GLEAN_10002270",0.747201,"scaffold126","GLEAN",[[1,137723,137785,-1,0,"scaffold126","GLEAN","CDS"],[1,137395,137516,-1,1,"scaffold126","GLEAN","CDS"]],"mRNA"],[0,138260,142258,-1,"lamu_GLEAN_10002271",0.747197,"scaffold126","GLEAN",[[1,142189,142258,-1,0,"scaffold126","GLEAN","CDS"],[1,141039,141216,-1,0,"scaffold126","GLEAN","CDS"],[1,139489,139537,-1,0,"scaffold126","GLEAN","CDS"],[1,139354,139394,-1,0,"scaffold126","GLEAN","CDS"],[1,139155,139256,-1,2,"scaffold126","GLEAN","CDS"],[1,138452,138645,-1,0,"scaffold126","GLEAN","CDS"],[1,138260,138376,-1,2,"scaffold126","GLEAN","CDS"]],"mRNA"],[0,148832,155178,-1,"lamu_GLEAN_10002272",0.99914,"scaffold126","GLEAN",[[1,154848,155178,-1,0,"scaffold126","GLEAN","CDS"],[1,153441,153758,-1,0,"scaffold126","GLEAN","CDS"],[1,151421,151484,-1,1,"scaffold126","GLEAN","CDS"],[1,149582,150097,-1,1,"scaffold126","GLEAN","CDS"],[1,148832,149473,-1,2,"scaffold126","GLEAN","CDS"]],"mRNA"],[0,173805,175460,-1,"lamu_GLEAN_10002273",0.808696,"scaffold126","GLEAN",[[1,175308,175460,-1,0,"scaffold126","GLEAN","CDS"],[1,174124,174263,-1,1,"scaffold126","GLEAN","CDS"],[1,173805,173877,-1,0,"scaffold126","GLEAN","CDS"]],"mRNA"],[0,178939,180328,-1,"lamu_GLEAN_10002274",0.985994,"scaffold126","GLEAN",[[1,180136,180328,-1,0,"scaffold126","GLEAN","CDS"],[1,179710,179951,-1,0,"scaffold126","GLEAN","CDS"],[1,179394,179598,-1,2,"scaffold126","GLEAN","CDS"],[1,178939,179103,-1,2,"scaffold126","GLEAN","CDS"]],"mRNA"],[0,186772,188332,1,"lamu_GLEAN_10002275",1,"scaffold126","GLEAN",[[1,186772,187102,1,0,"scaffold126","GLEAN","CDS"],[1,187510,187751,1,0,"scaffold126","GLEAN","CDS"],[1,187862,188066,1,2,"scaffold126","GLEAN","CDS"],[1,188168,188332,1,2,"scaffold126","GLEAN","CDS"]],"mRNA"],[0,192485,193242,-1,"lamu_GLEAN_10002276",1,"scaffold126","GLEAN",[[1,193038,193242,-1,0,"scaffold126","GLEAN","CDS"],[1,192485,192779,-1,0,"scaffold126","GLEAN","CDS"]],"mRNA"],[0,212823,216631,1,"lamu_GLEAN_10002277",0.998136,"scaffold126","GLEAN",[[1,212823,213303,1,0,"scaffold126","GLEAN","CDS"],[1,214123,214388,1,0,"scaffold126","GLEAN","CDS"],[1,214437,214621,1,2,"scaffold126","GLEAN","CDS"],[1,214895,215012,1,1,"scaffold126","GLEAN","CDS"],[1,215144,215244,1,1,"scaffold126","GLEAN","CDS"],[1,215329,215391,1,0,"scaffold126","GLEAN","CDS"],[1,215475,215578,1,1,"scaffold126","GLEAN","CDS"],[1,215806,215939,1,0,"scaffold126","GLEAN","CDS"],[1,216123,216344,1,2,"scaffold126","GLEAN","CDS"],[1,216442,216631,1,0,"scaffold126","GLEAN","CDS"]],"mRNA"],[0,234586,236742,-1,"lamu_GLEAN_10002278",0.998222,"scaffold126","GLEAN",[[1,236585,236742,-1,0,"scaffold126","GLEAN","CDS"],[1,235951,236028,-1,2,"scaffold126","GLEAN","CDS"],[1,235774,235856,-1,0,"scaffold126","GLEAN","CDS"],[1,235492,235568,-1,2,"scaffold126","GLEAN","CDS"],[1,235087,235157,-1,1,"scaffold126","GLEAN","CDS"],[1,234586,235006,-1,0,"scaffold126","GLEAN","CDS"]],"mRNA"],[0,249357,261493,-1,"lamu_GLEAN_10002279",0.99999,"scaffold126","GLEAN",[[1,261220,261493,-1,0,"scaffold126","GLEAN","CDS"],[1,260690,260756,-1,0,"scaffold126","GLEAN","CDS"],[1,259486,259667,-1,0,"scaffold126","GLEAN","CDS"],[1,257151,257348,-1,2,"scaffold126","GLEAN","CDS"],[1,256391,256442,-1,0,"scaffold126","GLEAN","CDS"],[1,251065,251157,-1,0,"scaffold126","GLEAN","CDS"],[1,250829,250870,-1,1,"scaffold126","GLEAN","CDS"],[1,250004,250096,-1,2,"scaffold126","GLEAN","CDS"],[1,249612,249717,-1,0,"scaffold126","GLEAN","CDS"],[1,249357,249495,-1,0,"scaffold126","GLEAN","CDS"]],"mRNA"],[0,279953,286970,-1,"lamu_GLEAN_10002280",0.814372,"scaffold126","GLEAN",[[1,286856,286970,-1,0,"scaffold126","GLEAN","CDS"],[1,286682,286787,-1,0,"scaffold126","GLEAN","CDS"],[1,285402,285446,-1,0,"scaffold126","GLEAN","CDS"],[1,285249,285319,-1,1,"scaffold126","GLEAN","CDS"],[1,285071,285175,-1,0,"scaffold126","GLEAN","CDS"],[1,279953,280128,-1,1,"scaffold126","GLEAN","CDS"]],