{"featureCount":5,"formatVersion":1,"histograms":{"meta":[{"arrayParams":{"chunkSize":10000,"length":2,"urlTemplate":"hist-100000-{Chunk}.json"},"basesPerBin":"100000"}],"stats":[{"basesPerBin":"100000","max":3,"mean":2.5}]},"intervals":{"classes":[{"attributes":["Start","End","Strand","Id","Score","Seq_id","Source","Subfeatures","Type"],"isArrayAttr":{"Subfeatures":1}},{"attributes":["Start","End","Strand","Phase","Seq_id","Source","Type"],"isArrayAttr":{}},{"attributes":["Start","End","Chunk"],"isArrayAttr":{"Sublist":1}}],"count":5,"lazyClass":2,"maxEnd":148938,"minStart":10743,"nclist":[[0,10743,11505,1,"lamu_GLEAN_10001145",1,"scaffold209","GLEAN",[[1,10743,11505,1,0,"scaffold209","GLEAN","CDS"]],"mRNA"],[0,49491,50325,-1,"lamu_GLEAN_10001146",0.999999,"scaffold209","GLEAN",[[1,49491,50325,-1,0,"scaffold209","GLEAN","CDS"]],"mRNA"],[0,64968,71877,-1,"lamu_GLEAN_10001147",0.894906,"scaffold209","GLEAN",[[1,71508,71877,-1,0,"scaffold209","GLEAN","CDS"],[1,69831,70768,-1,0,"scaffold209","GLEAN","CDS"],[1,69298,69600,-1,2,"scaffold209","GLEAN","CDS"],[1,67292,67399,-1,0,"scaffold209","GLEAN","CDS"],[1,66637,66788,-1,1,"scaffold209","GLEAN","CDS"],[1,65333,65486,-1,0,"scaffold209","GLEAN","CDS"],[1,64968,65100,-1,0,"scaffold209","GLEAN","CDS"]],"mRNA"],[0,110024,125950,-1,"lamu_GLEAN_10001148",0.496212,"scaffold209","GLEAN",[[1,125836,125950,-1,0,"scaffold209","GLEAN","CDS"],[1,125680,125761,-1,0,"scaffold209","GLEAN","CDS"],[1,125457,125589,-1,0,"scaffold209","GLEAN","CDS"],[1,125316,125365,-1,0,"scaffold209","GLEAN","CDS"],[1,124147,124265,-1,2,"scaffold209","GLEAN","CDS"],[1,123919,124010,-1,1,"scaffold209","GLEAN","CDS"],[1,121404,121529,-1,0,"scaffold209","GLEAN","CDS"],[1,121189,121325,-1,1,"scaffold209","GLEAN","CDS"],[1,120984,121115,-1,0,"scaffold209","GLEAN","CDS"],[1,120587,120674,-1,1,"scaffold209","GLEAN","CDS"],[1,120058,120184,-1,1,"scaffold209","GLEAN","CDS"],[1,119905,119961,-1,1,"scaffold209","GLEAN","CDS"],[1,111610,111681,-1,2,"scaffold209","GLEAN","CDS"],[1,110891,110976,-1,0,"scaffold209","GLEAN","CDS"],[1,110702,110806,-1,2,"scaffold209","GLEAN","CDS"],[1,110024,110213,-1,0,"scaffold209","GLEAN","CDS"]],"mRNA"],[0,130005,148938,-1,"lamu_GLEAN_10001149",0.297078,"scaffold209","GLEAN",[[1,148897,148938,-1,0,"scaffold209","GLEAN","CDS"],[1,148653,148750,-1,1,"scaffold209","GLEAN","CDS"],[1,148315,148437,-1,0,"scaffold209","GLEAN","CDS"],[1,147984,148077,-1,1,"scaffold209","GLEAN","CDS"],[1,147384,147535,-1,1,"scaffold209","GLEAN","CDS"],[1,146102,146188,-1,0,"scaffold209","GLEAN","CDS"],[1,145172,145245,-1,1,"scaffold209","GLEAN","CDS"],[1,145005,145096,-1,0,"scaffold209","GLEAN","CDS"],[1,144861,144914,-1,2,"scaffold209","GLEAN","CDS"],[1,143673,143738,-1,0,"scaffold209","GLEAN","CDS"],[1,137879,138285,-1,1,"scaffold209","GLEAN","CDS"],[1,135974,136025,-1,0,"scaffold209","GLEAN","CDS"],[1,135794,135893,-1,0,"scaffold209","GLEAN","CDS"],[1,132863,132923,-1,0,"scaffold209","GLEAN","CDS"],[1,132670,132763,-1,0,"scaffold209","GLEAN","CDS"],[1,131323,131437,-1,0,"scaffold209","GLEAN","CDS"],[1,131108,131219,-1,0,"scaffold209","GLEAN","CDS"],[1,130005,130068,-1,0,"scaffold209","GLEAN","CDS"]],"mRNA"]],"urlTemplate":"lf-{Chunk}.json"}}