{"featureCount":44,"formatVersion":1,"histograms":{"meta":[{"arrayParams":{"chunkSize":10000,"length":10,"urlTemplate":"hist-50000-{Chunk}.json"},"basesPerBin":"50000"}],"stats":[{"basesPerBin":"50000","max":8,"mean":4.5}]},"intervals":{"classes":[{"attributes":["Start","End","Strand","Id","Score","Seq_id","Source","Subfeatures","Type"],"isArrayAttr":{"Subfeatures":1}},{"attributes":["Start","End","Strand","Phase","Seq_id","Source","Type"],"isArrayAttr":{}},{"attributes":["Start","End","Chunk"],"isArrayAttr":{"Sublist":1}}],"count":44,"lazyClass":2,"maxEnd":496720,"minStart":3742,"nclist":[[0,3742,4914,1,"lamu_GLEAN_10002613",0.999999,"scaffold211","GLEAN",[[1,3742,3999,1,0,"scaffold211","GLEAN","CDS"],[1,4097,4203,1,1,"scaffold211","GLEAN","CDS"],[1,4702,4764,1,0,"scaffold211","GLEAN","CDS"],[1,4862,4914,1,1,"scaffold211","GLEAN","CDS"]],"mRNA"],[0,7380,11476,-1,"lamu_GLEAN_10002614",0.999935,"scaffold211","GLEAN",[[1,11347,11476,-1,0,"scaffold211","GLEAN","CDS"],[1,11070,11150,-1,0,"scaffold211","GLEAN","CDS"],[1,10907,10959,-1,1,"scaffold211","GLEAN","CDS"],[1,10784,10826,-1,0,"scaffold211","GLEAN","CDS"],[1,10591,10670,-1,0,"scaffold211","GLEAN","CDS"],[1,10476,10508,-1,2,"scaffold211","GLEAN","CDS"],[1,10331,10400,-1,0,"scaffold211","GLEAN","CDS"],[1,9948,10023,-1,0,"scaffold211","GLEAN","CDS"],[1,9741,9858,-1,0,"scaffold211","GLEAN","CDS"],[1,9590,9641,-1,0,"scaffold211","GLEAN","CDS"],[1,7613,7745,-1,0,"scaffold211","GLEAN","CDS"],[1,7380,7524,-1,0,"scaffold211","GLEAN","CDS"]],"mRNA"],[0,17353,24501,-1,"lamu_GLEAN_10002615",0.997016,"scaffold211","GLEAN",[[1,24204,24501,-1,0,"scaffold211","GLEAN","CDS"],[1,23601,23872,-1,0,"scaffold211","GLEAN","CDS"],[1,22735,22872,-1,2,"scaffold211","GLEAN","CDS"],[1,21535,21628,-1,0,"scaffold211","GLEAN","CDS"],[1,20848,20982,-1,0,"scaffold211","GLEAN","CDS"],[1,18819,18895,-1,1,"scaffold211","GLEAN","CDS"],[1,18290,18367,-1,0,"scaffold211","GLEAN","CDS"],[1,18166,18200,-1,1,"scaffold211","GLEAN","CDS"],[1,17913,18063,-1,0,"scaffold211","GLEAN","CDS"],[1,17680,17815,-1,0,"scaffold211","GLEAN","CDS"],[1,17353,17413,-1,0,"scaffold211","GLEAN","CDS"]],"mRNA"],[0,38489,43273,1,"lamu_GLEAN_10002616",0.998929,"scaffold211","GLEAN",[[1,38489,38552,1,0,"scaffold211","GLEAN","CDS"],[1,38724,38772,1,0,"scaffold211","GLEAN","CDS"],[1,39525,39654,1,0,"scaffold211","GLEAN","CDS"],[1,40251,40311,1,0,"scaffold211","GLEAN","CDS"],[1,40920,41077,1,0,"scaffold211","GLEAN","CDS"],[1,42006,42113,1,2,"scaffold211","GLEAN","CDS"],[1,42287,42346,1,0,"scaffold211","GLEAN","CDS"],[1,42580,42689,1,1,"scaffold211","GLEAN","CDS"],[1,42820,43273,1,0,"scaffold211","GLEAN","CDS"]],"mRNA"],[0,44361,49713,1,"lamu_GLEAN_10002617",0.998426,"scaffold211","GLEAN",[[1,44361,44486,1,0,"scaffold211","GLEAN","CDS"],[1,45231,45700,1,1,"scaffold211","GLEAN","CDS"],[1,46775,46973,1,0,"scaffold211","GLEAN","CDS"],[1,47925,48170,1,0,"scaffold211","GLEAN","CDS"],[1,48515,48674,1,1,"scaffold211","GLEAN","CDS"],[1,48810,48898,1,1,"scaffold211","GLEAN","CDS"],[1,49431,49713,1,0,"scaffold211","GLEAN","CDS"]],"mRNA"],[0,64680,66132,1,"lamu_GLEAN_10002618",0.999999,"scaffold211","GLEAN",[[1,64680,65159,1,0,"scaffold211","GLEAN","CDS"],[1,65513,66132,1,1,"scaffold211","GLEAN","CDS"]],"mRNA"],[0,85606,86832,-1,"lamu_GLEAN_10002619",1,"scaffold211","GLEAN",[[1,86458,86832,-1,0,"scaffold211","GLEAN","CDS"],[1,85956,86278,-1,1,"scaffold211","GLEAN","CDS"],[1,85606,85855,-1,0,"scaffold211","GLEAN","CDS"]],"mRNA"],[0,89168,92142,-1,"lamu_GLEAN_10002620",0.76651,"scaffold211","GLEAN",[[1,91966,92142,-1,0,"scaffold211","GLEAN","CDS"],[1,89721,90040,-1,1,"scaffold211","GLEAN","CDS"],[1,89168,89411,-1,0,"scaffold211","GLEAN","CDS"]],"mRNA"],[0,98501,99430,-1,"lamu_GLEAN_10002621",0.983033,"scaffold211","GLEAN",[[1,99311,99430,-1,0,"scaffold211","GLEAN","CDS"],[1,98902,99224,-1,1,"scaffold211","GLEAN","CDS"],[1,98501,98747,-1,0,"scaffold211","GLEAN","CDS"]],"mRNA"],[0,103728,104947,-1,"lamu_GLEAN_10002622",0.947265,"scaffold211","GLEAN",[[1,104573,104947,-1,0,"scaffold211","GLEAN","CDS"],[1,104131,104453,-1,1,"scaffold211","GLEAN","CDS"],[1,103979,104044,-1,0,"scaffold211","GLEAN","CDS"],[1,103728,103747,-1,1,"scaffold211","GLEAN","CDS"]],"mRNA"],[0,115299,116629,1,"lamu_GLEAN_10002623",1,"scaffold211","GLEAN",[[1,115299,115775,1,0,"scaffold211","GLEAN","CDS"],[1,116010,116629,1,1,"scaffold211","GLEAN","CDS"]],"mRNA"],[0,138235,146136,1,"lamu_GLEAN_10002624",0.650334,"scaffold211","GLEAN",[[1,138235,138263,1,0,"scaffold211","GLEAN","CDS"],[1,138582,138657,1,2,"scaffold211","GLEAN","CDS"],[1,139240,139315,1,2,"scaffold211","GLEAN","CDS"],[1,139416,139563,1,2,"scaffold211","GLEAN","CDS"],[1,139864,140068,1,2,"scaffold211","GLEAN","CDS"],[1,140635,141735,1,2,"scaffold211","GLEAN","CDS"],[1,142001,142188,1,0,"scaffold211","GLEAN","CDS"],[1,142815,142936,1,2,"scaffold211","GLEAN","CDS"],[1,143469,143691,1,1,"scaffold211","GLEAN","CDS"],[1,144465,145432,1,1,"scaffold211","GLEAN","CDS"],[1,145893,146136,1,0,"scaffold211","GLEAN","CDS"]],"mRNA"],[0,153350,159009,1,"lamu_GLEAN_10002625",0.945388,"scaffold211","GLEAN",[[1,153350,153591,1,0,"scaffold211","GLEAN","CDS"],[1,155510,156085,1,2,"scaffold211","GLEAN","CDS"],[1,156176,156556,1,0,"scaffold211","GLEAN","CDS"],[1,157197,157284,1,1,"scaffold211","GLEAN","CDS"],[1,157375,157706,1,1,"scaffold211","GLEAN","CDS"],[1,158111,158522,1,0,"scaffold211","GLEAN","CDS"],[1,158629,158689,1,0,"scaffold211","GLEAN","CDS"],[1,158802,159009,1,0,"scaffold211","GLEAN","CDS"]],"mRNA"],[0,160697,161234,1,"lamu_GLEAN_10002626",0.816427,"scaffold211","GLEAN",[[1,160697,161234,1,0,"scaffold211","GLEAN","CDS"]],"mRNA"],[0,166274,169793,1,"lamu_GLEAN_10002627",0.790986,"scaffold211","GLEAN",[[1,166274,166319,1,0,"scaffold211","GLEAN","CDS"],[1,166888,166949,1,0,"scaffold211","GLEAN","CDS"],[1,167667,167777,1,2,"scaffold211","GLEAN","CDS"],[1,168178,168253,1,0,"scaffold211","GLEAN","CDS"],[1,169742,169793,1,0,"scaffold211","GLEAN","CDS"]],"mRNA"],[0,172714,173503,1,"lamu_GLEAN_10002628",0.998061,"scaffold211","GLEAN",[[1,172714,173323,1,0,"scaffold211","GLEAN","CDS"],[1,173416,173503,1,0,"scaffold211","GLEAN","CDS"]],"mRNA"],[0,173749,176147,-1,"lamu_GLEAN_10002629",0.782584,"scaffold211","GLEAN",[[1,175781,176147,-1,0,"scaffold211","GLEAN","CDS"],[1,175241,175666,-1,0,"scaffold211","GLEAN","CDS"],[1,173749,174614,-1,1,"scaffold211","GLEAN","CDS"]],"mRNA"],[0,177694,178309,1,"lamu_GLEAN_10002630",1,"scaffold211","GLEAN",[[1,177694,178309,1,0,"scaffold211","GLEAN","CDS"]],"mRNA"],[0,182085,188532,-1,"lamu_GLEAN_10002631",0.764059,"scaffold211","GLEAN",[[1,188184,188532,-1,0,"scaffold211","GLEAN","CDS"],[1,186976,187042,-1,0,"scaffold211","GLEAN","CDS"],[1,186608,186789,-1,0,"scaffold211","GLEAN","CDS"],[1,186278,186475,-1,2,"scaffold211","GLEAN","CDS"],[1,185818,185869,-1,0,"scaffold211","GLEAN","CDS"],[1,185618,185710,-1,0,"scaffold211","GLEAN","CDS"],[1,183687,183838,-1,1,"scaffold211","GLEAN","CDS"],[1,183538,183599,-1,0,"scaffold211","GLEAN","CDS"],[1,182793,182888,-1,2,"scaffold211","GLEAN","CDS"],[1,182530,182635,-1,0,"scaffold211","GLEAN","CDS"],[1,182085,182223,-1,0,"scaffold211","GLEAN","CDS"]],