{"featureCount":12,"formatVersion":1,"histograms":{"meta":[{"arrayParams":{"chunkSize":10000,"length":3,"urlTemplate":"hist-50000-{Chunk}.json"},"basesPerBin":"50000"}],"stats":[{"basesPerBin":"50000","max":7,"mean":4}]},"intervals":{"classes":[{"attributes":["Start","End","Strand","Id","Score","Seq_id","Source","Subfeatures","Type"],"isArrayAttr":{"Subfeatures":1}},{"attributes":["Start","End","Strand","Phase","Seq_id","Source","Type"],"isArrayAttr":{}},{"attributes":["Start","End","Chunk"],"isArrayAttr":{"Sublist":1}}],"count":12,"lazyClass":2,"maxEnd":106045,"minStart":7533,"nclist":[[0,7533,8043,-1,"lamu_GLEAN_10000712",0.817705,"scaffold313","GLEAN",[[1,7533,8043,-1,0,"scaffold313","GLEAN","CDS"]],"mRNA"],[0,13633,14026,-1,"lamu_GLEAN_10000713",0.542403,"scaffold313","GLEAN",[[1,13633,14026,-1,0,"scaffold313","GLEAN","CDS"]],"mRNA"],[0,15452,15926,-1,"lamu_GLEAN_10000714",0.511688,"scaffold313","GLEAN",[[1,15452,15926,-1,0,"scaffold313","GLEAN","CDS"]],"mRNA"],[0,47148,49821,1,"lamu_GLEAN_10000715",0.481985,"scaffold313","GLEAN",[[1,47148,47257,1,0,"scaffold313","GLEAN","CDS"],[1,49207,49821,1,2,"scaffold313","GLEAN","CDS"]],"mRNA"],[0,52482,53247,1,"lamu_GLEAN_10000716",0.558558,"scaffold313","GLEAN",[[1,52482,53247,1,0,"scaffold313","GLEAN","CDS"]],"mRNA"],[0,65537,67867,-1,"lamu_GLEAN_10000717",0.451366,"scaffold313","GLEAN",[[1,67852,67867,-1,0,"scaffold313","GLEAN","CDS"],[1,67284,67335,-1,0,"scaffold313","GLEAN","CDS"],[1,66935,67060,-1,0,"scaffold313","GLEAN","CDS"],[1,65537,66048,-1,1,"scaffold313","GLEAN","CDS"]],"mRNA"],[0,71978,79512,-1,"lamu_GLEAN_10000718",0.993513,"scaffold313","GLEAN",[[1,79248,79512,-1,0,"scaffold313","GLEAN","CDS"],[1,71978,72263,-1,0,"scaffold313","GLEAN","CDS"]],"mRNA",{"Sublist":[[0,74705,75188,1,"lamu_GLEAN_10000719",0.997575,"scaffold313","GLEAN",[[1,74705,75188,1,0,"scaffold313","GLEAN","CDS"]],"mRNA"]]}],[0,81003,81816,1,"lamu_GLEAN_10000720",0.999068,"scaffold313","GLEAN",[[1,81003,81175,1,0,"scaffold313","GLEAN","CDS"],[1,81472,81816,1,2,"scaffold313","GLEAN","CDS"]],"mRNA"],[0,90098,91181,1,"lamu_GLEAN_10000721",0.771016,"scaffold313","GLEAN",[[1,90098,91181,1,0,"scaffold313","GLEAN","CDS"]],"mRNA"],[0,94128,94461,1,"lamu_GLEAN_10000722",0.625887,"scaffold313","GLEAN",[[1,94128,94461,1,0,"scaffold313","GLEAN","CDS"]],"mRNA"],[0,105226,106045,-1,"lamu_GLEAN_10000723",0.98346,"scaffold313","GLEAN",[[1,105226,106045,-1,0,"scaffold313","GLEAN","CDS"]],"mRNA"]],"urlTemplate":"lf-{Chunk}.json"}}