{"featureCount":6,"formatVersion":1,"histograms":{"meta":[{"arrayParams":{"chunkSize":10000,"length":2,"urlTemplate":"hist-1000000-{Chunk}.json"},"basesPerBin":"1000000"}],"stats":[{"basesPerBin":"1000000","max":5,"mean":3}]},"intervals":{"classes":[{"attributes":["Start","End","Strand","Id","Score","Seq_id","Source","Subfeatures","Type"],"isArrayAttr":{"Subfeatures":1}},{"attributes":["Start","End","Strand","Phase","Seq_id","Source","Type"],"isArrayAttr":{}},{"attributes":["Start","End","Chunk"],"isArrayAttr":{"Sublist":1}}],"count":6,"lazyClass":2,"maxEnd":1335740,"minStart":12765,"nclist":[[0,12765,13826,1,"lamu_GLEAN_10007240",0.99898,"scaffold42","GLEAN",[[1,12765,12783,1,0,"scaffold42","GLEAN","CDS"],[1,13307,13525,1,0,"scaffold42","GLEAN","CDS"],[1,13630,13826,1,1,"scaffold42","GLEAN","CDS"]],"mRNA"],[0,254676,258674,1,"lamu_GLEAN_10007241",1,"scaffold42","GLEAN",[[1,254676,255020,1,0,"scaffold42","GLEAN","CDS"],[1,255366,255594,1,1,"scaffold42","GLEAN","CDS"],[1,255737,256092,1,1,"scaffold42","GLEAN","CDS"],[1,256664,256748,1,0,"scaffold42","GLEAN","CDS"],[1,258434,258674,1,0,"scaffold42","GLEAN","CDS"]],"mRNA"],[0,368685,371890,-1,"lamu_GLEAN_10007242",0.896909,"scaffold42","GLEAN",[[1,371717,371890,-1,0,"scaffold42","GLEAN","CDS"],[1,371084,371625,-1,1,"scaffold42","GLEAN","CDS"],[1,370680,370994,-1,0,"scaffold42","GLEAN","CDS"],[1,369835,370094,-1,1,"scaffold42","GLEAN","CDS"],[1,369369,369501,-1,0,"scaffold42","GLEAN","CDS"],[1,368685,369255,-1,0,"scaffold42","GLEAN","CDS"]],"mRNA"],[0,400572,401132,-1,"lamu_GLEAN_10007243",0.99953,"scaffold42","GLEAN",[[1,401092,401132,-1,0,"scaffold42","GLEAN","CDS"],[1,400788,400987,-1,2,"scaffold42","GLEAN","CDS"],[1,400572,400684,-1,1,"scaffold42","GLEAN","CDS"]],"mRNA"],[0,751653,752099,-1,"lamu_GLEAN_10007244",0.993622,"scaffold42","GLEAN",[[1,751935,752099,-1,0,"scaffold42","GLEAN","CDS"],[1,751653,751864,-1,1,"scaffold42","GLEAN","CDS"]],"mRNA"],[0,1335377,1335740,1,"lamu_GLEAN_10007245",0.918607,"scaffold42","GLEAN",[[1,1335377,1335740,1,0,"scaffold42","GLEAN","CDS"]],"mRNA"]],"urlTemplate":"lf-{Chunk}.json"}}