{"featureCount":3,"formatVersion":1,"histograms":{"meta":[{"arrayParams":{"chunkSize":10000,"length":1,"urlTemplate":"hist-20000-{Chunk}.json"},"basesPerBin":"20000"}],"stats":[{"basesPerBin":"20000","max":3,"mean":3}]},"intervals":{"classes":[{"attributes":["Start","End","Strand","Id","Score","Seq_id","Source","Subfeatures","Type"],"isArrayAttr":{"Subfeatures":1}},{"attributes":["Start","End","Strand","Phase","Seq_id","Source","Type"],"isArrayAttr":{}},{"attributes":["Start","End","Chunk"],"isArrayAttr":{"Sublist":1}}],"count":3,"lazyClass":2,"maxEnd":19002,"minStart":1279,"nclist":[[0,1279,2366,1,"lamu_GLEAN_10000586",0.990559,"scaffold343","GLEAN",[[1,1279,1357,1,0,"scaffold343","GLEAN","CDS"],[1,1809,1958,1,0,"scaffold343","GLEAN","CDS"],[1,2209,2366,1,1,"scaffold343","GLEAN","CDS"]],"mRNA"],[0,3229,5055,-1,"lamu_GLEAN_10000587",0.658193,"scaffold343","GLEAN",[[1,4362,5055,-1,0,"scaffold343","GLEAN","CDS"],[1,4145,4332,-1,0,"scaffold343","GLEAN","CDS"],[1,3638,3661,-1,2,"scaffold343","GLEAN","CDS"],[1,3412,3548,-1,0,"scaffold343","GLEAN","CDS"],[1,3229,3261,-1,2,"scaffold343","GLEAN","CDS"]],"mRNA"],[0,6755,19002,1,"lamu_GLEAN_10000588",0.592742,"scaffold343","GLEAN",[[1,6755,6881,1,0,"scaffold343","GLEAN","CDS"],[1,7593,7709,1,0,"scaffold343","GLEAN","CDS"],[1,10317,10396,1,1,"scaffold343","GLEAN","CDS"],[1,10528,10602,1,0,"scaffold343","GLEAN","CDS"],[1,10730,10800,1,1,"scaffold343","GLEAN","CDS"],[1,11245,11437,1,0,"scaffold343","GLEAN","CDS"],[1,11535,11580,1,0,"scaffold343","GLEAN","CDS"],[1,11686,11760,1,0,"scaffold343","GLEAN","CDS"],[1,12229,12299,1,1,"scaffold343","GLEAN","CDS"],[1,12518,12917,1,0,"scaffold343","GLEAN","CDS"],[1,14555,14616,1,0,"scaffold343","GLEAN","CDS"],[1,14708,14753,1,2,"scaffold343","GLEAN","CDS"],[1,14845,14929,1,2,"scaffold343","GLEAN","CDS"],[1,15772,15849,1,2,"scaffold343","GLEAN","CDS"],[1,15922,15985,1,0,"scaffold343","GLEAN","CDS"],[1,16314,16385,1,0,"scaffold343","GLEAN","CDS"],[1,16473,16534,1,1,"scaffold343","GLEAN","CDS"],[1,18241,18302,1,0,"scaffold343","GLEAN","CDS"],[1,18377,18458,1,2,"scaffold343","GLEAN","CDS"],[1,18943,19002,1,2,"scaffold343","GLEAN","CDS"]],"mRNA"]],"urlTemplate":"lf-{Chunk}.json"}}