{"featureCount":7,"formatVersion":1,"histograms":{"meta":[{"arrayParams":{"chunkSize":10000,"length":2,"urlTemplate":"hist-100000-{Chunk}.json"},"basesPerBin":"100000"}],"stats":[{"basesPerBin":"100000","max":4,"mean":3.5}]},"intervals":{"classes":[{"attributes":["Start","End","Strand","Id","Score","Seq_id","Source","Subfeatures","Type"],"isArrayAttr":{"Subfeatures":1}},{"attributes":["Start","End","Strand","Phase","Seq_id","Source","Type"],"isArrayAttr":{}},{"attributes":["Start","End","Chunk"],"isArrayAttr":{"Sublist":1}}],"count":7,"lazyClass":2,"maxEnd":159364,"minStart":12422,"nclist":[[0,12422,12884,1,"lamu_GLEAN_10001010",0.921952,"scaffold229","GLEAN",[[1,12422,12884,1,0,"scaffold229","GLEAN","CDS"]],"mRNA"],[0,64978,65521,1,"lamu_GLEAN_10001011",0.977292,"scaffold229","GLEAN",[[1,64978,65521,1,0,"scaffold229","GLEAN","CDS"]],"mRNA"],[0,70413,70764,1,"lamu_GLEAN_10001012",0.918601,"scaffold229","GLEAN",[[1,70413,70764,1,0,"scaffold229","GLEAN","CDS"]],"mRNA"],[0,112260,112611,-1,"lamu_GLEAN_10001013",0.913591,"scaffold229","GLEAN",[[1,112260,112611,-1,0,"scaffold229","GLEAN","CDS"]],"mRNA"],[0,135792,136155,-1,"lamu_GLEAN_10001014",0.916932,"scaffold229","GLEAN",[[1,135792,136155,-1,0,"scaffold229","GLEAN","CDS"]],"mRNA"],[0,152096,152462,1,"lamu_GLEAN_10001015",0.921952,"scaffold229","GLEAN",[[1,152096,152462,1,0,"scaffold229","GLEAN","CDS"]],"mRNA"],[0,158061,159364,-1,"lamu_GLEAN_10001016",0.99514,"scaffold229","GLEAN",[[1,159148,159364,-1,0,"scaffold229","GLEAN","CDS"],[1,158922,158989,-1,0,"scaffold229","GLEAN","CDS"],[1,158061,158198,-1,2,"scaffold229","GLEAN","CDS"]],"mRNA"]],"urlTemplate":"lf-{Chunk}.json"}}