{"featureCount":6,"formatVersion":1,"histograms":{"meta":[{"arrayParams":{"chunkSize":10000,"length":2,"urlTemplate":"hist-50000-{Chunk}.json"},"basesPerBin":"50000"}],"stats":[{"basesPerBin":"50000","max":3,"mean":3}]},"intervals":{"classes":[{"attributes":["Start","End","Strand","Id","Score","Seq_id","Source","Subfeatures","Type"],"isArrayAttr":{"Subfeatures":1}},{"attributes":["Start","End","Strand","Phase","Seq_id","Source","Type"],"isArrayAttr":{}},{"attributes":["Start","End","Chunk"],"isArrayAttr":{"Sublist":1}}],"count":6,"lazyClass":2,"maxEnd":89335,"minStart":19965,"nclist":[[0,19965,22925,1,"lamu_GLEAN_10000724",1,"scaffold384","GLEAN",[[1,19965,20130,1,0,"scaffold384","GLEAN","CDS"],[1,20307,21097,1,0,"scaffold384","GLEAN","CDS"],[1,21453,21627,1,2,"scaffold384","GLEAN","CDS"],[1,21802,21990,1,2,"scaffold384","GLEAN","CDS"],[1,22274,22925,1,0,"scaffold384","GLEAN","CDS"]],"mRNA"],[0,29243,30993,1,"lamu_GLEAN_10000725",0.693935,"scaffold384","GLEAN",[[1,29243,29462,1,0,"scaffold384","GLEAN","CDS"],[1,29544,29607,1,0,"scaffold384","GLEAN","CDS"],[1,30263,30418,1,0,"scaffold384","GLEAN","CDS"],[1,30571,30697,1,1,"scaffold384","GLEAN","CDS"],[1,30797,30993,1,1,"scaffold384","GLEAN","CDS"]],"mRNA"],[0,42448,44396,1,"lamu_GLEAN_10000726",0.503837,"scaffold384","GLEAN",[[1,42448,42662,1,0,"scaffold384","GLEAN","CDS"],[1,43159,43723,1,2,"scaffold384","GLEAN","CDS"],[1,44355,44396,1,2,"scaffold384","GLEAN","CDS"]],"mRNA"],[0,56499,57065,1,"lamu_GLEAN_10000727",1,"scaffold384","GLEAN",[[1,56499,56742,1,0,"scaffold384","GLEAN","CDS"],[1,56939,57065,1,0,"scaffold384","GLEAN","CDS"]],"mRNA"],[0,69403,72462,1,"lamu_GLEAN_10000728",0.686613,"scaffold384","GLEAN",[[1,69403,69481,1,0,"scaffold384","GLEAN","CDS"],[1,70337,70511,1,0,"scaffold384","GLEAN","CDS"],[1,71081,71192,1,0,"scaffold384","GLEAN","CDS"],[1,71795,71970,1,0,"scaffold384","GLEAN","CDS"],[1,72046,72219,1,2,"scaffold384","GLEAN","CDS"],[1,72330,72462,1,0,"scaffold384","GLEAN","CDS"]],"mRNA"],[0,88888,89335,1,"lamu_GLEAN_10000729",1,"scaffold384","GLEAN",[[1,88888,89335,1,0,"scaffold384","GLEAN","CDS"]],"mRNA"]],"urlTemplate":"lf-{Chunk}.json"}}