{"featureCount":11,"formatVersion":1,"histograms":{"meta":[{"arrayParams":{"chunkSize":10000,"length":3,"urlTemplate":"hist-100000-{Chunk}.json"},"basesPerBin":"100000"}],"stats":[{"basesPerBin":"100000","max":6,"mean":3.66666666666667}]},"intervals":{"classes":[{"attributes":["Start","End","Strand","Id","Score","Seq_id","Source","Subfeatures","Type"],"isArrayAttr":{"Subfeatures":1}},{"attributes":["Start","End","Strand","Phase","Seq_id","Source","Type"],"isArrayAttr":{}},{"attributes":["Start","End","Chunk"],"isArrayAttr":{"Sublist":1}}],"count":11,"lazyClass":2,"maxEnd":287687,"minStart":53781,"nclist":[[0,53781,66130,1,"lamu_GLEAN_10002798",0.995582,"scaffold106","GLEAN",[[1,53781,53932,1,0,"scaffold106","GLEAN","CDS"],[1,56403,56472,1,2,"scaffold106","GLEAN","CDS"],[1,56547,56823,1,2,"scaffold106","GLEAN","CDS"],[1,56964,57380,1,2,"scaffold106","GLEAN","CDS"],[1,65815,66130,1,0,"scaffold106","GLEAN","CDS"]],"mRNA"],[0,90776,91358,-1,"lamu_GLEAN_10002799",0.901962,"scaffold106","GLEAN",[[1,90776,91358,-1,0,"scaffold106","GLEAN","CDS"]],"mRNA"],[0,121986,122529,1,"lamu_GLEAN_10002800",0.999999,"scaffold106","GLEAN",[[1,121986,122529,1,0,"scaffold106","GLEAN","CDS"]],"mRNA"],[0,163403,164770,-1,"lamu_GLEAN_10002801",0.995786,"scaffold106","GLEAN",[[1,164568,164770,-1,0,"scaffold106","GLEAN","CDS"],[1,164175,164472,-1,2,"scaffold106","GLEAN","CDS"],[1,163403,163528,-1,2,"scaffold106","GLEAN","CDS"]],"mRNA"],[0,176671,179141,-1,"lamu_GLEAN_10002802",0.603916,"scaffold106","GLEAN",[[1,178820,179141,-1,0,"scaffold106","GLEAN","CDS"],[1,178418,178480,-1,0,"scaffold106","GLEAN","CDS"],[1,177835,177962,-1,1,"scaffold106","GLEAN","CDS"],[1,177116,177231,-1,0,"scaffold106","GLEAN","CDS"],[1,176671,177003,-1,2,"scaffold106","GLEAN","CDS"]],"mRNA"],[0,231024,233553,1,"lamu_GLEAN_10002803",1,"scaffold106","GLEAN",[[1,231024,233553,1,0,"scaffold106","GLEAN","CDS"]],"mRNA"],[0,241378,242794,-1,"lamu_GLEAN_10002804",0.517703,"scaffold106","GLEAN",[[1,242194,242794,-1,0,"scaffold106","GLEAN","CDS"],[1,241947,242097,-1,0,"scaffold106","GLEAN","CDS"],[1,241378,241684,-1,0,"scaffold106","GLEAN","CDS"]],"mRNA"],[0,248296,256848,1,"lamu_GLEAN_10002805",0.129887,"scaffold106","GLEAN",[[1,248296,248317,1,0,"scaffold106","GLEAN","CDS"],[1,248419,248460,1,0,"scaffold106","GLEAN","CDS"],[1,249045,249109,1,1,"scaffold106","GLEAN","CDS"],[1,249208,249257,1,0,"scaffold106","GLEAN","CDS"],[1,249333,249427,1,2,"scaffold106","GLEAN","CDS"],[1,249650,249686,1,1,"scaffold106","GLEAN","CDS"],[1,251591,251621,1,1,"scaffold106","GLEAN","CDS"],[1,251712,251767,1,1,"scaffold106","GLEAN","CDS"],[1,251891,251940,1,0,"scaffold106","GLEAN","CDS"],[1,252049,252143,1,2,"scaffold106","GLEAN","CDS"],[1,252971,253029,1,1,"scaffold106","GLEAN","CDS"],[1,254001,254229,1,0,"scaffold106","GLEAN","CDS"],[1,254371,254494,1,0,"scaffold106","GLEAN","CDS"],[1,255516,255606,1,0,"scaffold106","GLEAN","CDS"],[1,255732,255894,1,0,"scaffold106","GLEAN","CDS"],[1,255996,256056,1,0,"scaffold106","GLEAN","CDS"],[1,256204,256303,1,0,"scaffold106","GLEAN","CDS"],[1,256454,256558,1,0,"scaffold106","GLEAN","CDS"],[1,256712,256848,1,1,"scaffold106","GLEAN","CDS"]],"mRNA"],[0,267143,267861,1,"lamu_GLEAN_10002806",0.886799,"scaffold106","GLEAN",[[1,267143,267174,1,0,"scaffold106","GLEAN","CDS"],[1,267306,267376,1,2,"scaffold106","GLEAN","CDS"],[1,267812,267861,1,1,"scaffold106","GLEAN","CDS"]],"mRNA"],[0,267891,273455,1,"lamu_GLEAN_10002807",0.934123,"scaffold106","GLEAN",[[1,267891,267909,1,0,"scaffold106","GLEAN","CDS"],[1,268107,268173,1,0,"scaffold106","GLEAN","CDS"],[1,272949,272997,1,0,"scaffold106","GLEAN","CDS"],[1,273169,273271,1,0,"scaffold106","GLEAN","CDS"],[1,273425,273455,1,0,"scaffold106","GLEAN","CDS"]],"mRNA"],[0,286475,287687,-1,"lamu_GLEAN_10002808",0.627985,"scaffold106","GLEAN",[[1,287557,287687,-1,0,"scaffold106","GLEAN","CDS"],[1,287396,287457,-1,2,"scaffold106","GLEAN","CDS"],[1,286475,287241,-1,1,"scaffold106","GLEAN","CDS"]],"mRNA"]],"urlTemplate":"lf-{Chunk}.json"}}