{"featureCount":4,"formatVersion":1,"histograms":{"meta":[{"arrayParams":{"chunkSize":10000,"length":1,"urlTemplate":"hist-50000-{Chunk}.json"},"basesPerBin":"50000"}],"stats":[{"basesPerBin":"50000","max":4,"mean":4}]},"intervals":{"classes":[{"attributes":["Start","End","Strand","Id","Score","Seq_id","Source","Subfeatures","Type"],"isArrayAttr":{"Subfeatures":1}},{"attributes":["Start","End","Strand","Phase","Seq_id","Source","Type"],"isArrayAttr":{}},{"attributes":["Start","End","Chunk"],"isArrayAttr":{"Sublist":1}}],"count":4,"lazyClass":2,"maxEnd":36688,"minStart":6901,"nclist":[[0,6901,10809,-1,"lamu_GLEAN_10000427",0.772197,"scaffold457","GLEAN",[[1,10476,10809,-1,0,"scaffold457","GLEAN","CDS"],[1,9426,9609,-1,0,"scaffold457","GLEAN","CDS"],[1,8846,9003,-1,0,"scaffold457","GLEAN","CDS"],[1,8240,8355,-1,2,"scaffold457","GLEAN","CDS"],[1,8078,8159,-1,1,"scaffold457","GLEAN","CDS"],[1,7105,7130,-1,1,"scaffold457","GLEAN","CDS"],[1,6901,6994,-1,0,"scaffold457","GLEAN","CDS"]],"mRNA"],[0,19827,20835,1,"lamu_GLEAN_10000428",1,"scaffold457","GLEAN",[[1,19827,20835,1,0,"scaffold457","GLEAN","CDS"]],"mRNA"],[0,22029,23037,1,"lamu_GLEAN_10000429",1,"scaffold457","GLEAN",[[1,22029,23037,1,0,"scaffold457","GLEAN","CDS"]],"mRNA"],[0,24328,36688,-1,"lamu_GLEAN_10000430",0.994546,"scaffold457","GLEAN",[[1,36584,36688,-1,0,"scaffold457","GLEAN","CDS"],[1,35656,35705,-1,1,"scaffold457","GLEAN","CDS"],[1,34947,35007,-1,0,"scaffold457","GLEAN","CDS"],[1,34771,34863,-1,0,"scaffold457","GLEAN","CDS"],[1,33957,34009,-1,1,"scaffold457","GLEAN","CDS"],[1,33765,33828,-1,0,"scaffold457","GLEAN","CDS"],[1,33559,33609,-1,0,"scaffold457","GLEAN","CDS"],[1,33143,33219,-1,1,"scaffold457","GLEAN","CDS"],[1,32383,32593,-1,0,"scaffold457","GLEAN","CDS"],[1,32149,32256,-1,0,"scaffold457","GLEAN","CDS"],[1,31917,32026,-1,1,"scaffold457","GLEAN","CDS"],[1,30371,30572,-1,0,"scaffold457","GLEAN","CDS"],[1,30058,30274,-1,0,"scaffold457","GLEAN","CDS"],[1,28907,29018,-1,0,"scaffold457","GLEAN","CDS"],[1,27250,27526,-1,0,"scaffold457","GLEAN","CDS"],[1,26280,26555,-1,0,"scaffold457","GLEAN","CDS"],[1,25533,25882,-1,1,"scaffold457","GLEAN","CDS"],[1,25138,25423,-1,0,"scaffold457","GLEAN","CDS"],[1,24328,24910,-1,0,"scaffold457","GLEAN","CDS"]],"mRNA"]],"urlTemplate":"lf-{Chunk}.json"}}