{"featureCount":17,"formatVersion":1,"histograms":{"meta":[{"arrayParams":{"chunkSize":10000,"length":7,"urlTemplate":"hist-20000-{Chunk}.json"},"basesPerBin":"20000"}],"stats":[{"basesPerBin":"20000","max":5,"mean":2.71428571428571}]},"intervals":{"classes":[{"attributes":["Start","End","Strand","Id","Score","Seq_id","Source","Subfeatures","Type"],"isArrayAttr":{"Subfeatures":1}},{"attributes":["Start","End","Strand","Phase","Seq_id","Source","Type"],"isArrayAttr":{}},{"attributes":["Start","End","Chunk"],"isArrayAttr":{"Sublist":1}}],"count":17,"lazyClass":2,"maxEnd":122555,"minStart":4579,"nclist":[[0,4579,5642,1,"lamu_GLEAN_10000777",0.629851,"scaffold270","GLEAN",[[1,4579,4660,1,0,"scaffold270","GLEAN","CDS"],[1,5426,5642,1,0,"scaffold270","GLEAN","CDS"]],"mRNA"],[0,6853,16941,1,"lamu_GLEAN_10000778",0.691641,"scaffold270","GLEAN",[[1,6853,7042,1,0,"scaffold270","GLEAN","CDS"],[1,7716,7854,1,0,"scaffold270","GLEAN","CDS"],[1,8381,8496,1,0,"scaffold270","GLEAN","CDS"],[1,8793,8870,1,2,"scaffold270","GLEAN","CDS"],[1,13018,13125,1,0,"scaffold270","GLEAN","CDS"],[1,14342,14463,1,1,"scaffold270","GLEAN","CDS"],[1,15112,15195,1,0,"scaffold270","GLEAN","CDS"],[1,16409,16476,1,1,"scaffold270","GLEAN","CDS"],[1,16587,16645,1,0,"scaffold270","GLEAN","CDS"],[1,16751,16843,1,2,"scaffold270","GLEAN","CDS"],[1,16887,16941,1,0,"scaffold270","GLEAN","CDS"]],"mRNA"],[0,32787,34808,1,"lamu_GLEAN_10000779",0.823437,"scaffold270","GLEAN",[[1,32787,33295,1,0,"scaffold270","GLEAN","CDS"],[1,34467,34808,1,2,"scaffold270","GLEAN","CDS"]],"mRNA"],[0,49754,56856,-1,"lamu_GLEAN_10000780",0.649815,"scaffold270","GLEAN",[[1,56738,56856,-1,0,"scaffold270","GLEAN","CDS"],[1,56179,56259,-1,2,"scaffold270","GLEAN","CDS"],[1,55294,55412,-1,0,"scaffold270","GLEAN","CDS"],[1,54704,54769,-1,2,"scaffold270","GLEAN","CDS"],[1,54465,54549,-1,0,"scaffold270","GLEAN","CDS"],[1,53956,54007,-1,0,"scaffold270","GLEAN","CDS"],[1,53663,53710,-1,0,"scaffold270","GLEAN","CDS"],[1,53246,53316,-1,1,"scaffold270","GLEAN","CDS"],[1,52764,52854,-1,0,"scaffold270","GLEAN","CDS"],[1,52634,52673,-1,0,"scaffold270","GLEAN","CDS"],[1,51957,52107,-1,0,"scaffold270","GLEAN","CDS"],[1,51805,51883,-1,0,"scaffold270","GLEAN","CDS"],[1,50829,50910,-1,0,"scaffold270","GLEAN","CDS"],[1,50469,50563,-1,0,"scaffold270","GLEAN","CDS"],[1,49754,49819,-1,2,"scaffold270","GLEAN","CDS"]],"mRNA"],[0,57708,59178,1,"lamu_GLEAN_10000781",0.803599,"scaffold270","GLEAN",[[1,57708,57962,1,0,"scaffold270","GLEAN","CDS"],[1,58293,58910,1,1,"scaffold270","GLEAN","CDS"],[1,59122,59178,1,2,"scaffold270","GLEAN","CDS"]],"mRNA"],[0,59558,63618,-1,"lamu_GLEAN_10000782",0.996877,"scaffold270","GLEAN",[[1,63287,63618,-1,0,"scaffold270","GLEAN","CDS"],[1,61883,61978,-1,2,"scaffold270","GLEAN","CDS"],[1,61712,61814,-1,0,"scaffold270","GLEAN","CDS"],[1,60407,60580,-1,0,"scaffold270","GLEAN","CDS"],[1,60150,60253,-1,1,"scaffold270","GLEAN","CDS"],[1,59910,60069,-1,0,"scaffold270","GLEAN","CDS"],[1,59558,59729,-1,0,"scaffold270","GLEAN","CDS"]],"mRNA"],[0,64785,66039,1,"lamu_GLEAN_10000783",1,"scaffold270","GLEAN",[[1,64785,66039,1,0,"scaffold270","GLEAN","CDS"]],"mRNA"],[0,70871,71389,1,"lamu_GLEAN_10000784",0.727662,"scaffold270","GLEAN",[[1,70871,70963,1,0,"scaffold270","GLEAN","CDS"],[1,71304,71389,1,1,"scaffold270","GLEAN","CDS"]],"mRNA"],[0,71981,72521,1,"lamu_GLEAN_10000785",0.906224,"scaffold270","GLEAN",[[1,71981,72521,1,0,"scaffold270","GLEAN","CDS"]],"mRNA"],[0,74056,82014,-1,"lamu_GLEAN_10000786",0.711762,"scaffold270","GLEAN",[[1,81795,82014,-1,0,"scaffold270","GLEAN","CDS"],[1,81549,81703,-1,0,"scaffold270","GLEAN","CDS"],[1,80107,80266,-1,2,"scaffold270","GLEAN","CDS"],[1,78330,78489,-1,2,"scaffold270","GLEAN","CDS"],[1,77164,77252,-1,2,"scaffold270","GLEAN","CDS"],[1,76301,76386,-1,1,"scaffold270","GLEAN","CDS"],[1,75992,76090,-1,0,"scaffold270","GLEAN","CDS"],[1,75825,75881,-1,1,"scaffold270","GLEAN","CDS"],[1,75532,75650,-1,2,"scaffold270","GLEAN","CDS"],[1,75344,75372,-1,1,"scaffold270","GLEAN","CDS"],[1,75141,75233,-1,0,"scaffold270","GLEAN","CDS"],[1,74884,75041,-1,1,"scaffold270","GLEAN","CDS"],[1,74686,74811,-1,0,"scaffold270","GLEAN","CDS"],[1,74404,74504,-1,1,"scaffold270","GLEAN","CDS"],[1,74056,74125,-1,0,"scaffold270","GLEAN","CDS"]],"mRNA"],[0,84974,86027,-1,"lamu_GLEAN_10000787",0.999923,"scaffold270","GLEAN",[[1,84974,86027,-1,0,"scaffold270","GLEAN","CDS"]],"mRNA"],[0,90347,94063,1,"lamu_GLEAN_10000788",0.997786,"scaffold270","GLEAN",[[1,90347,90516,1,0,"scaffold270","GLEAN","CDS"],[1,90665,90798,1,2,"scaffold270","GLEAN","CDS"],[1,91478,91590,1,1,"scaffold270","GLEAN","CDS"],[1,92179,92296,1,0,"scaffold270","GLEAN","CDS"],[1,92483,92570,1,0,"scaffold270","GLEAN","CDS"],[1,93436,93496,1,0,"scaffold270","GLEAN","CDS"],[1,93573,93651,1,0,"scaffold270","GLEAN","CDS"],[1,93738,93810,1,0,"scaffold270","GLEAN","CDS"],[1,93904,94063,1,0,"scaffold270","GLEAN","CDS"]],"mRNA"],[0,94879,97118,-1,"lamu_GLEAN_10000789",0.987727,"scaffold270","GLEAN",[[1,97097,97118,-1,0,"scaffold270","GLEAN","CDS"],[1,96915,97012,-1,0,"scaffold270","GLEAN","CDS"],[1,96786,96824,-1,2,"scaffold270","GLEAN","CDS"],[1,95512,95572,-1,0,"scaffold270","GLEAN","CDS"],[1,95362,95437,-1,0,"scaffold270","GLEAN","CDS"],[1,94879,94990,-1,0,"scaffold270","GLEAN","CDS"]],"mRNA"],[0,100520,104091,1,"lamu_GLEAN_10000790",0.995909,"scaffold270","GLEAN",[[1,100520,101186,1,0,"scaffold270","GLEAN","CDS"],[1,102065,102566,1,0,"scaffold270","GLEAN","CDS"],[1,102833,102893,1,0,"scaffold270","GLEAN","CDS"],[1,103013,103430,1,0,"scaffold270","GLEAN","CDS"],[1,103518,104091,1,0,"scaffold270","GLEAN","CDS"]],"mRNA"],[0,106353,107885,-1,"lamu_GLEAN_10000791",0.54655,"scaffold270","GLEAN",[[1,107679,107885,-1,0,"scaffold270","GLEAN","CDS"],[1,107097,107250,-1,1,"scaffold270","GLEAN","CDS"],[1,106353,106555,-1,1,"scaffold270","GLEAN","CDS"]],"mRNA"],[0,108593,114666,1,"lamu_GLEAN_10000792",0.998792,"scaffold270","GLEAN",[[1,108593,108677,1,0,"scaffold270","GLEAN","CDS"],[1,108841,108931,1,0,"scaffold270","GLEAN","CDS"],[1,109131,109236,1,0,"scaffold270","GLEAN","CDS"],[1,109707,109809,1,0,"scaffold270","GLEAN","CDS"],[1,109920,110005,1,0,"scaffold270","GLEAN","CDS"],[1,110481,110551,1,2,"scaffold270","GLEAN","CDS"],[1,110667,110712,1,1,"scaffold270","GLEAN","CDS"],[1,111161,113477,1,1,"scaffold270","GLEAN","CDS"],[1,113696,113913,1,1,"scaffold270","GLEAN","CDS"],[1,114159,114666,1,0,"scaffold270","GLEAN","CDS"]],"mRNA"],[0,120165,122555,-1,"lamu_GLEAN_10000793",1,"scaffold270","GLEAN",[[1,122492,122555,-1,0,"scaffold270","GLEAN","CDS"],[1,121947,122363,-1,0,"scaffold270","GLEAN","CDS"],[1,120165,121441,-1,1,"scaffold270","GLEAN","CDS"]],"mRNA"]],"urlTemplate":"lf-{Chunk}.json"}}