{"featureCount":4,"formatVersion":1,"histograms":{"meta":[{"arrayParams":{"chunkSize":10000,"length":2,"urlTemplate":"hist-100000-{Chunk}.json"},"basesPerBin":"100000"}],"stats":[{"basesPerBin":"100000","max":3,"mean":2.5}]},"intervals":{"classes":[{"attributes":["Start","End","Strand","Id","Score","Seq_id","Source","Subfeatures","Type"],"isArrayAttr":{"Subfeatures":1}},{"attributes":["Start","End","Strand","Phase","Seq_id","Source","Type"],"isArrayAttr":{}},{"attributes":["Start","End","Chunk"],"isArrayAttr":{"Sublist":1}}],"count":4,"lazyClass":2,"maxEnd":127878,"minStart":8132,"nclist":[[0,8132,8894,-1,"lamu_GLEAN_10001227",1,"scaffold302","GLEAN",[[1,8132,8894,-1,0,"scaffold302","GLEAN","CDS"]],"mRNA"],[0,33377,36476,-1,"lamu_GLEAN_10001228",0.696416,"scaffold302","GLEAN",[[1,36258,36476,-1,0,"scaffold302","GLEAN","CDS"],[1,35736,35813,-1,1,"scaffold302","GLEAN","CDS"],[1,35537,35614,-1,2,"scaffold302","GLEAN","CDS"],[1,35385,35423,-1,0,"scaffold302","GLEAN","CDS"],[1,34468,34622,-1,1,"scaffold302","GLEAN","CDS"],[1,34230,34379,-1,0,"scaffold302","GLEAN","CDS"],[1,33503,33813,-1,1,"scaffold302","GLEAN","CDS"],[1,33377,33434,-1,0,"scaffold302","GLEAN","CDS"]],"mRNA"],[0,99302,101603,1,"lamu_GLEAN_10001229",0.673474,"scaffold302","GLEAN",[[1,99302,99355,1,0,"scaffold302","GLEAN","CDS"],[1,99466,99498,1,1,"scaffold302","GLEAN","CDS"],[1,100240,100482,1,2,"scaffold302","GLEAN","CDS"],[1,101257,101494,1,0,"scaffold302","GLEAN","CDS"],[1,101594,101603,1,0,"scaffold302","GLEAN","CDS"]],"mRNA"],[0,107824,127878,-1,"lamu_GLEAN_10001230",0.256828,"scaffold302","GLEAN",[[1,127814,127878,-1,0,"scaffold302","GLEAN","CDS"],[1,126210,126356,-1,2,"scaffold302","GLEAN","CDS"],[1,126020,126092,-1,0,"scaffold302","GLEAN","CDS"],[1,121241,121314,-1,0,"scaffold302","GLEAN","CDS"],[1,121079,121145,-1,2,"scaffold302","GLEAN","CDS"],[1,120915,120962,-1,2,"scaffold302","GLEAN","CDS"],[1,119811,119946,-1,0,"scaffold302","GLEAN","CDS"],[1,119635,119701,-1,0,"scaffold302","GLEAN","CDS"],[1,119492,119550,-1,0,"scaffold302","GLEAN","CDS"],[1,118388,118825,-1,2,"scaffold302","GLEAN","CDS"],[1,117116,117188,-1,0,"scaffold302","GLEAN","CDS"],[1,115351,115423,-1,0,"scaffold302","GLEAN","CDS"],[1,111220,111271,-1,0,"scaffold302","GLEAN","CDS"],[1,109219,109279,-1,0,"scaffold302","GLEAN","CDS"],[1,108994,109144,-1,0,"scaffold302","GLEAN","CDS"],[1,107824,108073,-1,0,"scaffold302","GLEAN","CDS"]],"mRNA"]],"urlTemplate":"lf-{Chunk}.json"}}