{"featureCount":38,"formatVersion":1,"histograms":{"meta":[{"arrayParams":{"chunkSize":10000,"length":11,"urlTemplate":"hist-100000-{Chunk}.json"},"basesPerBin":"100000"}],"stats":[{"basesPerBin":"100000","max":6,"mean":3.54545454545455}]},"intervals":{"classes":[{"attributes":["Start","End","Strand","Id","Score","Seq_id","Source","Subfeatures","Type"],"isArrayAttr":{"Subfeatures":1}},{"attributes":["Start","End","Strand","Phase","Seq_id","Source","Type"],"isArrayAttr":{}},{"attributes":["Start","End","Chunk"],"isArrayAttr":{"Sublist":1}}],"count":38,"lazyClass":2,"maxEnd":1075221,"minStart":3209,"nclist":[[0,3209,6289,1,"lamu_GLEAN_10005642",0.782478,"scaffold58","GLEAN",[[1,3209,3246,1,0,"scaffold58","GLEAN","CDS"],[1,3876,4021,1,2,"scaffold58","GLEAN","CDS"],[1,4123,4184,1,1,"scaffold58","GLEAN","CDS"],[1,4665,4968,1,0,"scaffold58","GLEAN","CDS"],[1,5069,5195,1,0,"scaffold58","GLEAN","CDS"],[1,5279,5528,1,0,"scaffold58","GLEAN","CDS"],[1,5614,5773,1,0,"scaffold58","GLEAN","CDS"],[1,5858,6037,1,0,"scaffold58","GLEAN","CDS"],[1,6126,6289,1,1,"scaffold58","GLEAN","CDS"]],"mRNA"],[0,7515,11166,1,"lamu_GLEAN_10005643",0.999889,"scaffold58","GLEAN",[[1,7515,7673,1,0,"scaffold58","GLEAN","CDS"],[1,8666,8724,1,1,"scaffold58","GLEAN","CDS"],[1,10020,10110,1,0,"scaffold58","GLEAN","CDS"],[1,10901,11019,1,0,"scaffold58","GLEAN","CDS"],[1,11098,11166,1,2,"scaffold58","GLEAN","CDS"]],"mRNA"],[0,34737,45082,1,"lamu_GLEAN_10005644",0.576984,"scaffold58","GLEAN",[[1,34737,35025,1,0,"scaffold58","GLEAN","CDS"],[1,35419,35578,1,0,"scaffold58","GLEAN","CDS"],[1,36973,37845,1,0,"scaffold58","GLEAN","CDS"],[1,38887,39092,1,1,"scaffold58","GLEAN","CDS"],[1,39792,39829,1,0,"scaffold58","GLEAN","CDS"],[1,40071,40093,1,2,"scaffold58","GLEAN","CDS"],[1,40210,40313,1,1,"scaffold58","GLEAN","CDS"],[1,40430,40638,1,0,"scaffold58","GLEAN","CDS"],[1,42562,43074,1,2,"scaffold58","GLEAN","CDS"],[1,43654,44081,1,0,"scaffold58","GLEAN","CDS"],[1,44400,44481,1,2,"scaffold58","GLEAN","CDS"],[1,44630,44821,1,2,"scaffold58","GLEAN","CDS"],[1,44893,45082,1,0,"scaffold58","GLEAN","CDS"]],"mRNA"],[0,48294,50385,1,"lamu_GLEAN_10005645",0.831034,"scaffold58","GLEAN",[[1,48294,48384,1,0,"scaffold58","GLEAN","CDS"],[1,49575,50385,1,0,"scaffold58","GLEAN","CDS"]],"mRNA"],[0,55525,60480,-1,"lamu_GLEAN_10005646",0.999201,"scaffold58","GLEAN",[[1,60377,60480,-1,0,"scaffold58","GLEAN","CDS"],[1,57242,57867,-1,2,"scaffold58","GLEAN","CDS"],[1,56464,56750,-1,1,"scaffold58","GLEAN","CDS"],[1,55525,55576,-1,0,"scaffold58","GLEAN","CDS"]],"mRNA"],[0,92540,95434,1,"lamu_GLEAN_10005647",0.998652,"scaffold58","GLEAN",[[1,92540,94314,1,0,"scaffold58","GLEAN","CDS"],[1,94988,95434,1,2,"scaffold58","GLEAN","CDS"]],"mRNA"],[0,103962,118985,-1,"lamu_GLEAN_10005648",0.560654,"scaffold58","GLEAN",[[1,118904,118985,-1,0,"scaffold58","GLEAN","CDS"],[1,115283,115491,-1,0,"scaffold58","GLEAN","CDS"],[1,108051,108278,-1,2,"scaffold58","GLEAN","CDS"],[1,103962,104118,-1,0,"scaffold58","GLEAN","CDS"]],"mRNA"],[0,125799,128256,-1,"lamu_GLEAN_10005649",0.99751,"scaffold58","GLEAN",[[1,126809,128256,-1,0,"scaffold58","GLEAN","CDS"],[1,125799,126548,-1,2,"scaffold58","GLEAN","CDS"]],"mRNA"],[0,163047,164798,-1,"lamu_GLEAN_10005650",0.522341,"scaffold58","GLEAN",[[1,164652,164798,-1,0,"scaffold58","GLEAN","CDS"],[1,164506,164569,-1,1,"scaffold58","GLEAN","CDS"],[1,164282,164399,-1,1,"scaffold58","GLEAN","CDS"],[1,163931,164181,-1,1,"scaffold58","GLEAN","CDS"],[1,163785,163833,-1,0,"scaffold58","GLEAN","CDS"],[1,163437,163589,-1,0,"scaffold58","GLEAN","CDS"],[1,163047,163327,-1,1,"scaffold58","GLEAN","CDS"]],"mRNA"],[0,209124,222872,-1,"lamu_GLEAN_10005651",0.994365,"scaffold58","GLEAN",[[1,222732,222872,-1,0,"scaffold58","GLEAN","CDS"],[1,220652,220907,-1,1,"scaffold58","GLEAN","CDS"],[1,219576,219721,-1,1,"scaffold58","GLEAN","CDS"],[1,219397,219457,-1,0,"scaffold58","GLEAN","CDS"],[1,219182,219278,-1,0,"scaffold58","GLEAN","CDS"],[1,216207,216627,-1,0,"scaffold58","GLEAN","CDS"],[1,214501,214642,-1,0,"scaffold58","GLEAN","CDS"],[1,214221,214392,-1,0,"scaffold58","GLEAN","CDS"],[1,211783,212041,-1,0,"scaffold58","GLEAN","CDS"],[1,211555,211704,-1,0,"scaffold58","GLEAN","CDS"],[1,210543,211104,-1,1,"scaffold58","GLEAN","CDS"],[1,209709,209983,-1,1,"scaffold58","GLEAN","CDS"],[1,209124,209304,-1,0,"scaffold58","GLEAN","CDS"]],"mRNA"],[0,253305,255439,-1,"lamu_GLEAN_10005652",0.999552,"scaffold58","GLEAN",[[1,255327,255439,-1,0,"scaffold58","GLEAN","CDS"],[1,254382,254600,-1,2,"scaffold58","GLEAN","CDS"],[1,253305,253869,-1,0,"scaffold58","GLEAN","CDS"]],"mRNA"],[0,280698,282873,-1,"lamu_GLEAN_10005653",0.998959,"scaffold58","GLEAN",[[1,282383,282873,-1,0,"scaffold58","GLEAN","CDS"],[1,280698,281168,-1,2,"scaffold58","GLEAN","CDS"]],"mRNA"],[0,293206,293962,1,"lamu_GLEAN_10005654",1,"scaffold58","GLEAN",[[1,293206,293962,1,0,"scaffold58","GLEAN","CDS"]],"mRNA"],[0,381967,382775,1,"lamu_GLEAN_10005655",0.830359,"scaffold58","GLEAN",[[1,381967,382168,1,0,"scaffold58","GLEAN","CDS"],[1,382472,382571,1,0,"scaffold58","GLEAN","CDS"],[1,382709,382775,1,0,"scaffold58","GLEAN","CDS"]],"mRNA"],[0,406580,407009,1,"lamu_GLEAN_10005656",0.985249,"scaffold58","GLEAN",[[1,406580,407009,1,0,"scaffold58","GLEAN","CDS"]],"mRNA"],[0,424785,427080,-1,"lamu_GLEAN_10005657",0.99993,"scaffold58","GLEAN",[[1,424785,427080,-1,0,"scaffold58","GLEAN","CDS"]],"mRNA"],[0,466722,468903,1,"lamu_GLEAN_10005658",0.998776,"scaffold58","GLEAN",[[1,466722,468903,1,0,"scaffold58","GLEAN","CDS"]],"mRNA"],[0,474364,478812,-1,"lamu_GLEAN_10005659",0.398234,"scaffold58","GLEAN",[[1,478735,478812,-1,0,"scaffold58","GLEAN","CDS"],[1,478297,478419,-1,1,"scaffold58","GLEAN","CDS"],[1,477916,478126,-1,2,"scaffold58","GLEAN","CDS"],[1,477546,477731,-1,2,"scaffold58","GLEAN","CDS"],[1,477237,477373,-1,0,"scaffold58","GLEAN","CDS"],[1,476937,477034,-1,2,"scaffold58","GLEAN","CDS"],[1,476712,476813,-1,1,"scaffold58","GLEAN","CDS"],[1,476403,476567,-1,2,"scaffold58","GLEAN","CDS"],[1,476224,476308,-1,0,"scaffold58","GLEAN","CDS"],[1,475986,476058,-1,0,"scaffold58","GLEAN","CDS"],[1,475768,475885,-1,0,"scaffold58","GLEAN","CDS"],[1,475172,475268,-1,0,"scaffold58","GLEAN","CDS"],[1,474920,475042,-1,0,"scaffold58","GLEAN","CDS"],[1,474364,474419,-1,1,"scaffold58","GLEAN","CDS"]],"mRNA"],[0,493941,495789,-1,"lamu_GLEAN_10005660",0.99993,"scaffold58","GLEAN",[[1,493941,495789,-1,0,"scaffold58","GLEAN","CDS"]],"mRNA"],[0,502541,511223,1,"lamu_GLEAN_10005661",0.52099,"scaffold58","GLEAN",[[1,502541,502701,1,0,"scaffold58","GLEAN","CDS"],[1,502830,502931,1,2,"scaffold58","GLEAN","CDS"],[1,503914,504125,1,0,"scaffold58","GLEAN","CDS"],[1,504432,504514,1,2,"scaffold58","GLEAN","CDS"],[1,506484,506773,1,1,"scaffold58","GLEAN","CDS"],[1,508372,508475,1,0,"scaffold58","GLEAN","CDS"],[1,508571,508708,1,2,"scaffold58","GLEAN","CDS"],[1,509410,509584,1,0,"scaffold58","GLEAN","CDS"],[1,510337,510540,1,0,"scaffold58","GLEAN","CDS"],[1,510623,510798,1,1,"scaffold58","GLEAN","CDS"],[1,511136,511223,1,0,"scaffold58","GLEAN","CDS"]],"mRNA"],[0,520153,525163,1,"lamu_GLEAN_10005662",0.993971,"scaffold58","GLEAN",[[1,520153,520275,1,0,"scaffold58","GLEAN","CDS"],[1,521599,521790,1,1,"scaffold58","GLEAN","CDS"],[1,522226,522284,1,2,"scaffold58","GLEAN","CDS"],[1,522365,522438,1,1,"scaffold58","GLEAN","CDS"],[1,523697,523799,1,0,"scaffold58","GLEAN","CDS"],[1,523945,524042,1,0,"scaffold58","GLEAN","CDS"],[1,524122,524251,1,2,"scaffold58","GLEAN","CDS"],[1,524322,524564,1,2,"scaffold58","GLEAN","CDS"],[1,524700,524841,1,0,"scaffold58","GLEAN","CDS"],[1,524980,525163,1,0,"scaffold58","GLEAN","CDS"]],