{"featureCount":12,"formatVersion":1,"histograms":{"meta":[{"arrayParams":{"chunkSize":10000,"length":4,"urlTemplate":"hist-200000-{Chunk}.json"},"basesPerBin":"200000"}],"stats":[{"basesPerBin":"200000","max":5,"mean":3}]},"intervals":{"classes":[{"attributes":["Start","End","Strand","Id","Score","Seq_id","Source","Subfeatures","Type"],"isArrayAttr":{"Subfeatures":1}},{"attributes":["Start","End","Strand","Phase","Seq_id","Source","Type"],"isArrayAttr":{}},{"attributes":["Start","End","Chunk"],"isArrayAttr":{"Sublist":1}}],"count":12,"lazyClass":2,"maxEnd":746998,"minStart":169179,"nclist":[[0,169179,170385,-1,"lamu_GLEAN_10003977",0.966954,"scaffold139","GLEAN",[[1,169614,170385,-1,0,"scaffold139","GLEAN","CDS"],[1,169179,169431,-1,0,"scaffold139","GLEAN","CDS"]],"mRNA"],[0,232969,234036,1,"lamu_GLEAN_10003978",0.739025,"scaffold139","GLEAN",[[1,232969,233035,1,0,"scaffold139","GLEAN","CDS"],[1,233405,233611,1,0,"scaffold139","GLEAN","CDS"],[1,233837,234036,1,1,"scaffold139","GLEAN","CDS"]],"mRNA"],[0,298034,302105,1,"lamu_GLEAN_10003979",0.310539,"scaffold139","GLEAN",[[1,298034,298110,1,0,"scaffold139","GLEAN","CDS"],[1,301097,301208,1,2,"scaffold139","GLEAN","CDS"],[1,301666,301899,1,2,"scaffold139","GLEAN","CDS"],[1,302003,302105,1,0,"scaffold139","GLEAN","CDS"]],"mRNA"],[0,403314,404744,1,"lamu_GLEAN_10003980",0.710421,"scaffold139","GLEAN",[[1,403314,403504,1,0,"scaffold139","GLEAN","CDS"],[1,403920,404049,1,2,"scaffold139","GLEAN","CDS"],[1,404214,404313,1,2,"scaffold139","GLEAN","CDS"],[1,404433,404744,1,2,"scaffold139","GLEAN","CDS"]],"mRNA"],[0,470193,470685,-1,"lamu_GLEAN_10003981",0.988522,"scaffold139","GLEAN",[[1,470193,470685,-1,0,"scaffold139","GLEAN","CDS"]],"mRNA"],[0,485710,486373,-1,"lamu_GLEAN_10003982",0.495426,"scaffold139","GLEAN",[[1,486323,486373,-1,0,"scaffold139","GLEAN","CDS"],[1,486143,486248,-1,1,"scaffold139","GLEAN","CDS"],[1,485710,485714,-1,1,"scaffold139","GLEAN","CDS"]],"mRNA"],[0,494229,495495,1,"lamu_GLEAN_10003983",0.354902,"scaffold139","GLEAN",[[1,494229,494236,1,0,"scaffold139","GLEAN","CDS"],[1,494482,494568,1,2,"scaffold139","GLEAN","CDS"],[1,494684,494945,1,0,"scaffold139","GLEAN","CDS"],[1,495432,495495,1,0,"scaffold139","GLEAN","CDS"]],"mRNA"],[0,557205,557967,1,"lamu_GLEAN_10003984",0.999366,"scaffold139","GLEAN",[[1,557205,557967,1,0,"scaffold139","GLEAN","CDS"]],"mRNA"],[0,601684,602515,1,"lamu_GLEAN_10003985",0.893747,"scaffold139","GLEAN",[[1,601684,601765,1,0,"scaffold139","GLEAN","CDS"],[1,602308,602515,1,0,"scaffold139","GLEAN","CDS"]],"mRNA"],[0,608882,609188,1,"lamu_GLEAN_10003986",0.541713,"scaffold139","GLEAN",[[1,608882,609188,1,0,"scaffold139","GLEAN","CDS"]],"mRNA"],[0,636396,644695,-1,"lamu_GLEAN_10003987",0.998705,"scaffold139","GLEAN",[[1,644139,644695,-1,0,"scaffold139","GLEAN","CDS"],[1,642194,642338,-1,2,"scaffold139","GLEAN","CDS"],[1,641931,642084,-1,2,"scaffold139","GLEAN","CDS"],[1,641677,641793,-1,2,"scaffold139","GLEAN","CDS"],[1,638795,638963,-1,0,"scaffold139","GLEAN","CDS"],[1,638483,638708,-1,0,"scaffold139","GLEAN","CDS"],[1,636396,636528,-1,0,"scaffold139","GLEAN","CDS"]],"mRNA"],[0,740205,746998,1,"lamu_GLEAN_10003988",0.979,"scaffold139","GLEAN",[[1,740205,740340,1,0,"scaffold139","GLEAN","CDS"],[1,740492,741333,1,0,"scaffold139","GLEAN","CDS"],[1,745973,746998,1,2,"scaffold139","GLEAN","CDS"]],"mRNA"]],"urlTemplate":"lf-{Chunk}.json"}}