{"featureCount":31,"formatVersion":1,"histograms":{"meta":[{"arrayParams":{"chunkSize":10000,"length":7,"urlTemplate":"hist-200000-{Chunk}.json"},"basesPerBin":"200000"}],"stats":[{"basesPerBin":"200000","max":8,"mean":4.57142857142857}]},"intervals":{"classes":[{"attributes":["Start","End","Strand","Id","Score","Seq_id","Source","Subfeatures","Type"],"isArrayAttr":{"Subfeatures":1}},{"attributes":["Start","End","Strand","Phase","Seq_id","Source","Type"],"isArrayAttr":{}},{"attributes":["Start","End","Chunk"],"isArrayAttr":{"Sublist":1}}],"count":31,"lazyClass":2,"maxEnd":1296299,"minStart":39190,"nclist":[[0,39190,39526,1,"lamu_GLEAN_10006115",0.999894,"scaffold43","GLEAN",[[1,39190,39526,1,0,"scaffold43","GLEAN","CDS"]],"mRNA"],[0,61970,62330,1,"lamu_GLEAN_10006116",0.625887,"scaffold43","GLEAN",[[1,61970,62330,1,0,"scaffold43","GLEAN","CDS"]],"mRNA"],[0,79629,79962,1,"lamu_GLEAN_10006117",0.921952,"scaffold43","GLEAN",[[1,79629,79962,1,0,"scaffold43","GLEAN","CDS"]],"mRNA"],[0,86508,87740,-1,"lamu_GLEAN_10006118",0.570347,"scaffold43","GLEAN",[[1,87615,87740,-1,0,"scaffold43","GLEAN","CDS"],[1,86508,86692,-1,1,"scaffold43","GLEAN","CDS"]],"mRNA"],[0,175625,177334,-1,"lamu_GLEAN_10006119",0.674923,"scaffold43","GLEAN",[[1,177085,177334,-1,0,"scaffold43","GLEAN","CDS"],[1,176215,176309,-1,0,"scaffold43","GLEAN","CDS"],[1,175625,175864,-1,2,"scaffold43","GLEAN","CDS"]],"mRNA"],[0,363474,363945,-1,"lamu_GLEAN_10006120",0.911381,"scaffold43","GLEAN",[[1,363474,363945,-1,0,"scaffold43","GLEAN","CDS"]],"mRNA"],[0,445595,451335,-1,"lamu_GLEAN_10006121",0.861018,"scaffold43","GLEAN",[[1,451116,451335,-1,0,"scaffold43","GLEAN","CDS"],[1,450832,450973,-1,0,"scaffold43","GLEAN","CDS"],[1,445595,445853,-1,0,"scaffold43","GLEAN","CDS"]],"mRNA"],[0,454147,460071,1,"lamu_GLEAN_10006122",0.839471,"scaffold43","GLEAN",[[1,454147,454410,1,0,"scaffold43","GLEAN","CDS"],[1,459653,460071,1,1,"scaffold43","GLEAN","CDS"]],"mRNA"],[0,566767,567244,-1,"lamu_GLEAN_10006123",0.831951,"scaffold43","GLEAN",[[1,566767,567244,-1,0,"scaffold43","GLEAN","CDS"]],"mRNA"],[0,631944,633512,1,"lamu_GLEAN_10006124",0.73175,"scaffold43","GLEAN",[[1,631944,632377,1,0,"scaffold43","GLEAN","CDS"],[1,632836,633044,1,2,"scaffold43","GLEAN","CDS"],[1,633124,633512,1,1,"scaffold43","GLEAN","CDS"]],"mRNA"],[0,682559,682898,-1,"lamu_GLEAN_10006125",0.99999,"scaffold43","GLEAN",[[1,682559,682898,-1,0,"scaffold43","GLEAN","CDS"]],"mRNA"],[0,757074,770844,1,"lamu_GLEAN_10006126",0.366623,"scaffold43","GLEAN",[[1,757074,757401,1,0,"scaffold43","GLEAN","CDS"],[1,757948,758042,1,0,"scaffold43","GLEAN","CDS"],[1,758500,758600,1,2,"scaffold43","GLEAN","CDS"],[1,761629,761832,1,1,"scaffold43","GLEAN","CDS"],[1,770599,770844,1,2,"scaffold43","GLEAN","CDS"]],"mRNA"],[0,794886,795192,1,"lamu_GLEAN_10006127",0.918603,"scaffold43","GLEAN",[[1,794886,795192,1,0,"scaffold43","GLEAN","CDS"]],"mRNA"],[0,816268,816577,1,"lamu_GLEAN_10006128",0.999991,"scaffold43","GLEAN",[[1,816268,816577,1,0,"scaffold43","GLEAN","CDS"]],"mRNA"],[0,818986,820084,-1,"lamu_GLEAN_10006129",0.851947,"scaffold43","GLEAN",[[1,819908,820084,-1,0,"scaffold43","GLEAN","CDS"],[1,819635,819727,-1,1,"scaffold43","GLEAN","CDS"],[1,818986,819300,-1,2,"scaffold43","GLEAN","CDS"]],"mRNA"],[0,867621,868104,-1,"lamu_GLEAN_10006130",0.668775,"scaffold43","GLEAN",[[1,867621,868104,-1,0,"scaffold43","GLEAN","CDS"]],"mRNA"],[0,871811,872171,-1,"lamu_GLEAN_10006131",0.629692,"scaffold43","GLEAN",[[1,871811,872171,-1,0,"scaffold43","GLEAN","CDS"]],"mRNA"],[0,942839,944252,-1,"lamu_GLEAN_10006132",0.991139,"scaffold43","GLEAN",[[1,944190,944252,-1,0,"scaffold43","GLEAN","CDS"],[1,943507,943547,-1,1,"scaffold43","GLEAN","CDS"],[1,943324,943432,-1,0,"scaffold43","GLEAN","CDS"],[1,942839,943220,-1,0,"scaffold43","GLEAN","CDS"]],"mRNA"],[0,962360,963375,-1,"lamu_GLEAN_10006133",0.999999,"scaffold43","GLEAN",[[1,962940,963375,-1,0,"scaffold43","GLEAN","CDS"],[1,962664,962749,-1,0,"scaffold43","GLEAN","CDS"],[1,962360,962581,-1,2,"scaffold43","GLEAN","CDS"]],"mRNA"],[0,997018,1000852,1,"lamu_GLEAN_10006134",0.80137,"scaffold43","GLEAN",[[1,997018,997431,1,0,"scaffold43","GLEAN","CDS"],[1,1000632,1000852,1,1,"scaffold43","GLEAN","CDS"]],"mRNA"],[0,1036425,1036782,1,"lamu_GLEAN_10006135",0.977293,"scaffold43","GLEAN",[[1,1036425,1036782,1,0,"scaffold43","GLEAN","CDS"]],"mRNA"],[0,1097362,1097881,1,"lamu_GLEAN_10006136",0.999957,"scaffold43","GLEAN",[[1,1097362,1097881,1,0,"scaffold43","GLEAN","CDS"]],"mRNA"],[0,1102243,1102591,1,"lamu_GLEAN_10006137",0.91861,"scaffold43","GLEAN",[[1,1102243,1102591,1,0,"scaffold43","GLEAN","CDS"]],"mRNA"],[0,1104446,1104815,-1,"lamu_GLEAN_10006138",0.75522,"scaffold43","GLEAN",[[1,1104446,1104815,-1,0,"scaffold43","GLEAN","CDS"]],"mRNA"],[0,1154647,1154974,1,"lamu_GLEAN_10006139",0.999972,"scaffold43","GLEAN",[[1,1154647,1154974,1,0,"scaffold43","GLEAN","CDS"]],"mRNA"],[0,1163060,1164568,1,"lamu_GLEAN_10006140",0.993884,"scaffold43","GLEAN",[[1,1163060,1163255,1,0,"scaffold43","GLEAN","CDS"],[1,1164169,1164568,1,0,"scaffold43","GLEAN","CDS"]],"mRNA"],[0,1168579,1172621,1,"lamu_GLEAN_10006141",0.54866,"scaffold43","GLEAN",[[1,1168579,1168724,1,0,"scaffold43","GLEAN","CDS"],[1,1169767,1170004,1,2,"scaffold43","GLEAN","CDS"],[1,1170749,1170882,1,2,"scaffold43","GLEAN","CDS"],[1,1172239,1172621,1,1,"scaffold43","GLEAN","CDS"]],"mRNA"],[0,1285449,1286788,1,"lamu_GLEAN_10006142",0.582497,"scaffold43","GLEAN",[[1,1285449,1286259,1,0,"scaffold43","GLEAN","CDS"],[1,1286542,1286788,1,0,"scaffold43","GLEAN","CDS"]],"mRNA"],[0,1292551,1294303,-1,"lamu_GLEAN_10006143",0.62321,"scaffold43","GLEAN",[[1,1294093,1294303,-1,0,"scaffold43","GLEAN","CDS"],[1,1292927,1293094,-1,0,"scaffold43","GLEAN","CDS"],[1,1292551,1292810,-1,1,"scaffold43","GLEAN","CDS"]],"mRNA"],[0,1294496,1294940,1,"lamu_GLEAN_10006144",0.920063,"scaffold43","GLEAN",[[1,1294496,1294940,1,0,"scaffold43","GLEAN","CDS"]],"mRNA"],[0,1295948,1296299,1,"lamu_GLEAN_10006145",0.975292,"scaffold43","GLEAN",[[1,1295948,1296299,1,0,"scaffold43","GLEAN","CDS"]],"mRNA"]],"urlTemplate":"lf-{Chunk}.json"}}