{"featureCount":31,"formatVersion":1,"histograms":{"meta":[{"arrayParams":{"chunkSize":10000,"length":7,"urlTemplate":"hist-50000-{Chunk}.json"},"basesPerBin":"50000"}],"stats":[{"basesPerBin":"50000","max":11,"mean":4.71428571428571}]},"intervals":{"classes":[{"attributes":["Start","End","Strand","Id","Score","Seq_id","Source","Subfeatures","Type"],"isArrayAttr":{"Subfeatures":1}},{"attributes":["Start","End","Strand","Phase","Seq_id","Source","Type"],"isArrayAttr":{}},{"attributes":["Start","End","Chunk"],"isArrayAttr":{"Sublist":1}}],"count":31,"lazyClass":2,"maxEnd":348648,"minStart":110491,"nclist":[[0,110491,113779,-1,"lamu_GLEAN_10001701",0.76371,"scaffold171","GLEAN",[[1,113641,113779,-1,0,"scaffold171","GLEAN","CDS"],[1,113282,113510,-1,0,"scaffold171","GLEAN","CDS"],[1,110829,111057,-1,0,"scaffold171","GLEAN","CDS"],[1,110491,110632,-1,0,"scaffold171","GLEAN","CDS"]],"mRNA"],[0,121514,122458,-1,"lamu_GLEAN_10001702",0.967668,"scaffold171","GLEAN",[[1,122137,122458,-1,0,"scaffold171","GLEAN","CDS"],[1,121777,122005,-1,0,"scaffold171","GLEAN","CDS"],[1,121514,121652,-1,0,"scaffold171","GLEAN","CDS"]],"mRNA"],[0,132491,135203,1,"lamu_GLEAN_10001703",1,"scaffold171","GLEAN",[[1,132491,132775,1,0,"scaffold171","GLEAN","CDS"],[1,134217,134378,1,1,"scaffold171","GLEAN","CDS"],[1,134462,134635,1,2,"scaffold171","GLEAN","CDS"],[1,134781,135041,1,0,"scaffold171","GLEAN","CDS"],[1,135130,135203,1,1,"scaffold171","GLEAN","CDS"]],"mRNA"],[0,136042,137689,-1,"lamu_GLEAN_10001704",0.999829,"scaffold171","GLEAN",[[1,137517,137689,-1,0,"scaffold171","GLEAN","CDS"],[1,137260,137318,-1,2,"scaffold171","GLEAN","CDS"],[1,136608,136716,-1,1,"scaffold171","GLEAN","CDS"],[1,136224,136317,-1,1,"scaffold171","GLEAN","CDS"],[1,136042,136124,-1,1,"scaffold171","GLEAN","CDS"]],"mRNA"],[0,146408,150716,1,"lamu_GLEAN_10001705",0.999304,"scaffold171","GLEAN",[[1,146408,146487,1,0,"scaffold171","GLEAN","CDS"],[1,146992,147105,1,2,"scaffold171","GLEAN","CDS"],[1,148161,148233,1,0,"scaffold171","GLEAN","CDS"],[1,149557,149593,1,0,"scaffold171","GLEAN","CDS"],[1,149826,149872,1,0,"scaffold171","GLEAN","CDS"],[1,149956,150044,1,2,"scaffold171","GLEAN","CDS"],[1,150235,150293,1,1,"scaffold171","GLEAN","CDS"],[1,150455,150716,1,0,"scaffold171","GLEAN","CDS"]],"mRNA"],[0,152607,153816,1,"lamu_GLEAN_10001706",0.999776,"scaffold171","GLEAN",[[1,152607,153816,1,0,"scaffold171","GLEAN","CDS"]],"mRNA"],[0,158290,160759,1,"lamu_GLEAN_10001707",0.998722,"scaffold171","GLEAN",[[1,158290,160759,1,0,"scaffold171","GLEAN","CDS"]],"mRNA"],[0,162171,162672,-1,"lamu_GLEAN_10001708",1,"scaffold171","GLEAN",[[1,162566,162672,-1,0,"scaffold171","GLEAN","CDS"],[1,162171,162479,-1,2,"scaffold171","GLEAN","CDS"]],"mRNA"],[0,163544,168487,-1,"lamu_GLEAN_10001709",0.991899,"scaffold171","GLEAN",[[1,168362,168487,-1,0,"scaffold171","GLEAN","CDS"],[1,167833,167910,-1,1,"scaffold171","GLEAN","CDS"],[1,167200,167271,-1,2,"scaffold171","GLEAN","CDS"],[1,164639,164818,-1,0,"scaffold171","GLEAN","CDS"],[1,164448,164531,-1,1,"scaffold171","GLEAN","CDS"],[1,163544,163924,-1,2,"scaffold171","GLEAN","CDS"]],"mRNA"],[0,170045,171620,-1,"lamu_GLEAN_10001710",1,"scaffold171","GLEAN",[[1,170045,171620,-1,0,"scaffold171","GLEAN","CDS"]],"mRNA"],[0,175104,177034,1,"lamu_GLEAN_10001711",1,"scaffold171","GLEAN",[[1,175104,175259,1,0,"scaffold171","GLEAN","CDS"],[1,175438,175544,1,1,"scaffold171","GLEAN","CDS"],[1,176779,177034,1,0,"scaffold171","GLEAN","CDS"]],"mRNA"],[0,184645,186966,1,"lamu_GLEAN_10001712",1,"scaffold171","GLEAN",[[1,184645,185047,1,0,"scaffold171","GLEAN","CDS"],[1,185717,185807,1,0,"scaffold171","GLEAN","CDS"],[1,185911,185979,1,0,"scaffold171","GLEAN","CDS"],[1,186716,186966,1,1,"scaffold171","GLEAN","CDS"]],"mRNA"],[0,187744,192765,-1,"lamu_GLEAN_10001713",0.46276,"scaffold171","GLEAN",[[1,192615,192765,-1,0,"scaffold171","GLEAN","CDS"],[1,190530,190662,-1,0,"scaffold171","GLEAN","CDS"],[1,190241,190406,-1,0,"scaffold171","GLEAN","CDS"],[1,190122,190143,-1,0,"scaffold171","GLEAN","CDS"],[1,189758,189970,-1,0,"scaffold171","GLEAN","CDS"],[1,188570,188679,-1,1,"scaffold171","GLEAN","CDS"],[1,188342,188459,-1,0,"scaffold171","GLEAN","CDS"],[1,187744,188026,-1,0,"scaffold171","GLEAN","CDS"]],"mRNA"],[0,205679,207870,1,"lamu_GLEAN_10001714",1,"scaffold171","GLEAN",[[1,205679,205754,1,0,"scaffold171","GLEAN","CDS"],[1,205882,205950,1,0,"scaffold171","GLEAN","CDS"],[1,206642,206756,1,1,"scaffold171","GLEAN","CDS"],[1,206866,207038,1,1,"scaffold171","GLEAN","CDS"],[1,207604,207754,1,0,"scaffold171","GLEAN","CDS"],[1,207843,207870,1,0,"scaffold171","GLEAN","CDS"]],"mRNA"],[0,208637,213575,-1,"lamu_GLEAN_10001715",0.998792,"scaffold171","GLEAN",[[1,212528,213575,-1,0,"scaffold171","GLEAN","CDS"],[1,208637,210731,-1,0,"scaffold171","GLEAN","CDS"]],"mRNA"],[0,216012,217125,-1,"lamu_GLEAN_10001716",1,"scaffold171","GLEAN",[[1,216012,217125,-1,0,"scaffold171","GLEAN","CDS"]],"mRNA"],[0,218542,222969,1,"lamu_GLEAN_10001717",0.410342,"scaffold171","GLEAN",[[1,218542,218634,1,0,"scaffold171","GLEAN","CDS"],[1,219297,219529,1,1,"scaffold171","GLEAN","CDS"],[1,219630,219711,1,0,"scaffold171","GLEAN","CDS"],[1,220067,220325,1,0,"scaffold171","GLEAN","CDS"],[1,221449,221561,1,0,"scaffold171","GLEAN","CDS"],[1,221672,222454,1,2,"scaffold171","GLEAN","CDS"],[1,222927,222969,1,0,"scaffold171","GLEAN","CDS"]],"mRNA"],[0,277377,282730,-1,"lamu_GLEAN_10001718",0.493414,"scaffold171","GLEAN",[[1,282720,282730,-1,0,"scaffold171","GLEAN","CDS"],[1,278406,278486,-1,2,"scaffold171","GLEAN","CDS"],[1,277759,277819,-1,0,"scaffold171","GLEAN","CDS"],[1,277377,277650,-1,0,"scaffold171","GLEAN","CDS"]],"mRNA"],[0,290582,291167,-1,"lamu_GLEAN_10001719",0.999855,"scaffold171","GLEAN",[[1,290811,291167,-1,0,"scaffold171","GLEAN","CDS"],[1,290582,290676,-1,1,"scaffold171","GLEAN","CDS"]],"mRNA"],[0,295069,298868,-1,"lamu_GLEAN_10001720",0.793886,"scaffold171","GLEAN",[[1,298682,298868,-1,0,"scaffold171","GLEAN","CDS"],[1,298381,298597,-1,0,"scaffold171","GLEAN","CDS"],[1,296815,297000,-1,0,"scaffold171","GLEAN","CDS"],[1,295863,296046,-1,1,"scaffold171","GLEAN","CDS"],[1,295679,295760,-1,1,"scaffold171","GLEAN","CDS"],[1,295551,295606,-1,1,"scaffold171","GLEAN","CDS"],[1,295069,295270,-1,0,"scaffold171","GLEAN","CDS"]],"mRNA"],[0,299719,300970,-1,"lamu_GLEAN_10001721",0.839762,"scaffold171","GLEAN",[[1,300880,300970,-1,0,"scaffold171","GLEAN","CDS"],[1,299719,299926,-1,0,"scaffold171","GLEAN","CDS"]],"mRNA"],[0,304253,304702,-1,"lamu_GLEAN_10001722",0.693331,"scaffold171","GLEAN",[[1,304639,304702,-1,0,"scaffold171","GLEAN","CDS"],[1,304399,304530,-1,0,"scaffold171","GLEAN","CDS"],[1,304253,304290,-1,1,"scaffold171","GLEAN","CDS"]],"mRNA"],[0,305762,309070,-1,"lamu_GLEAN_10001723",0.999907,"scaffold171","GLEAN",[[1,308997,309070,-1,0,"scaffold171","GLEAN","CDS"],[1,307709,307951,-1,2,"scaffold171","GLEAN","CDS"],[1,307534,307617,-1,0,"scaffold171","GLEAN","CDS"],[1,306524,306636,-1,1,"scaffold171","GLEAN","CDS"],[1,306031,306106,-1,0,"scaffold171","GLEAN","CDS"],[1,305762,305936,-1,0,"scaffold171","GLEAN","CDS"]],"mRNA"],[0,312805,313291,1,"lamu_GLEAN_10001724",0.999998,"scaffold171","GLEAN",[[1,312805,313291,1,0,"scaffold171","GLEAN","CDS"]],"mRNA"],[0,314881,316025,1,"lamu_GLEAN_10001725",0.786259,"scaffold171","GLEAN",[[1,314881,315538,1,0,"scaffold171","GLEAN","CDS"],[1,315800,316025,1,0,"scaffold171","GLEAN","CDS"]],"mRNA"],[0,316827,317971,1,"lamu_GLEAN_10001726",0.983926,"scaffold171","GLEAN",[[1,316827,317484,1,0,"scaffold171","GLEAN","CDS"],[1,317746,317971,1,0,"scaffold171","GLEAN","CDS"]],"mRNA"],[0,324672,328004,1,"lamu_GLEAN_10001727",0.99806,"scaffold171","GLEAN",[[1,324672,324744,1,0,"scaffold171","GLEAN","CDS"],[1,325839,325974,1,0,"scaffold171","GLEAN","CDS"],[1,326085,326185,1,0,"scaffold171","GLEAN","CDS"],[1,326719,326786,1,2,"scaffold171","GLEAN","CDS"],[1,327787,327866,1,1,"scaffold171","GLEAN","CDS"],[1,327947,328004,1,0,"scaffold171","GLEAN","CDS"]],