{"featureCount":44,"formatVersion":1,"histograms":{"meta":[{"arrayParams":{"chunkSize":10000,"length":12,"urlTemplate":"hist-200000-{Chunk}.json"},"basesPerBin":"200000"}],"stats":[{"basesPerBin":"200000","max":11,"mean":3.75}]},"intervals":{"classes":[{"attributes":["Start","End","Strand","Id","Score","Seq_id","Source","Subfeatures","Type"],"isArrayAttr":{"Subfeatures":1}},{"attributes":["Start","End","Strand","Phase","Seq_id","Source","Type"],"isArrayAttr":{}},{"attributes":["Start","End","Chunk"],"isArrayAttr":{"Sublist":1}}],"count":44,"lazyClass":2,"maxEnd":2391175,"minStart":34847,"nclist":[[0,34847,36632,1,"lamu_GLEAN_10010849",0.730266,"scaffold34","GLEAN",[[1,34847,35129,1,0,"scaffold34","GLEAN","CDS"],[1,36509,36632,1,0,"scaffold34","GLEAN","CDS"]],"mRNA"],[0,127160,127522,-1,"lamu_GLEAN_10010850",0.877958,"scaffold34","GLEAN",[[1,127459,127522,-1,0,"scaffold34","GLEAN","CDS"],[1,127160,127379,-1,0,"scaffold34","GLEAN","CDS"]],"mRNA"],[0,678727,679057,-1,"lamu_GLEAN_10010851",0.98775,"scaffold34","GLEAN",[[1,679051,679057,-1,0,"scaffold34","GLEAN","CDS"],[1,678727,678997,-1,0,"scaffold34","GLEAN","CDS"]],"mRNA"],[0,1211311,1211635,-1,"lamu_GLEAN_10010852",1,"scaffold34","GLEAN",[[1,1211311,1211635,-1,0,"scaffold34","GLEAN","CDS"]],"mRNA"],[0,1358369,1370267,1,"lamu_GLEAN_10010853",0.38217,"scaffold34","GLEAN",[[1,1358369,1358746,1,0,"scaffold34","GLEAN","CDS"],[1,1359507,1359649,1,1,"scaffold34","GLEAN","CDS"],[1,1360065,1360152,1,0,"scaffold34","GLEAN","CDS"],[1,1365286,1365370,1,0,"scaffold34","GLEAN","CDS"],[1,1366106,1366236,1,0,"scaffold34","GLEAN","CDS"],[1,1369152,1369358,1,2,"scaffold34","GLEAN","CDS"],[1,1369967,1370267,1,0,"scaffold34","GLEAN","CDS"]],"mRNA"],[0,1420585,1429863,1,"lamu_GLEAN_10010854",0.60058,"scaffold34","GLEAN",[[1,1420585,1420661,1,0,"scaffold34","GLEAN","CDS"],[1,1421497,1421618,1,2,"scaffold34","GLEAN","CDS"],[1,1421712,1421824,1,1,"scaffold34","GLEAN","CDS"],[1,1421951,1422122,1,0,"scaffold34","GLEAN","CDS"],[1,1422737,1422902,1,0,"scaffold34","GLEAN","CDS"],[1,1422974,1423078,1,0,"scaffold34","GLEAN","CDS"],[1,1423418,1423538,1,1,"scaffold34","GLEAN","CDS"],[1,1423818,1423942,1,1,"scaffold34","GLEAN","CDS"],[1,1424642,1424756,1,0,"scaffold34","GLEAN","CDS"],[1,1424848,1425064,1,0,"scaffold34","GLEAN","CDS"],[1,1425415,1425521,1,0,"scaffold34","GLEAN","CDS"],[1,1425602,1425698,1,2,"scaffold34","GLEAN","CDS"],[1,1428245,1428367,1,2,"scaffold34","GLEAN","CDS"],[1,1429152,1429279,1,0,"scaffold34","GLEAN","CDS"],[1,1429576,1429863,1,2,"scaffold34","GLEAN","CDS"]],"mRNA"],[0,1431283,1433958,1,"lamu_GLEAN_10010855",1,"scaffold34","GLEAN",[[1,1431283,1431451,1,0,"scaffold34","GLEAN","CDS"],[1,1431592,1432582,1,0,"scaffold34","GLEAN","CDS"],[1,1432672,1433589,1,0,"scaffold34","GLEAN","CDS"],[1,1433678,1433958,1,1,"scaffold34","GLEAN","CDS"]],"mRNA"],[0,1434442,1434932,-1,"lamu_GLEAN_10010856",0.999768,"scaffold34","GLEAN",[[1,1434827,1434932,-1,0,"scaffold34","GLEAN","CDS"],[1,1434442,1434736,-1,0,"scaffold34","GLEAN","CDS"]],"mRNA"],[0,1494670,1503782,-1,"lamu_GLEAN_10010857",0.99453,"scaffold34","GLEAN",[[1,1503302,1503782,-1,0,"scaffold34","GLEAN","CDS"],[1,1499516,1499606,-1,0,"scaffold34","GLEAN","CDS"],[1,1498436,1498582,-1,0,"scaffold34","GLEAN","CDS"],[1,1497112,1497271,-1,1,"scaffold34","GLEAN","CDS"],[1,1496953,1497024,-1,1,"scaffold34","GLEAN","CDS"],[1,1495698,1495802,-1,2,"scaffold34","GLEAN","CDS"],[1,1495484,1495624,-1,0,"scaffold34","GLEAN","CDS"],[1,1494670,1494755,-1,1,"scaffold34","GLEAN","CDS"]],"mRNA"],[0,1506648,1514070,-1,"lamu_GLEAN_10010858",0.769051,"scaffold34","GLEAN",[[1,1513870,1514070,-1,0,"scaffold34","GLEAN","CDS"],[1,1512629,1512730,-1,1,"scaffold34","GLEAN","CDS"],[1,1509179,1509303,-1,2,"scaffold34","GLEAN","CDS"],[1,1508579,1508974,-1,1,"scaffold34","GLEAN","CDS"],[1,1507578,1507727,-1,2,"scaffold34","GLEAN","CDS"],[1,1507431,1507485,-1,0,"scaffold34","GLEAN","CDS"],[1,1506648,1506720,-1,0,"scaffold34","GLEAN","CDS"]],"mRNA"],[0,1560255,1563296,-1,"lamu_GLEAN_10010859",0.720708,"scaffold34","GLEAN",[[1,1563280,1563296,-1,0,"scaffold34","GLEAN","CDS"],[1,1560255,1562510,-1,2,"scaffold34","GLEAN","CDS"]],"mRNA"],[0,1660802,1665421,-1,"lamu_GLEAN_10010860",0.988189,"scaffold34","GLEAN",[[1,1665117,1665421,-1,0,"scaffold34","GLEAN","CDS"],[1,1664735,1664824,-1,2,"scaffold34","GLEAN","CDS"],[1,1663774,1663878,-1,0,"scaffold34","GLEAN","CDS"],[1,1663613,1663698,-1,1,"scaffold34","GLEAN","CDS"],[1,1663366,1663483,-1,0,"scaffold34","GLEAN","CDS"],[1,1663050,1663160,-1,0,"scaffold34","GLEAN","CDS"],[1,1662852,1662958,-1,1,"scaffold34","GLEAN","CDS"],[1,1662660,1662747,-1,0,"scaffold34","GLEAN","CDS"],[1,1661423,1661714,-1,0,"scaffold34","GLEAN","CDS"],[1,1661261,1661387,-1,0,"scaffold34","GLEAN","CDS"],[1,1661013,1661175,-1,0,"scaffold34","GLEAN","CDS"],[1,1660802,1660925,-1,0,"scaffold34","GLEAN","CDS"]],"mRNA"],[0,1671125,1677992,1,"lamu_GLEAN_10010861",0.688701,"scaffold34","GLEAN",[[1,1671125,1671201,1,0,"scaffold34","GLEAN","CDS"],[1,1671320,1671769,1,2,"scaffold34","GLEAN","CDS"],[1,1675205,1676887,1,0,"scaffold34","GLEAN","CDS"],[1,1677436,1677511,1,1,"scaffold34","GLEAN","CDS"],[1,1677607,1677992,1,1,"scaffold34","GLEAN","CDS"]],"mRNA"],[0,1681703,1683721,1,"lamu_GLEAN_10010862",1,"scaffold34","GLEAN",[[1,1681703,1681925,1,0,"scaffold34","GLEAN","CDS"],[1,1682072,1682309,1,0,"scaffold34","GLEAN","CDS"],[1,1682716,1683721,1,0,"scaffold34","GLEAN","CDS"]],"mRNA"],[0,1688851,1690675,1,"lamu_GLEAN_10010863",0.964057,"scaffold34","GLEAN",[[1,1688851,1689052,1,0,"scaffold34","GLEAN","CDS"],[1,1689586,1690675,1,0,"scaffold34","GLEAN","CDS"]],"mRNA"],[0,1694950,1695454,1,"lamu_GLEAN_10010864",0.993714,"scaffold34","GLEAN",[[1,1694950,1695454,1,0,"scaffold34","GLEAN","CDS"]],"mRNA"],[0,1696998,1701642,-1,"lamu_GLEAN_10010865",0.974514,"scaffold34","GLEAN",[[1,1701517,1701642,-1,0,"scaffold34","GLEAN","CDS"],[1,1700633,1700747,-1,1,"scaffold34","GLEAN","CDS"],[1,1699650,1699746,-1,1,"scaffold34","GLEAN","CDS"],[1,1699009,1699052,-1,1,"scaffold34","GLEAN","CDS"],[1,1698387,1698579,-1,0,"scaffold34","GLEAN","CDS"],[1,1698217,1698298,-1,0,"scaffold34","GLEAN","CDS"],[1,1696998,1697148,-1,0,"scaffold34","GLEAN","CDS"]],"mRNA"],[0,1704441,1704776,-1,"lamu_GLEAN_10010866",0.832704,"scaffold34","GLEAN",[[1,1704662,1704776,-1,0,"scaffold34","GLEAN","CDS"],[1,1704441,1704579,-1,0,"scaffold34","GLEAN","CDS"]],"mRNA"],[0,1732572,1733118,-1,"lamu_GLEAN_10010867",1,"scaffold34","GLEAN",[[1,1732572,1733118,-1,0,"scaffold34","GLEAN","CDS"]],"mRNA"],[0,1776232,1786572,-1,"lamu_GLEAN_10010868",0.999699,"scaffold34","GLEAN",[[1,1786192,1786572,-1,0,"scaffold34","GLEAN","CDS"],[1,1784921,1785048,-1,1,"scaffold34","GLEAN","CDS"],[1,1781331,1781425,-1,0,"scaffold34","GLEAN","CDS"],[1,1776567,1776662,-1,2,"scaffold34","GLEAN","CDS"],[1,1776232,1776484,-1,0,"scaffold34","GLEAN","CDS"]],"mRNA"],[0,1789490,1790299,-1,"lamu_GLEAN_10010869",0.999057,"scaffold34","GLEAN",[[1,1790226,1790299,-1,0,"scaffold34","GLEAN","CDS"],[1,1789490,1790143,-1,2,"scaffold34","GLEAN","CDS"]],"mRNA"],[0,1794490,1801530,-1,"lamu_GLEAN_10010870",0.999877,"scaffold34","GLEAN",[[1,1801218,1801530,-1,0,"scaffold34","GLEAN","CDS"],[1,1798432,1799047,-1,0,"scaffold34","GLEAN","CDS"],[1,1797614,1798044,-1,0,"scaffold34","GLEAN","CDS"],[1,1797365,1797416,-1,2,"scaffold34","GLEAN","CDS"],[1,1797082,1797306,-1,2,"scaffold34","GLEAN","CDS"],[1,1796564,1796623,-1,0,"scaffold34","GLEAN","CDS"],[1,1796137,1796480,-1,1,"scaffold34","GLEAN","CDS"],[1,1795853,1796054,-1,0,"scaffold34","GLEAN","CDS"],[1,1795478,1795736,-1,0,"scaffold34","GLEAN","CDS"],[1,1794490,1794967,-1,0,"scaffold34","GLEAN","CDS"]],"mRNA"],[0,1836511,1838579,1,"lamu_GLEAN_10010871",0.692099,"scaffold34","GLEAN",[[1,1836511,1836752,1,0,"scaffold34","GLEAN","CDS"],[1,1837067,1837133,1,2,"scaffold34","GLEAN","CDS"],[1,1837403,1837483,1,2,"scaffold34","GLEAN","CDS"],[1,1838354,1838399,1,0,"scaffold34","GLEAN","CDS"],[1,1838489,1838579,1,0,"scaffold34","GLEAN","CDS"]],