{"featureCount":10,"formatVersion":1,"histograms":{"meta":[{"arrayParams":{"chunkSize":10000,"length":4,"urlTemplate":"hist-50000-{Chunk}.json"},"basesPerBin":"50000"}],"stats":[{"basesPerBin":"50000","max":7,"mean":2.75}]},"intervals":{"classes":[{"attributes":["Start","End","Strand","Id","Score","Seq_id","Source","Subfeatures","Type"],"isArrayAttr":{"Subfeatures":1}},{"attributes":["Start","End","Strand","Phase","Seq_id","Source","Type"],"isArrayAttr":{}},{"attributes":["Start","End","Chunk"],"isArrayAttr":{"Sublist":1}}],"count":10,"lazyClass":2,"maxEnd":168480,"minStart":97967,"nclist":[[0,97967,98486,1,"lamu_GLEAN_10001110",1,"scaffold298","GLEAN",[[1,97967,98486,1,0,"scaffold298","GLEAN","CDS"]],"mRNA"],[0,101837,103262,1,"lamu_GLEAN_10001111",0.992381,"scaffold298","GLEAN",[[1,101837,103262,1,0,"scaffold298","GLEAN","CDS"]],"mRNA"],[0,103934,104393,1,"lamu_GLEAN_10001112",0.999605,"scaffold298","GLEAN",[[1,103934,104393,1,0,"scaffold298","GLEAN","CDS"]],"mRNA"],[0,106790,110467,-1,"lamu_GLEAN_10001113",0.994314,"scaffold298","GLEAN",[[1,108723,110467,-1,0,"scaffold298","GLEAN","CDS"],[1,107929,108062,-1,2,"scaffold298","GLEAN","CDS"],[1,107696,107844,-1,1,"scaffold298","GLEAN","CDS"],[1,107361,107607,-1,0,"scaffold298","GLEAN","CDS"],[1,106790,107069,-1,0,"scaffold298","GLEAN","CDS"]],"mRNA"],[0,111214,116576,1,"lamu_GLEAN_10001114",0.993371,"scaffold298","GLEAN",[[1,111214,111372,1,0,"scaffold298","GLEAN","CDS"],[1,111854,111966,1,1,"scaffold298","GLEAN","CDS"],[1,112350,112411,1,0,"scaffold298","GLEAN","CDS"],[1,112490,112623,1,2,"scaffold298","GLEAN","CDS"],[1,112875,112999,1,1,"scaffold298","GLEAN","CDS"],[1,113988,114045,1,0,"scaffold298","GLEAN","CDS"],[1,114122,114219,1,0,"scaffold298","GLEAN","CDS"],[1,115203,115411,1,2,"scaffold298","GLEAN","CDS"],[1,116065,116126,1,1,"scaffold298","GLEAN","CDS"],[1,116510,116576,1,0,"scaffold298","GLEAN","CDS"]],"mRNA"],[0,117718,121489,-1,"lamu_GLEAN_10001115",0.850506,"scaffold298","GLEAN",[[1,121138,121489,-1,0,"scaffold298","GLEAN","CDS"],[1,119713,119869,-1,0,"scaffold298","GLEAN","CDS"],[1,118921,119590,-1,0,"scaffold298","GLEAN","CDS"],[1,117718,118786,-1,0,"scaffold298","GLEAN","CDS"]],"mRNA"],[0,136675,138294,-1,"lamu_GLEAN_10001116",0.999775,"scaffold298","GLEAN",[[1,138171,138294,-1,0,"scaffold298","GLEAN","CDS"],[1,137397,137732,-1,0,"scaffold298","GLEAN","CDS"],[1,136675,136856,-1,1,"scaffold298","GLEAN","CDS"]],"mRNA"],[0,146667,156207,1,"lamu_GLEAN_10001117",0.271649,"scaffold298","GLEAN",[[1,146667,146930,1,0,"scaffold298","GLEAN","CDS"],[1,147022,147254,1,1,"scaffold298","GLEAN","CDS"],[1,151345,151492,1,0,"scaffold298","GLEAN","CDS"],[1,153213,153396,1,0,"scaffold298","GLEAN","CDS"],[1,155901,156051,1,0,"scaffold298","GLEAN","CDS"],[1,156141,156207,1,0,"scaffold298","GLEAN","CDS"]],"mRNA"],[0,161040,165460,1,"lamu_GLEAN_10001118",0.998479,"scaffold298","GLEAN",[[1,161040,161123,1,0,"scaffold298","GLEAN","CDS"],[1,161198,161296,1,1,"scaffold298","GLEAN","CDS"],[1,161553,161709,1,2,"scaffold298","GLEAN","CDS"],[1,163119,163247,1,2,"scaffold298","GLEAN","CDS"],[1,163736,163837,1,0,"scaffold298","GLEAN","CDS"],[1,163926,164169,1,1,"scaffold298","GLEAN","CDS"],[1,164257,164340,1,1,"scaffold298","GLEAN","CDS"],[1,164909,165460,1,2,"scaffold298","GLEAN","CDS"]],"mRNA"],[0,167701,168480,1,"lamu_GLEAN_10001119",0.693838,"scaffold298","GLEAN",[[1,167701,167918,1,0,"scaffold298","GLEAN","CDS"],[1,168034,168117,1,2,"scaffold298","GLEAN","CDS"],[1,168441,168480,1,0,"scaffold298","GLEAN","CDS"]],"mRNA"]],"urlTemplate":"lf-{Chunk}.json"}}