{"featureCount":12,"formatVersion":1,"histograms":{"meta":[{"arrayParams":{"chunkSize":10000,"length":4,"urlTemplate":"hist-100000-{Chunk}.json"},"basesPerBin":"100000"}],"stats":[{"basesPerBin":"100000","max":6,"mean":3}]},"intervals":{"classes":[{"attributes":["Start","End","Strand","Id","Score","Seq_id","Source","Subfeatures","Type"],"isArrayAttr":{"Subfeatures":1}},{"attributes":["Start","End","Strand","Phase","Seq_id","Source","Type"],"isArrayAttr":{}},{"attributes":["Start","End","Chunk"],"isArrayAttr":{"Sublist":1}}],"count":12,"lazyClass":2,"maxEnd":368176,"minStart":40615,"nclist":[[0,40615,54199,-1,"lamu_GLEAN_10002211",0.513464,"scaffold128","GLEAN",[[1,54117,54199,-1,0,"scaffold128","GLEAN","CDS"],[1,49168,49215,-1,2,"scaffold128","GLEAN","CDS"],[1,48218,48304,-1,0,"scaffold128","GLEAN","CDS"],[1,48002,48097,-1,1,"scaffold128","GLEAN","CDS"],[1,47599,47908,-1,2,"scaffold128","GLEAN","CDS"],[1,46927,47446,-1,2,"scaffold128","GLEAN","CDS"],[1,46219,46753,-1,2,"scaffold128","GLEAN","CDS"],[1,43168,43575,-1,2,"scaffold128","GLEAN","CDS"],[1,41920,42368,-1,0,"scaffold128","GLEAN","CDS"],[1,40615,40716,-1,2,"scaffold128","GLEAN","CDS"]],"mRNA"],[0,129967,131002,-1,"lamu_GLEAN_10002212",0.996423,"scaffold128","GLEAN",[[1,130476,131002,-1,0,"scaffold128","GLEAN","CDS"],[1,129967,130377,-1,2,"scaffold128","GLEAN","CDS"]],"mRNA"],[0,159131,159731,1,"lamu_GLEAN_10002213",0.99993,"scaffold128","GLEAN",[[1,159131,159233,1,0,"scaffold128","GLEAN","CDS"],[1,159386,159731,1,0,"scaffold128","GLEAN","CDS"]],"mRNA"],[0,162020,167986,-1,"lamu_GLEAN_10002214",0.671799,"scaffold128","GLEAN",[[1,167879,167986,-1,0,"scaffold128","GLEAN","CDS"],[1,167628,167777,-1,1,"scaffold128","GLEAN","CDS"],[1,166722,166951,-1,2,"scaffold128","GLEAN","CDS"],[1,162020,162201,-1,1,"scaffold128","GLEAN","CDS"]],"mRNA"],[0,180086,181187,1,"lamu_GLEAN_10002215",0.992009,"scaffold128","GLEAN",[[1,180086,181187,1,0,"scaffold128","GLEAN","CDS"]],"mRNA"],[0,183221,187460,-1,"lamu_GLEAN_10002216",0.997301,"scaffold128","GLEAN",[[1,187382,187460,-1,0,"scaffold128","GLEAN","CDS"],[1,185246,185273,-1,0,"scaffold128","GLEAN","CDS"],[1,185031,185118,-1,0,"scaffold128","GLEAN","CDS"],[1,183859,183990,-1,0,"scaffold128","GLEAN","CDS"],[1,183221,183375,-1,1,"scaffold128","GLEAN","CDS"]],"mRNA"],[0,191740,192715,-1,"lamu_GLEAN_10002217",0.999892,"scaffold128","GLEAN",[[1,192605,192715,-1,0,"scaffold128","GLEAN","CDS"],[1,191740,191966,-1,1,"scaffold128","GLEAN","CDS"]],"mRNA"],[0,209865,214368,-1,"lamu_GLEAN_10002218",0.958361,"scaffold128","GLEAN",[[1,214199,214368,-1,0,"scaffold128","GLEAN","CDS"],[1,212745,213100,-1,2,"scaffold128","GLEAN","CDS"],[1,211353,211512,-1,1,"scaffold128","GLEAN","CDS"],[1,209865,210331,-1,1,"scaffold128","GLEAN","CDS"]],"mRNA"],[0,274097,276375,-1,"lamu_GLEAN_10002219",0.687917,"scaffold128","GLEAN",[[1,276247,276375,-1,0,"scaffold128","GLEAN","CDS"],[1,274769,275234,-1,1,"scaffold128","GLEAN","CDS"],[1,274097,274212,-1,1,"scaffold128","GLEAN","CDS"]],"mRNA"],[0,296993,298615,1,"lamu_GLEAN_10002220",0.2843,"scaffold128","GLEAN",[[1,296993,297051,1,0,"scaffold128","GLEAN","CDS"],[1,298286,298615,1,2,"scaffold128","GLEAN","CDS"]],"mRNA"],[0,337677,339230,1,"lamu_GLEAN_10002221",0.614117,"scaffold128","GLEAN",[[1,337677,337788,1,0,"scaffold128","GLEAN","CDS"],[1,337889,337981,1,0,"scaffold128","GLEAN","CDS"],[1,338836,339230,1,1,"scaffold128","GLEAN","CDS"]],"mRNA"],[0,360897,368176,-1,"lamu_GLEAN_10002222",0.484242,"scaffold128","GLEAN",[[1,368032,368176,-1,0,"scaffold128","GLEAN","CDS"],[1,360897,361341,-1,0,"scaffold128","GLEAN","CDS"]],"mRNA"]],"urlTemplate":"lf-{Chunk}.json"}}