{"featureCount":5,"formatVersion":1,"histograms":{"meta":[{"arrayParams":{"chunkSize":10000,"length":2,"urlTemplate":"hist-100000-{Chunk}.json"},"basesPerBin":"100000"}],"stats":[{"basesPerBin":"100000","max":4,"mean":2.5}]},"intervals":{"classes":[{"attributes":["Start","End","Strand","Id","Score","Seq_id","Source","Subfeatures","Type"],"isArrayAttr":{"Subfeatures":1}},{"attributes":["Start","End","Strand","Phase","Seq_id","Source","Type"],"isArrayAttr":{}},{"attributes":["Start","End","Chunk"],"isArrayAttr":{"Sublist":1}}],"count":5,"lazyClass":2,"maxEnd":126206,"minStart":12109,"nclist":[[0,12109,13942,-1,"lamu_GLEAN_10000888",1,"scaffold252","GLEAN",[[1,12109,13942,-1,0,"scaffold252","GLEAN","CDS"]],"mRNA"],[0,31190,34611,-1,"lamu_GLEAN_10000889",0.970696,"scaffold252","GLEAN",[[1,33876,34611,-1,0,"scaffold252","GLEAN","CDS"],[1,33584,33760,-1,0,"scaffold252","GLEAN","CDS"],[1,31452,31523,-1,1,"scaffold252","GLEAN","CDS"],[1,31190,31375,-1,2,"scaffold252","GLEAN","CDS"]],"mRNA"],[0,58730,70456,-1,"lamu_GLEAN_10000890",0.999926,"scaffold252","GLEAN",[[1,69685,70456,-1,0,"scaffold252","GLEAN","CDS"],[1,69310,69586,-1,0,"scaffold252","GLEAN","CDS"],[1,68726,68783,-1,0,"scaffold252","GLEAN","CDS"],[1,68285,68484,-1,0,"scaffold252","GLEAN","CDS"],[1,68160,68203,-1,2,"scaffold252","GLEAN","CDS"],[1,67135,67238,-1,1,"scaffold252","GLEAN","CDS"],[1,65957,66134,-1,0,"scaffold252","GLEAN","CDS"],[1,58730,59024,-1,0,"scaffold252","GLEAN","CDS"]],"mRNA"],[0,78848,85619,-1,"lamu_GLEAN_10000891",0.984381,"scaffold252","GLEAN",[[1,85498,85619,-1,0,"scaffold252","GLEAN","CDS"],[1,83537,83723,-1,2,"scaffold252","GLEAN","CDS"],[1,83168,83407,-1,2,"scaffold252","GLEAN","CDS"],[1,82950,83028,-1,0,"scaffold252","GLEAN","CDS"],[1,82228,82589,-1,0,"scaffold252","GLEAN","CDS"],[1,81942,82055,-1,2,"scaffold252","GLEAN","CDS"],[1,81633,81798,-1,0,"scaffold252","GLEAN","CDS"],[1,81337,81477,-1,0,"scaffold252","GLEAN","CDS"],[1,79107,79200,-1,1,"scaffold252","GLEAN","CDS"],[1,78848,79008,-1,1,"scaffold252","GLEAN","CDS"]],"mRNA"],[0,125747,126206,1,"lamu_GLEAN_10000892",0.999752,"scaffold252","GLEAN",[[1,125747,126206,1,0,"scaffold252","GLEAN","CDS"]],"mRNA"]],"urlTemplate":"lf-{Chunk}.json"}}