{"featureCount":44,"formatVersion":1,"histograms":{"meta":[{"arrayParams":{"chunkSize":10000,"length":10,"urlTemplate":"hist-100000-{Chunk}.json"},"basesPerBin":"100000"}],"stats":[{"basesPerBin":"100000","max":9,"mean":4.7}]},"intervals":{"classes":[{"attributes":["Start","End","Strand","Id","Score","Seq_id","Source","Subfeatures","Type"],"isArrayAttr":{"Subfeatures":1}},{"attributes":["Start","End","Strand","Phase","Seq_id","Source","Type"],"isArrayAttr":{}},{"attributes":["Start","End","Chunk"],"isArrayAttr":{"Sublist":1}}],"count":44,"lazyClass":2,"maxEnd":971505,"minStart":1013,"nclist":[[0,1013,2379,1,"lamu_GLEAN_10004867",0.999467,"scaffold60","GLEAN",[[1,1013,1454,1,0,"scaffold60","GLEAN","CDS"],[1,1525,1549,1,0,"scaffold60","GLEAN","CDS"],[1,1971,2379,1,0,"scaffold60","GLEAN","CDS"]],"mRNA"],[0,66996,69176,1,"lamu_GLEAN_10004868",0.987047,"scaffold60","GLEAN",[[1,66996,67030,1,0,"scaffold60","GLEAN","CDS"],[1,68283,68344,1,2,"scaffold60","GLEAN","CDS"],[1,68428,68534,1,1,"scaffold60","GLEAN","CDS"],[1,69059,69176,1,0,"scaffold60","GLEAN","CDS"]],"mRNA"],[0,76377,81194,-1,"lamu_GLEAN_10004869",0.989431,"scaffold60","GLEAN",[[1,81153,81194,-1,0,"scaffold60","GLEAN","CDS"],[1,77515,77609,-1,1,"scaffold60","GLEAN","CDS"],[1,76829,76899,-1,0,"scaffold60","GLEAN","CDS"],[1,76601,76747,-1,2,"scaffold60","GLEAN","CDS"],[1,76377,76515,-1,0,"scaffold60","GLEAN","CDS"]],"mRNA"],[0,115636,122560,1,"lamu_GLEAN_10004870",0.976143,"scaffold60","GLEAN",[[1,115636,116547,1,0,"scaffold60","GLEAN","CDS"],[1,116780,117017,1,1,"scaffold60","GLEAN","CDS"],[1,122463,122560,1,1,"scaffold60","GLEAN","CDS"]],"mRNA"],[0,127728,128205,1,"lamu_GLEAN_10004871",1,"scaffold60","GLEAN",[[1,127728,127932,1,0,"scaffold60","GLEAN","CDS"],[1,128094,128205,1,0,"scaffold60","GLEAN","CDS"]],"mRNA"],[0,183637,185909,1,"lamu_GLEAN_10004872",0.997717,"scaffold60","GLEAN",[[1,183637,185108,1,0,"scaffold60","GLEAN","CDS"],[1,185238,185909,1,2,"scaffold60","GLEAN","CDS"]],"mRNA"],[0,187532,188633,-1,"lamu_GLEAN_10004873",0.99942,"scaffold60","GLEAN",[[1,188485,188633,-1,0,"scaffold60","GLEAN","CDS"],[1,187995,188241,-1,2,"scaffold60","GLEAN","CDS"],[1,187820,187929,-1,2,"scaffold60","GLEAN","CDS"],[1,187532,187614,-1,1,"scaffold60","GLEAN","CDS"]],"mRNA"],[0,190176,200331,-1,"lamu_GLEAN_10004874",0.979782,"scaffold60","GLEAN",[[1,200037,200331,-1,0,"scaffold60","GLEAN","CDS"],[1,199827,199905,-1,0,"scaffold60","GLEAN","CDS"],[1,198379,199057,-1,0,"scaffold60","GLEAN","CDS"],[1,198137,198240,-1,0,"scaffold60","GLEAN","CDS"],[1,192394,192495,-1,2,"scaffold60","GLEAN","CDS"],[1,192087,192262,-1,0,"scaffold60","GLEAN","CDS"],[1,190611,190782,-1,2,"scaffold60","GLEAN","CDS"],[1,190366,190467,-1,2,"scaffold60","GLEAN","CDS"],[1,190176,190251,-1,0,"scaffold60","GLEAN","CDS"]],"mRNA"],[0,219464,227641,1,"lamu_GLEAN_10004875",0.996794,"scaffold60","GLEAN",[[1,219464,219554,1,0,"scaffold60","GLEAN","CDS"],[1,219709,219808,1,0,"scaffold60","GLEAN","CDS"],[1,219934,220019,1,0,"scaffold60","GLEAN","CDS"],[1,220629,220699,1,2,"scaffold60","GLEAN","CDS"],[1,221174,221235,1,1,"scaffold60","GLEAN","CDS"],[1,221346,221400,1,0,"scaffold60","GLEAN","CDS"],[1,221707,221861,1,0,"scaffold60","GLEAN","CDS"],[1,221961,222058,1,2,"scaffold60","GLEAN","CDS"],[1,223270,223417,1,1,"scaffold60","GLEAN","CDS"],[1,225366,225476,1,1,"scaffold60","GLEAN","CDS"],[1,226266,226373,1,2,"scaffold60","GLEAN","CDS"],[1,227313,227424,1,0,"scaffold60","GLEAN","CDS"],[1,227524,227641,1,0,"scaffold60","GLEAN","CDS"]],"mRNA"],[0,228252,233431,1,"lamu_GLEAN_10004876",0.430238,"scaffold60","GLEAN",[[1,228252,228433,1,0,"scaffold60","GLEAN","CDS"],[1,230636,230983,1,2,"scaffold60","GLEAN","CDS"],[1,231112,231205,1,0,"scaffold60","GLEAN","CDS"],[1,231325,231391,1,0,"scaffold60","GLEAN","CDS"],[1,232229,232295,1,0,"scaffold60","GLEAN","CDS"],[1,232358,232424,1,0,"scaffold60","GLEAN","CDS"],[1,232512,232936,1,0,"scaffold60","GLEAN","CDS"],[1,233393,233431,1,2,"scaffold60","GLEAN","CDS"]],"mRNA"],[0,233659,234830,-1,"lamu_GLEAN_10004877",1,"scaffold60","GLEAN",[[1,234781,234830,-1,0,"scaffold60","GLEAN","CDS"],[1,234320,234501,-1,2,"scaffold60","GLEAN","CDS"],[1,234088,234218,-1,1,"scaffold60","GLEAN","CDS"],[1,233924,233994,-1,0,"scaffold60","GLEAN","CDS"],[1,233659,233829,-1,2,"scaffold60","GLEAN","CDS"]],"mRNA"],[0,245257,246130,-1,"lamu_GLEAN_10004878",0.997718,"scaffold60","GLEAN",[[1,246121,246130,-1,0,"scaffold60","GLEAN","CDS"],[1,245833,245920,-1,0,"scaffold60","GLEAN","CDS"],[1,245515,245581,-1,0,"scaffold60","GLEAN","CDS"],[1,245257,245398,-1,0,"scaffold60","GLEAN","CDS"]],"mRNA"],[0,254693,256453,-1,"lamu_GLEAN_10004879",0.998736,"scaffold60","GLEAN",[[1,256357,256453,-1,0,"scaffold60","GLEAN","CDS"],[1,256034,256243,-1,0,"scaffold60","GLEAN","CDS"],[1,254693,254997,-1,1,"scaffold60","GLEAN","CDS"]],"mRNA"],[0,299247,299826,-1,"lamu_GLEAN_10004880",0.994986,"scaffold60","GLEAN",[[1,299784,299826,-1,0,"scaffold60","GLEAN","CDS"],[1,299643,299702,-1,0,"scaffold60","GLEAN","CDS"],[1,299247,299497,-1,1,"scaffold60","GLEAN","CDS"]],"mRNA"],[0,308425,313295,-1,"lamu_GLEAN_10004881",0.639108,"scaffold60","GLEAN",[[1,312983,313295,-1,0,"scaffold60","GLEAN","CDS"],[1,312485,312703,-1,0,"scaffold60","GLEAN","CDS"],[1,309742,310004,-1,1,"scaffold60","GLEAN","CDS"],[1,309555,309641,-1,0,"scaffold60","GLEAN","CDS"],[1,309385,309477,-1,1,"scaffold60","GLEAN","CDS"],[1,308725,308950,-1,2,"scaffold60","GLEAN","CDS"],[1,308425,308628,-1,2,"scaffold60","GLEAN","CDS"]],"mRNA"],[0,374445,376702,-1,"lamu_GLEAN_10004882",0.999304,"scaffold60","GLEAN",[[1,375820,376702,-1,0,"scaffold60","GLEAN","CDS"],[1,375455,375778,-1,0,"scaffold60","GLEAN","CDS"],[1,374445,375328,-1,1,"scaffold60","GLEAN","CDS"]],"mRNA"],[0,397996,400740,1,"lamu_GLEAN_10004883",1,"scaffold60","GLEAN",[[1,397996,398212,1,0,"scaffold60","GLEAN","CDS"],[1,398439,398527,1,0,"scaffold60","GLEAN","CDS"],[1,398637,398747,1,2,"scaffold60","GLEAN","CDS"],[1,399231,399322,1,0,"scaffold60","GLEAN","CDS"],[1,399412,399601,1,2,"scaffold60","GLEAN","CDS"],[1,399696,399756,1,2,"scaffold60","GLEAN","CDS"],[1,400528,400740,1,2,"scaffold60","GLEAN","CDS"]],"mRNA"],[0,414281,417216,1,"lamu_GLEAN_10004884",0.999899,"scaffold60","GLEAN",[[1,414281,414497,1,0,"scaffold60","GLEAN","CDS"],[1,414597,414685,1,0,"scaffold60","GLEAN","CDS"],[1,414781,414891,1,2,"scaffold60","GLEAN","CDS"],[1,415007,415101,1,0,"scaffold60","GLEAN","CDS"],[1,415193,415382,1,2,"scaffold60","GLEAN","CDS"],[1,415473,415533,1,2,"scaffold60","GLEAN","CDS"],[1,417022,417216,1,2,"scaffold60","GLEAN","CDS"]],"mRNA"],[0,420549,420948,1,"lamu_GLEAN_10004885",1,"scaffold60","GLEAN",[[1,420549,420948,1,0,"scaffold60","GLEAN","CDS"]],"mRNA"],[0,423545,427944,1,"lamu_GLEAN_10004886",0.565532,"scaffold60","GLEAN",[[1,423545,423673,1,0,"scaffold60","GLEAN","CDS"],[1,423819,424080,1,1,"scaffold60","GLEAN","CDS"],[1,425214,425254,1,1,"scaffold60","GLEAN","CDS"],[1,426013,426233,1,0,"scaffold60","GLEAN","CDS"],[1,426320,426502,1,2,"scaffold60","GLEAN","CDS"],[1,426852,427142,1,0,"scaffold60","GLEAN","CDS"],[1,427234,427364,1,1,"scaffold60","GLEAN","CDS"],[1,427596,427944,1,0,"scaffold60","GLEAN","CDS"]],"mRNA"],[0,429265,432503,-1,"lamu_GLEAN_10004887",0.999995,"scaffold60","GLEAN",[[1,432370,432503,-1,0,"scaffold60","GLEAN","CDS"],[1,431305,431455,-1,2,"scaffold60","GLEAN","CDS"],[1,430623,431205,-1,2,"scaffold60","GLEAN","CDS"],[1,429265,429843,-1,2,"scaffold60","GLEAN","CDS"]],"mRNA"],[0,448272,449588,1,"lamu_GLEAN_10004888",0.935138,"scaffold60","GLEAN",[[1,448272,448482,1,0,"scaffold60","GLEAN","CDS"],[1,449420,449588,1,0,"scaffold60","GLEAN","CDS"]],"mRNA"],[0,465434,469361,-1,"lamu_GLEAN_10004889",0.996709,"scaffold60","GLEAN",[[1,468839,469361,-1,0,"scaffold60","GLEAN","CDS"],[1,468104,468476,-1,0,"scaffold60","GLEAN","CDS"],[1,467197,467425,-1,0,"scaffold60","GLEAN","CDS"],[1,465434,465743,-1,0,"scaffold60","GLEAN","CDS"]],