{"featureCount":10,"formatVersion":1,"histograms":{"meta":[{"arrayParams":{"chunkSize":10000,"length":4,"urlTemplate":"hist-100000-{Chunk}.json"},"basesPerBin":"100000"}],"stats":[{"basesPerBin":"100000","max":5,"mean":2.5}]},"intervals":{"classes":[{"attributes":["Start","End","Strand","Id","Score","Seq_id","Source","Subfeatures","Type"],"isArrayAttr":{"Subfeatures":1}},{"attributes":["Start","End","Strand","Phase","Seq_id","Source","Type"],"isArrayAttr":{}},{"attributes":["Start","End","Chunk"],"isArrayAttr":{"Sublist":1}}],"count":10,"lazyClass":2,"maxEnd":360032,"minStart":12031,"nclist":[[0,12031,12331,-1,"lamu_GLEAN_10002146",0.977158,"scaffold131","GLEAN",[[1,12031,12331,-1,0,"scaffold131","GLEAN","CDS"]],"mRNA"],[0,74260,78161,1,"lamu_GLEAN_10002147",0.488251,"scaffold131","GLEAN",[[1,74260,74517,1,0,"scaffold131","GLEAN","CDS"],[1,75696,75842,1,1,"scaffold131","GLEAN","CDS"],[1,76739,76958,1,2,"scaffold131","GLEAN","CDS"],[1,77784,78161,1,2,"scaffold131","GLEAN","CDS"]],"mRNA"],[0,80440,81324,-1,"lamu_GLEAN_10002148",0.736164,"scaffold131","GLEAN",[[1,81114,81324,-1,0,"scaffold131","GLEAN","CDS"],[1,80440,80542,-1,0,"scaffold131","GLEAN","CDS"]],"mRNA"],[0,116649,122168,1,"lamu_GLEAN_10002149",0.467754,"scaffold131","GLEAN",[[1,116649,116807,1,0,"scaffold131","GLEAN","CDS"],[1,118963,119361,1,1,"scaffold131","GLEAN","CDS"],[1,122013,122168,1,2,"scaffold131","GLEAN","CDS"]],"mRNA"],[0,225505,226117,1,"lamu_GLEAN_10002150",0.698509,"scaffold131","GLEAN",[[1,225505,226117,1,0,"scaffold131","GLEAN","CDS"]],"mRNA"],[0,237998,240415,-1,"lamu_GLEAN_10002151",0.849082,"scaffold131","GLEAN",[[1,240214,240415,-1,0,"scaffold131","GLEAN","CDS"],[1,237998,238406,-1,0,"scaffold131","GLEAN","CDS"]],"mRNA"],[0,252943,257356,1,"lamu_GLEAN_10002152",0.772305,"scaffold131","GLEAN",[[1,252943,253172,1,0,"scaffold131","GLEAN","CDS"],[1,256790,257356,1,2,"scaffold131","GLEAN","CDS"]],"mRNA"],[0,273313,273640,-1,"lamu_GLEAN_10002153",0.762529,"scaffold131","GLEAN",[[1,273313,273640,-1,0,"scaffold131","GLEAN","CDS"]],"mRNA"],[0,275524,276323,-1,"lamu_GLEAN_10002154",0.434019,"scaffold131","GLEAN",[[1,276117,276323,-1,0,"scaffold131","GLEAN","CDS"],[1,275524,275756,-1,1,"scaffold131","GLEAN","CDS"]],"mRNA"],[0,359621,360032,-1,"lamu_GLEAN_10002155",0.919239,"scaffold131","GLEAN",[[1,359621,360032,-1,0,"scaffold131","GLEAN","CDS"]],"mRNA"]],"urlTemplate":"lf-{Chunk}.json"}}