{"featureCount":13,"formatVersion":1,"histograms":{"meta":[{"arrayParams":{"chunkSize":10000,"length":5,"urlTemplate":"hist-200000-{Chunk}.json"},"basesPerBin":"200000"}],"stats":[{"basesPerBin":"200000","max":7,"mean":2.6}]},"intervals":{"classes":[{"attributes":["Start","End","Strand","Id","Score","Seq_id","Source","Subfeatures","Type"],"isArrayAttr":{"Subfeatures":1}},{"attributes":["Start","End","Strand","Phase","Seq_id","Source","Type"],"isArrayAttr":{}},{"attributes":["Start","End","Chunk"],"isArrayAttr":{"Sublist":1}}],"count":13,"lazyClass":2,"maxEnd":879354,"minStart":665464,"nclist":[[0,665464,666362,-1,"lamu_GLEAN_10004847",0.889935,"scaffold92","GLEAN",[[1,666231,666362,-1,0,"scaffold92","GLEAN","CDS"],[1,665464,665591,-1,1,"scaffold92","GLEAN","CDS"]],"mRNA"],[0,709875,722854,-1,"lamu_GLEAN_10004848",0.999528,"scaffold92","GLEAN",[[1,722663,722854,-1,0,"scaffold92","GLEAN","CDS"],[1,721275,721510,-1,1,"scaffold92","GLEAN","CDS"],[1,721025,721112,-1,0,"scaffold92","GLEAN","CDS"],[1,720687,720857,-1,0,"scaffold92","GLEAN","CDS"],[1,714035,714175,-1,1,"scaffold92","GLEAN","CDS"],[1,713324,713502,-1,2,"scaffold92","GLEAN","CDS"],[1,712643,713238,-1,1,"scaffold92","GLEAN","CDS"],[1,711941,712054,-1,0,"scaffold92","GLEAN","CDS"],[1,710793,711037,-1,1,"scaffold92","GLEAN","CDS"],[1,709875,710103,-1,0,"scaffold92","GLEAN","CDS"]],"mRNA"],[0,725698,726824,1,"lamu_GLEAN_10004849",0.997652,"scaffold92","GLEAN",[[1,725698,725797,1,0,"scaffold92","GLEAN","CDS"],[1,725893,726019,1,0,"scaffold92","GLEAN","CDS"],[1,726629,726824,1,0,"scaffold92","GLEAN","CDS"]],"mRNA"],[0,746330,746888,1,"lamu_GLEAN_10004850",0.577625,"scaffold92","GLEAN",[[1,746330,746888,1,0,"scaffold92","GLEAN","CDS"]],"mRNA"],[0,752319,755647,1,"lamu_GLEAN_10004851",0.57709,"scaffold92","GLEAN",[[1,752319,752485,1,0,"scaffold92","GLEAN","CDS"],[1,754395,754493,1,2,"scaffold92","GLEAN","CDS"],[1,755270,755332,1,0,"scaffold92","GLEAN","CDS"],[1,755523,755647,1,1,"scaffold92","GLEAN","CDS"]],"mRNA"],[0,776992,781835,1,"lamu_GLEAN_10004852",0.966494,"scaffold92","GLEAN",[[1,776992,777358,1,0,"scaffold92","GLEAN","CDS"],[1,777765,777929,1,0,"scaffold92","GLEAN","CDS"],[1,779705,779796,1,1,"scaffold92","GLEAN","CDS"],[1,779939,780097,1,0,"scaffold92","GLEAN","CDS"],[1,781139,781311,1,1,"scaffold92","GLEAN","CDS"],[1,781607,781718,1,0,"scaffold92","GLEAN","CDS"],[1,781793,781835,1,0,"scaffold92","GLEAN","CDS"]],"mRNA"],[0,810758,811667,1,"lamu_GLEAN_10004853",0.997953,"scaffold92","GLEAN",[[1,810758,811556,1,0,"scaffold92","GLEAN","CDS"],[1,811625,811667,1,0,"scaffold92","GLEAN","CDS"]],"mRNA"],[0,817169,821142,1,"lamu_GLEAN_10004854",0.997948,"scaffold92","GLEAN",[[1,817169,817238,1,0,"scaffold92","GLEAN","CDS"],[1,818353,818455,1,0,"scaffold92","GLEAN","CDS"],[1,819390,820020,1,0,"scaffold92","GLEAN","CDS"],[1,820926,821142,1,0,"scaffold92","GLEAN","CDS"]],"mRNA"],[0,829133,834029,1,"lamu_GLEAN_10004855",0.999682,"scaffold92","GLEAN",[[1,829133,829256,1,0,"scaffold92","GLEAN","CDS"],[1,832164,832626,1,0,"scaffold92","GLEAN","CDS"],[1,833216,834029,1,0,"scaffold92","GLEAN","CDS"]],"mRNA"],[0,839072,842424,1,"lamu_GLEAN_10004856",0.99993,"scaffold92","GLEAN",[[1,839072,839236,1,0,"scaffold92","GLEAN","CDS"],[1,839933,839992,1,1,"scaffold92","GLEAN","CDS"],[1,840280,840337,1,2,"scaffold92","GLEAN","CDS"],[1,840431,840466,1,2,"scaffold92","GLEAN","CDS"],[1,840594,840698,1,0,"scaffold92","GLEAN","CDS"],[1,840817,840893,1,1,"scaffold92","GLEAN","CDS"],[1,840985,841044,1,0,"scaffold92","GLEAN","CDS"],[1,841166,841232,1,1,"scaffold92","GLEAN","CDS"],[1,841325,841409,1,1,"scaffold92","GLEAN","CDS"],[1,841496,841561,1,1,"scaffold92","GLEAN","CDS"],[1,841649,841732,1,2,"scaffold92","GLEAN","CDS"],[1,841800,841891,1,0,"scaffold92","GLEAN","CDS"],[1,841982,842032,1,2,"scaffold92","GLEAN","CDS"],[1,842115,842256,1,0,"scaffold92","GLEAN","CDS"],[1,842331,842424,1,0,"scaffold92","GLEAN","CDS"]],"mRNA"],[0,848301,851682,1,"lamu_GLEAN_10004857",0.997432,"scaffold92","GLEAN",[[1,848301,848615,1,0,"scaffold92","GLEAN","CDS"],[1,848812,848871,1,1,"scaffold92","GLEAN","CDS"],[1,848974,849031,1,2,"scaffold92","GLEAN","CDS"],[1,849118,849153,1,2,"scaffold92","GLEAN","CDS"],[1,849239,849343,1,0,"scaffold92","GLEAN","CDS"],[1,849424,849500,1,1,"scaffold92","GLEAN","CDS"],[1,849581,849640,1,0,"scaffold92","GLEAN","CDS"],[1,849720,849786,1,1,"scaffold92","GLEAN","CDS"],[1,849881,849965,1,1,"scaffold92","GLEAN","CDS"],[1,850051,850116,1,1,"scaffold92","GLEAN","CDS"],[1,850290,850373,1,2,"scaffold92","GLEAN","CDS"],[1,850480,850571,1,0,"scaffold92","GLEAN","CDS"],[1,850658,850708,1,2,"scaffold92","GLEAN","CDS"],[1,850779,850920,1,0,"scaffold92","GLEAN","CDS"],[1,851589,851682,1,0,"scaffold92","GLEAN","CDS"]],"mRNA"],[0,853282,858772,1,"lamu_GLEAN_10004858",0.995507,"scaffold92","GLEAN",[[1,853282,853755,1,0,"scaffold92","GLEAN","CDS"],[1,853871,853959,1,1,"scaffold92","GLEAN","CDS"],[1,855137,855223,1,0,"scaffold92","GLEAN","CDS"],[1,857018,857097,1,1,"scaffold92","GLEAN","CDS"],[1,857263,857323,1,0,"scaffold92","GLEAN","CDS"],[1,858227,858349,1,0,"scaffold92","GLEAN","CDS"],[1,858464,858536,1,1,"scaffold92","GLEAN","CDS"],[1,858669,858772,1,1,"scaffold92","GLEAN","CDS"]],"mRNA"],[0,867572,879354,-1,"lamu_GLEAN_10004859",0.77176,"scaffold92","GLEAN",[[1,879225,879354,-1,0,"scaffold92","GLEAN","CDS"],[1,878885,879146,-1,0,"scaffold92","GLEAN","CDS"],[1,872664,872891,-1,0,"scaffold92","GLEAN","CDS"],[1,872346,872572,-1,1,"scaffold92","GLEAN","CDS"],[1,872120,872206,-1,0,"scaffold92","GLEAN","CDS"],[1,871444,871539,-1,1,"scaffold92","GLEAN","CDS"],[1,867572,867910,-1,2,"scaffold92","GLEAN","CDS"]],"mRNA"]],"urlTemplate":"lf-{Chunk}.json"}}