{"featureCount":41,"formatVersion":1,"histograms":{"meta":[{"arrayParams":{"chunkSize":10000,"length":8,"urlTemplate":"hist-50000-{Chunk}.json"},"basesPerBin":"50000"}],"stats":[{"basesPerBin":"50000","max":9,"mean":5.625}]},"intervals":{"classes":[{"attributes":["Start","End","Strand","Id","Score","Seq_id","Source","Subfeatures","Type"],"isArrayAttr":{"Subfeatures":1}},{"attributes":["Start","End","Strand","Phase","Seq_id","Source","Type"],"isArrayAttr":{}},{"attributes":["Start","End","Chunk"],"isArrayAttr":{"Sublist":1}}],"count":41,"lazyClass":2,"maxEnd":359437,"minStart":9312,"nclist":[[0,9312,11293,-1,"lamu_GLEAN_10001756",0.433511,"scaffold149","GLEAN",[[1,11168,11293,-1,0,"scaffold149","GLEAN","CDS"],[1,10255,10376,-1,1,"scaffold149","GLEAN","CDS"],[1,9957,10053,-1,0,"scaffold149","GLEAN","CDS"],[1,9312,9570,-1,0,"scaffold149","GLEAN","CDS"]],"mRNA"],[0,13814,17380,-1,"lamu_GLEAN_10001757",0.507989,"scaffold149","GLEAN",[[1,17294,17380,-1,0,"scaffold149","GLEAN","CDS"],[1,17012,17100,-1,1,"scaffold149","GLEAN","CDS"],[1,16849,16930,-1,0,"scaffold149","GLEAN","CDS"],[1,16533,16569,-1,0,"scaffold149","GLEAN","CDS"],[1,15556,15748,-1,0,"scaffold149","GLEAN","CDS"],[1,15213,15347,-1,0,"scaffold149","GLEAN","CDS"],[1,14503,14589,-1,1,"scaffold149","GLEAN","CDS"],[1,14236,14385,-1,2,"scaffold149","GLEAN","CDS"],[1,13814,13982,-1,0,"scaffold149","GLEAN","CDS"]],"mRNA"],[0,36000,41475,1,"lamu_GLEAN_10001758",0.99121,"scaffold149","GLEAN",[[1,36000,36024,1,0,"scaffold149","GLEAN","CDS"],[1,36128,38764,1,0,"scaffold149","GLEAN","CDS"],[1,38861,40209,1,1,"scaffold149","GLEAN","CDS"],[1,40325,40520,1,0,"scaffold149","GLEAN","CDS"],[1,41319,41475,1,0,"scaffold149","GLEAN","CDS"]],"mRNA"],[0,44650,54379,1,"lamu_GLEAN_10001759",0.66948,"scaffold149","GLEAN",[[1,44650,44707,1,0,"scaffold149","GLEAN","CDS"],[1,45966,46809,1,0,"scaffold149","GLEAN","CDS"],[1,48060,48480,1,0,"scaffold149","GLEAN","CDS"],[1,50236,50338,1,0,"scaffold149","GLEAN","CDS"],[1,50762,50860,1,0,"scaffold149","GLEAN","CDS"],[1,51022,51203,1,1,"scaffold149","GLEAN","CDS"],[1,51450,51942,1,0,"scaffold149","GLEAN","CDS"],[1,52054,52195,1,0,"scaffold149","GLEAN","CDS"],[1,52371,52431,1,0,"scaffold149","GLEAN","CDS"],[1,52814,52945,1,0,"scaffold149","GLEAN","CDS"],[1,53435,53569,1,1,"scaffold149","GLEAN","CDS"],[1,53678,53914,1,2,"scaffold149","GLEAN","CDS"],[1,54277,54379,1,0,"scaffold149","GLEAN","CDS"]],"mRNA"],[0,54945,55506,-1,"lamu_GLEAN_10001760",1,"scaffold149","GLEAN",[[1,54945,55506,-1,0,"scaffold149","GLEAN","CDS"]],"mRNA"],[0,58126,60397,-1,"lamu_GLEAN_10001761",0.967546,"scaffold149","GLEAN",[[1,58126,60397,-1,0,"scaffold149","GLEAN","CDS"]],"mRNA"],[0,64633,67492,-1,"lamu_GLEAN_10001762",0.997433,"scaffold149","GLEAN",[[1,67210,67492,-1,0,"scaffold149","GLEAN","CDS"],[1,66578,67046,-1,0,"scaffold149","GLEAN","CDS"],[1,66299,66494,-1,0,"scaffold149","GLEAN","CDS"],[1,66063,66218,-1,0,"scaffold149","GLEAN","CDS"],[1,64633,65504,-1,1,"scaffold149","GLEAN","CDS"]],"mRNA"],[0,71335,73780,-1,"lamu_GLEAN_10001763",0.34698,"scaffold149","GLEAN",[[1,72414,73780,-1,0,"scaffold149","GLEAN","CDS"],[1,71335,71877,-1,2,"scaffold149","GLEAN","CDS"]],"mRNA"],[0,78457,83817,-1,"lamu_GLEAN_10001764",0.558378,"scaffold149","GLEAN",[[1,83669,83817,-1,0,"scaffold149","GLEAN","CDS"],[1,83428,83587,-1,2,"scaffold149","GLEAN","CDS"],[1,81720,81944,-1,2,"scaffold149","GLEAN","CDS"],[1,81300,81562,-1,0,"scaffold149","GLEAN","CDS"],[1,79272,79386,-1,2,"scaffold149","GLEAN","CDS"],[1,78888,79112,-1,2,"scaffold149","GLEAN","CDS"],[1,78457,78730,-1,0,"scaffold149","GLEAN","CDS"]],"mRNA"],[0,85961,100315,1,"lamu_GLEAN_10001765",0.530508,"scaffold149","GLEAN",[[1,85961,86111,1,0,"scaffold149","GLEAN","CDS"],[1,86636,86846,1,0,"scaffold149","GLEAN","CDS"],[1,88004,88100,1,0,"scaffold149","GLEAN","CDS"],[1,89215,89268,1,0,"scaffold149","GLEAN","CDS"],[1,89577,89674,1,1,"scaffold149","GLEAN","CDS"],[1,89780,89854,1,0,"scaffold149","GLEAN","CDS"],[1,90681,90796,1,1,"scaffold149","GLEAN","CDS"],[1,92250,92361,1,0,"scaffold149","GLEAN","CDS"],[1,92584,92661,1,0,"scaffold149","GLEAN","CDS"],[1,93078,93145,1,1,"scaffold149","GLEAN","CDS"],[1,93728,93794,1,0,"scaffold149","GLEAN","CDS"],[1,94168,94276,1,0,"scaffold149","GLEAN","CDS"],[1,94396,94527,1,0,"scaffold149","GLEAN","CDS"],[1,94657,94724,1,1,"scaffold149","GLEAN","CDS"],[1,94855,94923,1,0,"scaffold149","GLEAN","CDS"],[1,95000,95094,1,1,"scaffold149","GLEAN","CDS"],[1,95373,95444,1,0,"scaffold149","GLEAN","CDS"],[1,95565,95930,1,1,"scaffold149","GLEAN","CDS"],[1,96257,96441,1,2,"scaffold149","GLEAN","CDS"],[1,99507,100315,1,1,"scaffold149","GLEAN","CDS"]],"mRNA"],[0,106353,110243,-1,"lamu_GLEAN_10001766",0.999907,"scaffold149","GLEAN",[[1,110221,110243,-1,0,"scaffold149","GLEAN","CDS"],[1,109142,109640,-1,2,"scaffold149","GLEAN","CDS"],[1,107776,108186,-1,2,"scaffold149","GLEAN","CDS"],[1,106353,107184,-1,0,"scaffold149","GLEAN","CDS"]],"mRNA"],[0,116194,117571,-1,"lamu_GLEAN_10001767",1,"scaffold149","GLEAN",[[1,116194,117571,-1,0,"scaffold149","GLEAN","CDS"]],"mRNA"],[0,121281,122661,-1,"lamu_GLEAN_10001768",0.999988,"scaffold149","GLEAN",[[1,121281,122661,-1,0,"scaffold149","GLEAN","CDS"]],"mRNA"],[0,126240,127632,-1,"lamu_GLEAN_10001769",0.999996,"scaffold149","GLEAN",[[1,126240,127632,-1,0,"scaffold149","GLEAN","CDS"]],"mRNA"],[0,133291,133606,-1,"lamu_GLEAN_10001770",0.776228,"scaffold149","GLEAN",[[1,133291,133606,-1,0,"scaffold149","GLEAN","CDS"]],"mRNA"],[0,150368,151139,-1,"lamu_GLEAN_10001771",0.730015,"scaffold149","GLEAN",[[1,150368,151139,-1,0,"scaffold149","GLEAN","CDS"]],"mRNA"],[0,175267,176734,-1,"lamu_GLEAN_10001772",0.999389,"scaffold149","GLEAN",[[1,175688,176734,-1,0,"scaffold149","GLEAN","CDS"],[1,175267,175394,-1,1,"scaffold149","GLEAN","CDS"]],"mRNA"],[0,181050,183415,1,"lamu_GLEAN_10001773",0.367593,"scaffold149","GLEAN",[[1,181050,181147,1,0,"scaffold149","GLEAN","CDS"],[1,181751,182139,1,2,"scaffold149","GLEAN","CDS"],[1,182228,182439,1,1,"scaffold149","GLEAN","CDS"],[1,182533,182620,1,0,"scaffold149","GLEAN","CDS"],[1,183187,183415,1,0,"scaffold149","GLEAN","CDS"]],"mRNA"],[0,183927,185817,-1,"lamu_GLEAN_10001774",1,"scaffold149","GLEAN",[[1,183927,185817,-1,0,"scaffold149","GLEAN","CDS"]],"mRNA"],[0,189310,191559,-1,"lamu_GLEAN_10001775",0.476311,"scaffold149","GLEAN",[[1,191555,191559,-1,0,"scaffold149","GLEAN","CDS"],[1,191325,191436,-1,2,"scaffold149","GLEAN","CDS"],[1,190910,190962,-1,2,"scaffold149","GLEAN","CDS"],[1,190383,190540,-1,1,"scaffold149","GLEAN","CDS"],[1,189310,189385,-1,0,"scaffold149","GLEAN","CDS"]],"mRNA"],[0,198237,203465,1,"lamu_GLEAN_10001776",0.998494,"scaffold149","GLEAN",[[1,198237,198282,1,0,"scaffold149","GLEAN","CDS"],[1,198418,198545,1,0,"scaffold149","GLEAN","CDS"],[1,198648,198795,1,2,"scaffold149","GLEAN","CDS"],[1,198932,199063,1,2,"scaffold149","GLEAN","CDS"],[1,199630,199768,1,0,"scaffold149","GLEAN","CDS"],[1,200168,200267,1,0,"scaffold149","GLEAN","CDS"],[1,200546,200733,1,0,"scaffold149","GLEAN","CDS"],[1,202555,202648,1,2,"scaffold149","GLEAN","CDS"],[1,203187,203465,1,2,"scaffold149","GLEAN","CDS"]],"mRNA"],[0,204342,209764,-1,"lamu_GLEAN_10001777",0.997585,"scaffold149","GLEAN",[[1,206749,209764,-1,0,"scaffold149","GLEAN","CDS"],[1,205318,205810,-1,0,"scaffold149","GLEAN","CDS"],[1,204342,204480,-1,0,"scaffold149","GLEAN","CDS"]],"mRNA"],[0,210369,211086,1,"lamu_GLEAN_10001778",1,"scaffold149","GLEAN",[[1,210369,211086,1,0,"scaffold149","GLEAN","CDS"]],"mRNA"],[0,212031,213309,1,"lamu_GLEAN_10001779",0.472251,"scaffold149","GLEAN",[[1,212031,212230,1,0,"scaffold149","GLEAN","CDS"],[1,212512,213309,1,2,"scaffold149","GLEAN","CDS"]],"mRNA"],[0,214235,217741,-1,"lamu_GLEAN_10001780",0.516763,"scaffold149","GLEAN",[[1,216001,217741,-1,0,"scaffold149","GLEAN","CDS"],[1,214960,215141,-1,0,"scaffold149","GLEAN","CDS"],[1,214235,214882,-1,2,"scaffold149","GLEAN","CDS"]],