{"featureCount":30,"formatVersion":1,"histograms":{"meta":[{"arrayParams":{"chunkSize":10000,"length":10,"urlTemplate":"hist-50000-{Chunk}.json"},"basesPerBin":"50000"}],"stats":[{"basesPerBin":"50000","max":8,"mean":3.4}]},"intervals":{"classes":[{"attributes":["Start","End","Strand","Id","Score","Seq_id","Source","Subfeatures","Type"],"isArrayAttr":{"Subfeatures":1}},{"attributes":["Start","End","Strand","Phase","Seq_id","Source","Type"],"isArrayAttr":{}},{"attributes":["Start","End","Chunk"],"isArrayAttr":{"Sublist":1}}],"count":30,"lazyClass":2,"maxEnd":477901,"minStart":12110,"nclist":[[0,12110,13623,-1,"lamu_GLEAN_10002583",0.999991,"scaffold141","GLEAN",[[1,13602,13623,-1,0,"scaffold141","GLEAN","CDS"],[1,13349,13486,-1,0,"scaffold141","GLEAN","CDS"],[1,12390,12609,-1,1,"scaffold141","GLEAN","CDS"],[1,12110,12273,-1,1,"scaffold141","GLEAN","CDS"]],"mRNA"],[0,23887,26042,-1,"lamu_GLEAN_10002584",0.999891,"scaffold141","GLEAN",[[1,25809,26042,-1,0,"scaffold141","GLEAN","CDS"],[1,25538,25719,-1,1,"scaffold141","GLEAN","CDS"],[1,24517,24703,-1,0,"scaffold141","GLEAN","CDS"],[1,24184,24328,-1,0,"scaffold141","GLEAN","CDS"],[1,23887,24088,-1,0,"scaffold141","GLEAN","CDS"]],"mRNA"],[0,90293,96639,1,"lamu_GLEAN_10002585",0.999908,"scaffold141","GLEAN",[[1,90293,90395,1,0,"scaffold141","GLEAN","CDS"],[1,91268,91396,1,0,"scaffold141","GLEAN","CDS"],[1,91503,91614,1,1,"scaffold141","GLEAN","CDS"],[1,92214,92407,1,1,"scaffold141","GLEAN","CDS"],[1,93671,93749,1,0,"scaffold141","GLEAN","CDS"],[1,93856,93925,1,0,"scaffold141","GLEAN","CDS"],[1,94915,95059,1,0,"scaffold141","GLEAN","CDS"],[1,95192,95295,1,0,"scaffold141","GLEAN","CDS"],[1,95803,96081,1,2,"scaffold141","GLEAN","CDS"],[1,96474,96639,1,0,"scaffold141","GLEAN","CDS"]],"mRNA"],[0,97762,98320,1,"lamu_GLEAN_10002586",0.999152,"scaffold141","GLEAN",[[1,97762,98320,1,0,"scaffold141","GLEAN","CDS"]],"mRNA"],[0,99321,99971,1,"lamu_GLEAN_10002587",0.999226,"scaffold141","GLEAN",[[1,99321,99325,1,0,"scaffold141","GLEAN","CDS"],[1,99660,99971,1,2,"scaffold141","GLEAN","CDS"]],"mRNA"],[0,111955,112535,1,"lamu_GLEAN_10002588",0.868216,"scaffold141","GLEAN",[[1,111955,112019,1,0,"scaffold141","GLEAN","CDS"],[1,112365,112535,1,2,"scaffold141","GLEAN","CDS"]],"mRNA"],[0,145875,148950,1,"lamu_GLEAN_10002589",1,"scaffold141","GLEAN",[[1,145875,147592,1,0,"scaffold141","GLEAN","CDS"],[1,147817,148950,1,2,"scaffold141","GLEAN","CDS"]],"mRNA"],[0,153053,161155,-1,"lamu_GLEAN_10002590",0.996536,"scaffold141","GLEAN",[[1,160588,161155,-1,0,"scaffold141","GLEAN","CDS"],[1,158720,158975,-1,0,"scaffold141","GLEAN","CDS"],[1,153053,153314,-1,0,"scaffold141","GLEAN","CDS"]],"mRNA"],[0,165642,174028,-1,"lamu_GLEAN_10002591",0.981276,"scaffold141","GLEAN",[[1,173878,174028,-1,0,"scaffold141","GLEAN","CDS"],[1,173312,173403,-1,0,"scaffold141","GLEAN","CDS"],[1,173169,173222,-1,2,"scaffold141","GLEAN","CDS"],[1,172990,173083,-1,0,"scaffold141","GLEAN","CDS"],[1,172836,172908,-1,0,"scaffold141","GLEAN","CDS"],[1,169836,169909,-1,0,"scaffold141","GLEAN","CDS"],[1,169681,169727,-1,2,"scaffold141","GLEAN","CDS"],[1,167160,167224,-1,1,"scaffold141","GLEAN","CDS"],[1,167012,167066,-1,0,"scaffold141","GLEAN","CDS"],[1,166641,166719,-1,0,"scaffold141","GLEAN","CDS"],[1,165642,165735,-1,0,"scaffold141","GLEAN","CDS"]],"mRNA"],[0,183679,186893,1,"lamu_GLEAN_10002592",0.834589,"scaffold141","GLEAN",[[1,183679,183781,1,0,"scaffold141","GLEAN","CDS"],[1,184306,184439,1,0,"scaffold141","GLEAN","CDS"],[1,184902,185526,1,2,"scaffold141","GLEAN","CDS"],[1,186399,186893,1,2,"scaffold141","GLEAN","CDS"]],"mRNA"],[0,192426,195159,1,"lamu_GLEAN_10002593",0.995087,"scaffold141","GLEAN",[[1,192426,192435,1,0,"scaffold141","GLEAN","CDS"],[1,192518,192703,1,0,"scaffold141","GLEAN","CDS"],[1,193629,193756,1,1,"scaffold141","GLEAN","CDS"],[1,194437,194572,1,0,"scaffold141","GLEAN","CDS"],[1,194988,195159,1,0,"scaffold141","GLEAN","CDS"]],"mRNA"],[0,207609,210614,1,"lamu_GLEAN_10002594",1,"scaffold141","GLEAN",[[1,207609,207732,1,0,"scaffold141","GLEAN","CDS"],[1,208330,208441,1,0,"scaffold141","GLEAN","CDS"],[1,208652,210614,1,0,"scaffold141","GLEAN","CDS"]],"mRNA"],[0,229066,231115,1,"lamu_GLEAN_10002595",0.996755,"scaffold141","GLEAN",[[1,229066,231115,1,0,"scaffold141","GLEAN","CDS"]],"mRNA"],[0,243427,254297,1,"lamu_GLEAN_10002596",0.994731,"scaffold141","GLEAN",[[1,243427,243610,1,0,"scaffold141","GLEAN","CDS"],[1,247861,247985,1,0,"scaffold141","GLEAN","CDS"],[1,248117,248456,1,2,"scaffold141","GLEAN","CDS"],[1,248862,249025,1,2,"scaffold141","GLEAN","CDS"],[1,251119,251243,1,1,"scaffold141","GLEAN","CDS"],[1,251578,251644,1,0,"scaffold141","GLEAN","CDS"],[1,253062,253320,1,0,"scaffold141","GLEAN","CDS"],[1,254195,254297,1,0,"scaffold141","GLEAN","CDS"]],"mRNA"],[0,257216,258221,1,"lamu_GLEAN_10002597",1,"scaffold141","GLEAN",[[1,257216,258221,1,0,"scaffold141","GLEAN","CDS"]],"mRNA"],[0,258747,268971,-1,"lamu_GLEAN_10002598",0.635542,"scaffold141","GLEAN",[[1,268308,268971,-1,0,"scaffold141","GLEAN","CDS"],[1,267828,268156,-1,0,"scaffold141","GLEAN","CDS"],[1,266755,267008,-1,2,"scaffold141","GLEAN","CDS"],[1,266456,266673,-1,1,"scaffold141","GLEAN","CDS"],[1,265966,266319,-1,0,"scaffold141","GLEAN","CDS"],[1,265269,265806,-1,1,"scaffold141","GLEAN","CDS"],[1,263284,264482,-1,1,"scaffold141","GLEAN","CDS"],[1,262792,262899,-1,0,"scaffold141","GLEAN","CDS"],[1,261948,262139,-1,1,"scaffold141","GLEAN","CDS"],[1,260820,261510,-1,2,"scaffold141","GLEAN","CDS"],[1,258747,260381,-1,2,"scaffold141","GLEAN","CDS"]],"mRNA"],[0,284782,286172,-1,"lamu_GLEAN_10002599",1,"scaffold141","GLEAN",[[1,286085,286172,-1,0,"scaffold141","GLEAN","CDS"],[1,284782,285100,-1,0,"scaffold141","GLEAN","CDS"]],"mRNA"],[0,291653,292529,-1,"lamu_GLEAN_10002600",0.842562,"scaffold141","GLEAN",[[1,291653,292529,-1,0,"scaffold141","GLEAN","CDS"]],"mRNA"],[0,293802,295276,-1,"lamu_GLEAN_10002601",0.420829,"scaffold141","GLEAN",[[1,295071,295276,-1,0,"scaffold141","GLEAN","CDS"],[1,293802,294635,-1,2,"scaffold141","GLEAN","CDS"]],"mRNA"],[0,295292,297611,-1,"lamu_GLEAN_10002602",0.496954,"scaffold141","GLEAN",[[1,296402,297611,-1,0,"scaffold141","GLEAN","CDS"],[1,295292,296021,-1,0,"scaffold141","GLEAN","CDS"]],"mRNA"],[0,298443,303708,-1,"lamu_GLEAN_10002603",0.0879923,"scaffold141","GLEAN",[[1,303219,303708,-1,0,"scaffold141","GLEAN","CDS"],[1,302580,302779,-1,0,"scaffold141","GLEAN","CDS"],[1,301521,301913,-1,2,"scaffold141","GLEAN","CDS"],[1,301035,301363,-1,0,"scaffold141","GLEAN","CDS"],[1,299954,300207,-1,2,"scaffold141","GLEAN","CDS"],[1,299655,299872,-1,1,"scaffold141","GLEAN","CDS"],[1,299404,299519,-1,0,"scaffold141","GLEAN","CDS"],[1,299166,299314,-1,2,"scaffold141","GLEAN","CDS"],[1,298443,299008,-1,1,"scaffold141","GLEAN","CDS"]],"mRNA"],[0,312685,313045,-1,"lamu_GLEAN_10002604",0.999996,"scaffold141","GLEAN",[[1,312685,313045,-1,0,"scaffold141","GLEAN","CDS"]],"mRNA"],[0,341034,343029,1,"lamu_GLEAN_10002605",0.999621,"scaffold141","GLEAN",[[1,341034,341039,1,0,"scaffold141","GLEAN","CDS"],[1,341294,343029,1,1,"scaffold141","GLEAN","CDS"]],"mRNA"],[0,346663,361564,1,"lamu_GLEAN_10002606",0.955435,"scaffold141","GLEAN",[[1,346663,346725,1,0,"scaffold141","GLEAN","CDS"],[1,346792,346916,1,1,"scaffold141","GLEAN","CDS"],[1,355061,355295,1,0,"scaffold141","GLEAN","CDS"],[1,356460,356516,1,0,"scaffold141","GLEAN","CDS"],[1,356612,356843,1,1,"scaffold141","GLEAN","CDS"],[1,360453,360745,1,1,"scaffold141","GLEAN","CDS"],[1,361115,361312,1,0,"scaffold141","GLEAN","CDS"],[1,361410,361564,1,1,"scaffold141","GLEAN","CDS"]],"mRNA"],[0,368421,369513,-1,"lamu_GLEAN_10002607",0.99993,"scaffold141","GLEAN",[[1,369504,369513,-1,0,"scaffold141","GLEAN","CDS"],[1,369301,369382,-1,0,"scaffold141","GLEAN","CDS"],[1,369081,369179,-1,0,"scaffold141","GLEAN","CDS"],[1,368913,368995,-1,1,"scaffold141","GLEAN","CDS"],[1,368421,368553,-1,0,"scaffold141","GLEAN","CDS"]],