{"featureCount":6,"formatVersion":1,"histograms":{"meta":[{"arrayParams":{"chunkSize":10000,"length":2,"urlTemplate":"hist-100000-{Chunk}.json"},"basesPerBin":"100000"}],"stats":[{"basesPerBin":"100000","max":5,"mean":3}]},"intervals":{"classes":[{"attributes":["Start","End","Strand","Id","Score","Seq_id","Source","Subfeatures","Type"],"isArrayAttr":{"Subfeatures":1}},{"attributes":["Start","End","Strand","Phase","Seq_id","Source","Type"],"isArrayAttr":{}},{"attributes":["Start","End","Chunk"],"isArrayAttr":{"Sublist":1}}],"count":6,"lazyClass":2,"maxEnd":135997,"minStart":86386,"nclist":[[0,86386,87569,1,"lamu_GLEAN_10001020",0.495922,"scaffold286","GLEAN",[[1,86386,86605,1,0,"scaffold286","GLEAN","CDS"],[1,87329,87569,1,0,"scaffold286","GLEAN","CDS"]],"mRNA"],[0,116997,119129,1,"lamu_GLEAN_10001021",1,"scaffold286","GLEAN",[[1,116997,117057,1,0,"scaffold286","GLEAN","CDS"],[1,117219,117613,1,0,"scaffold286","GLEAN","CDS"],[1,117967,118581,1,2,"scaffold286","GLEAN","CDS"],[1,119063,119129,1,0,"scaffold286","GLEAN","CDS"]],"mRNA"],[0,122760,123189,-1,"lamu_GLEAN_10001022",0.868588,"scaffold286","GLEAN",[[1,122760,123189,-1,0,"scaffold286","GLEAN","CDS"]],"mRNA"],[0,124294,124794,-1,"lamu_GLEAN_10001023",0.88038,"scaffold286","GLEAN",[[1,124490,124794,-1,0,"scaffold286","GLEAN","CDS"],[1,124294,124386,-1,2,"scaffold286","GLEAN","CDS"]],"mRNA"],[0,127177,127802,-1,"lamu_GLEAN_10001024",0.99993,"scaffold286","GLEAN",[[1,127496,127802,-1,0,"scaffold286","GLEAN","CDS"],[1,127177,127270,-1,0,"scaffold286","GLEAN","CDS"]],"mRNA"],[0,131255,135997,-1,"lamu_GLEAN_10001025",0.691268,"scaffold286","GLEAN",[[1,135931,135997,-1,0,"scaffold286","GLEAN","CDS"],[1,135658,135788,-1,0,"scaffold286","GLEAN","CDS"],[1,134702,134809,-1,2,"scaffold286","GLEAN","CDS"],[1,134515,134585,-1,0,"scaffold286","GLEAN","CDS"],[1,133587,133695,-1,2,"scaffold286","GLEAN","CDS"],[1,132692,132808,-1,2,"scaffold286","GLEAN","CDS"],[1,132498,132582,-1,0,"scaffold286","GLEAN","CDS"],[1,131841,131910,-1,0,"scaffold286","GLEAN","CDS"],[1,131675,131747,-1,0,"scaffold286","GLEAN","CDS"],[1,131504,131596,-1,0,"scaffold286","GLEAN","CDS"],[1,131255,131424,-1,1,"scaffold286","GLEAN","CDS"]],"mRNA"]],"urlTemplate":"lf-{Chunk}.json"}}