{"featureCount":13,"formatVersion":1,"histograms":{"meta":[{"arrayParams":{"chunkSize":10000,"length":3,"urlTemplate":"hist-50000-{Chunk}.json"},"basesPerBin":"50000"}],"stats":[{"basesPerBin":"50000","max":9,"mean":4.33333333333333}]},"intervals":{"classes":[{"attributes":["Start","End","Strand","Id","Score","Seq_id","Source","Subfeatures","Type"],"isArrayAttr":{"Subfeatures":1}},{"attributes":["Start","End","Strand","Phase","Seq_id","Source","Type"],"isArrayAttr":{}},{"attributes":["Start","End","Chunk"],"isArrayAttr":{"Sublist":1}}],"count":13,"lazyClass":2,"maxEnd":105066,"minStart":22796,"nclist":[[0,22796,26862,1,"lamu_GLEAN_10000697",0.999004,"scaffold280","GLEAN",[[1,22796,23479,1,0,"scaffold280","GLEAN","CDS"],[1,24156,24293,1,1,"scaffold280","GLEAN","CDS"],[1,26098,26862,1,2,"scaffold280","GLEAN","CDS"]],"mRNA"],[0,43586,45500,-1,"lamu_GLEAN_10000698",0.656159,"scaffold280","GLEAN",[[1,45431,45500,-1,0,"scaffold280","GLEAN","CDS"],[1,44891,44994,-1,0,"scaffold280","GLEAN","CDS"],[1,44445,44568,-1,2,"scaffold280","GLEAN","CDS"],[1,44269,44318,-1,2,"scaffold280","GLEAN","CDS"],[1,44060,44136,-1,1,"scaffold280","GLEAN","CDS"],[1,43586,43649,-1,0,"scaffold280","GLEAN","CDS"]],"mRNA"],[0,50947,58215,1,"lamu_GLEAN_10000699",0.0947696,"scaffold280","GLEAN",[[1,50947,51055,1,0,"scaffold280","GLEAN","CDS"],[1,52474,52582,1,0,"scaffold280","GLEAN","CDS"],[1,53409,53754,1,0,"scaffold280","GLEAN","CDS"],[1,54034,54182,1,0,"scaffold280","GLEAN","CDS"],[1,54299,54635,1,2,"scaffold280","GLEAN","CDS"],[1,54744,55245,1,2,"scaffold280","GLEAN","CDS"],[1,55684,56586,1,2,"scaffold280","GLEAN","CDS"],[1,56684,56770,1,0,"scaffold280","GLEAN","CDS"],[1,56857,57076,1,1,"scaffold280","GLEAN","CDS"],[1,57788,57917,1,1,"scaffold280","GLEAN","CDS"],[1,58172,58215,1,1,"scaffold280","GLEAN","CDS"]],"mRNA"],[0,62708,65032,-1,"lamu_GLEAN_10000700",0.998691,"scaffold280","GLEAN",[[1,64708,65032,-1,0,"scaffold280","GLEAN","CDS"],[1,63451,63789,-1,0,"scaffold280","GLEAN","CDS"],[1,63201,63370,-1,1,"scaffold280","GLEAN","CDS"],[1,62708,63050,-1,0,"scaffold280","GLEAN","CDS"]],"mRNA"],[0,69317,71660,-1,"lamu_GLEAN_10000701",0.999781,"scaffold280","GLEAN",[[1,71463,71660,-1,0,"scaffold280","GLEAN","CDS"],[1,70953,71275,-1,1,"scaffold280","GLEAN","CDS"],[1,70701,70851,-1,0,"scaffold280","GLEAN","CDS"],[1,70351,70597,-1,0,"scaffold280","GLEAN","CDS"],[1,70173,70260,-1,0,"scaffold280","GLEAN","CDS"],[1,69989,70068,-1,0,"scaffold280","GLEAN","CDS"],[1,69755,69862,-1,2,"scaffold280","GLEAN","CDS"],[1,69528,69653,-1,0,"scaffold280","GLEAN","CDS"],[1,69317,69405,-1,1,"scaffold280","GLEAN","CDS"]],"mRNA"],[0,75761,78263,-1,"lamu_GLEAN_10000702",0.693829,"scaffold280","GLEAN",[[1,78186,78263,-1,0,"scaffold280","GLEAN","CDS"],[1,77840,77949,-1,1,"scaffold280","GLEAN","CDS"],[1,77621,77738,-1,0,"scaffold280","GLEAN","CDS"],[1,76989,77053,-1,0,"scaffold280","GLEAN","CDS"],[1,76733,76873,-1,2,"scaffold280","GLEAN","CDS"],[1,76337,76641,-1,0,"scaffold280","GLEAN","CDS"],[1,75985,76209,-1,2,"scaffold280","GLEAN","CDS"],[1,75761,75902,-1,0,"scaffold280","GLEAN","CDS"]],"mRNA"],[0,82876,85098,-1,"lamu_GLEAN_10000703",0.665447,"scaffold280","GLEAN",[[1,84992,85098,-1,0,"scaffold280","GLEAN","CDS"],[1,84415,84578,-1,2,"scaffold280","GLEAN","CDS"],[1,84196,84317,-1,1,"scaffold280","GLEAN","CDS"],[1,82876,83056,-1,0,"scaffold280","GLEAN","CDS"]],"mRNA"],[0,89675,92302,1,"lamu_GLEAN_10000704",1,"scaffold280","GLEAN",[[1,89675,89762,1,0,"scaffold280","GLEAN","CDS"],[1,91842,91909,1,0,"scaffold280","GLEAN","CDS"],[1,92051,92302,1,2,"scaffold280","GLEAN","CDS"]],"mRNA"],[0,93007,94107,1,"lamu_GLEAN_10000705",1,"scaffold280","GLEAN",[[1,93007,93314,1,0,"scaffold280","GLEAN","CDS"],[1,93889,94107,1,2,"scaffold280","GLEAN","CDS"]],"mRNA"],[0,94688,96591,-1,"lamu_GLEAN_10000706",1,"scaffold280","GLEAN",[[1,96524,96591,-1,0,"scaffold280","GLEAN","CDS"],[1,94688,96142,-1,2,"scaffold280","GLEAN","CDS"]],"mRNA"],[0,97326,98985,1,"lamu_GLEAN_10000707",0.992835,"scaffold280","GLEAN",[[1,97326,97367,1,0,"scaffold280","GLEAN","CDS"],[1,97883,98218,1,1,"scaffold280","GLEAN","CDS"],[1,98329,98985,1,2,"scaffold280","GLEAN","CDS"]],"mRNA"],[0,100894,101430,1,"lamu_GLEAN_10000708",0.626784,"scaffold280","GLEAN",[[1,100894,101101,1,0,"scaffold280","GLEAN","CDS"],[1,101400,101430,1,0,"scaffold280","GLEAN","CDS"]],"mRNA"],[0,102040,105066,-1,"lamu_GLEAN_10000709",0.997785,"scaffold280","GLEAN",[[1,104893,105066,-1,0,"scaffold280","GLEAN","CDS"],[1,104673,104809,-1,1,"scaffold280","GLEAN","CDS"],[1,102040,102532,-1,0,"scaffold280","GLEAN","CDS"]],"mRNA"]],"urlTemplate":"lf-{Chunk}.json"}}