{"featureCount":8,"formatVersion":1,"histograms":{"meta":[{"arrayParams":{"chunkSize":10000,"length":3,"urlTemplate":"hist-50000-{Chunk}.json"},"basesPerBin":"50000"}],"stats":[{"basesPerBin":"50000","max":4,"mean":3.33333333333333}]},"intervals":{"classes":[{"attributes":["Start","End","Strand","Id","Score","Seq_id","Source","Subfeatures","Type"],"isArrayAttr":{"Subfeatures":1}},{"attributes":["Start","End","Strand","Phase","Seq_id","Source","Type"],"isArrayAttr":{}},{"attributes":["Start","End","Chunk"],"isArrayAttr":{"Sublist":1}}],"count":8,"lazyClass":2,"maxEnd":130788,"minStart":18919,"nclist":[[0,18919,26870,1,"lamu_GLEAN_10000897",0.788004,"scaffold326","GLEAN",[[1,18919,19515,1,0,"scaffold326","GLEAN","CDS"],[1,19595,19908,1,1,"scaffold326","GLEAN","CDS"],[1,21249,21396,1,0,"scaffold326","GLEAN","CDS"],[1,21510,21599,1,0,"scaffold326","GLEAN","CDS"],[1,21717,21810,1,1,"scaffold326","GLEAN","CDS"],[1,22228,22355,1,1,"scaffold326","GLEAN","CDS"],[1,22981,23046,1,0,"scaffold326","GLEAN","CDS"],[1,23143,23281,1,1,"scaffold326","GLEAN","CDS"],[1,24052,24108,1,1,"scaffold326","GLEAN","CDS"],[1,24585,24677,1,2,"scaffold326","GLEAN","CDS"],[1,24776,24824,1,0,"scaffold326","GLEAN","CDS"],[1,25165,25312,1,0,"scaffold326","GLEAN","CDS"],[1,25437,25520,1,0,"scaffold326","GLEAN","CDS"],[1,26095,26211,1,1,"scaffold326","GLEAN","CDS"],[1,26787,26870,1,2,"scaffold326","GLEAN","CDS"]],"mRNA"],[0,31769,44498,1,"lamu_GLEAN_10000898",0.995035,"scaffold326","GLEAN",[[1,31769,31893,1,0,"scaffold326","GLEAN","CDS"],[1,32803,33044,1,2,"scaffold326","GLEAN","CDS"],[1,34000,34098,1,1,"scaffold326","GLEAN","CDS"],[1,34194,34244,1,2,"scaffold326","GLEAN","CDS"],[1,36998,37048,1,0,"scaffold326","GLEAN","CDS"],[1,37163,37252,1,1,"scaffold326","GLEAN","CDS"],[1,37512,37558,1,2,"scaffold326","GLEAN","CDS"],[1,37815,37918,1,1,"scaffold326","GLEAN","CDS"],[1,38074,38924,1,0,"scaffold326","GLEAN","CDS"],[1,39020,39461,1,2,"scaffold326","GLEAN","CDS"],[1,39599,39741,1,2,"scaffold326","GLEAN","CDS"],[1,40211,40348,1,1,"scaffold326","GLEAN","CDS"],[1,40942,42012,1,2,"scaffold326","GLEAN","CDS"],[1,42975,43027,1,0,"scaffold326","GLEAN","CDS"],[1,43436,43545,1,2,"scaffold326","GLEAN","CDS"],[1,43711,43841,1,1,"scaffold326","GLEAN","CDS"],[1,44399,44498,1,0,"scaffold326","GLEAN","CDS"]],"mRNA"],[0,45681,56986,-1,"lamu_GLEAN_10000899",0.314471,"scaffold326","GLEAN",[[1,56878,56986,-1,0,"scaffold326","GLEAN","CDS"],[1,55858,55925,-1,0,"scaffold326","GLEAN","CDS"],[1,55701,55764,-1,2,"scaffold326","GLEAN","CDS"],[1,53702,53777,-1,2,"scaffold326","GLEAN","CDS"],[1,53567,53630,-1,2,"scaffold326","GLEAN","CDS"],[1,52876,52926,-1,2,"scaffold326","GLEAN","CDS"],[1,50053,50156,-1,0,"scaffold326","GLEAN","CDS"],[1,49754,49863,-1,2,"scaffold326","GLEAN","CDS"],[1,47552,47674,-1,1,"scaffold326","GLEAN","CDS"],[1,45811,45925,-1,2,"scaffold326","GLEAN","CDS"],[1,45681,45728,-1,2,"scaffold326","GLEAN","CDS"]],"mRNA"],[0,85453,87675,-1,"lamu_GLEAN_10000900",0.998794,"scaffold326","GLEAN",[[1,87666,87675,-1,0,"scaffold326","GLEAN","CDS"],[1,85453,87148,-1,0,"scaffold326","GLEAN","CDS"]],"mRNA"],[0,98955,106175,-1,"lamu_GLEAN_10000901",0.926776,"scaffold326","GLEAN",[[1,106019,106175,-1,0,"scaffold326","GLEAN","CDS"],[1,100118,100199,-1,0,"scaffold326","GLEAN","CDS"],[1,99662,99754,-1,0,"scaffold326","GLEAN","CDS"],[1,98955,99079,-1,1,"scaffold326","GLEAN","CDS"]],"mRNA"],[0,112199,114309,-1,"lamu_GLEAN_10000902",0.920543,"scaffold326","GLEAN",[[1,114245,114309,-1,0,"scaffold326","GLEAN","CDS"],[1,113175,113286,-1,2,"scaffold326","GLEAN","CDS"],[1,112199,112429,-1,2,"scaffold326","GLEAN","CDS"]],"mRNA"],[0,126777,127350,1,"lamu_GLEAN_10000903",1,"scaffold326","GLEAN",[[1,126777,127350,1,0,"scaffold326","GLEAN","CDS"]],"mRNA"],[0,129082,130788,-1,"lamu_GLEAN_10000904",0.589982,"scaffold326","GLEAN",[[1,130098,130788,-1,0,"scaffold326","GLEAN","CDS"],[1,129082,129643,-1,0,"scaffold326","GLEAN","CDS"]],"mRNA"]],"urlTemplate":"lf-{Chunk}.json"}}