{"featureCount":11,"formatVersion":1,"histograms":{"meta":[{"arrayParams":{"chunkSize":10000,"length":3,"urlTemplate":"hist-100000-{Chunk}.json"},"basesPerBin":"100000"}],"stats":[{"basesPerBin":"100000","max":6,"mean":4}]},"intervals":{"classes":[{"attributes":["Start","End","Strand","Id","Score","Seq_id","Source","Subfeatures","Type"],"isArrayAttr":{"Subfeatures":1}},{"attributes":["Start","End","Strand","Phase","Seq_id","Source","Type"],"isArrayAttr":{}},{"attributes":["Start","End","Chunk"],"isArrayAttr":{"Sublist":1}}],"count":11,"lazyClass":2,"maxEnd":282780,"minStart":97674,"nclist":[[0,97674,106904,1,"lamu_GLEAN_10001454",0.994486,"scaffold192","GLEAN",[[1,97674,97857,1,0,"scaffold192","GLEAN","CDS"],[1,98615,98818,1,0,"scaffold192","GLEAN","CDS"],[1,104759,104962,1,1,"scaffold192","GLEAN","CDS"],[1,106241,106374,1,2,"scaffold192","GLEAN","CDS"],[1,106843,106904,1,1,"scaffold192","GLEAN","CDS"]],"mRNA"],[0,123026,123392,1,"lamu_GLEAN_10001455",0.973657,"scaffold192","GLEAN",[[1,123026,123392,1,0,"scaffold192","GLEAN","CDS"]],"mRNA"],[0,142754,144129,1,"lamu_GLEAN_10001456",0.960805,"scaffold192","GLEAN",[[1,142754,143075,1,0,"scaffold192","GLEAN","CDS"],[1,143985,144129,1,0,"scaffold192","GLEAN","CDS"]],"mRNA"],[0,163403,167468,1,"lamu_GLEAN_10001457",0.961321,"scaffold192","GLEAN",[[1,163403,163660,1,0,"scaffold192","GLEAN","CDS"],[1,167344,167468,1,1,"scaffold192","GLEAN","CDS"]],"mRNA"],[0,184649,185195,1,"lamu_GLEAN_10001458",0.999991,"scaffold192","GLEAN",[[1,184649,185195,1,0,"scaffold192","GLEAN","CDS"]],"mRNA"],[0,195898,199561,-1,"lamu_GLEAN_10001459",0.902509,"scaffold192","GLEAN",[[1,199378,199561,-1,0,"scaffold192","GLEAN","CDS"],[1,198777,199064,-1,0,"scaffold192","GLEAN","CDS"],[1,197192,197297,-1,1,"scaffold192","GLEAN","CDS"],[1,195898,195974,-1,1,"scaffold192","GLEAN","CDS"]],"mRNA"],[0,219090,222884,-1,"lamu_GLEAN_10001460",0.996632,"scaffold192","GLEAN",[[1,222828,222884,-1,0,"scaffold192","GLEAN","CDS"],[1,219990,220168,-1,1,"scaffold192","GLEAN","CDS"],[1,219090,219330,-1,0,"scaffold192","GLEAN","CDS"]],"mRNA"],[0,241157,241481,-1,"lamu_GLEAN_10001461",0.901962,"scaffold192","GLEAN",[[1,241157,241481,-1,0,"scaffold192","GLEAN","CDS"]],"mRNA"],[0,245641,246023,1,"lamu_GLEAN_10001462",0.999639,"scaffold192","GLEAN",[[1,245641,245865,1,0,"scaffold192","GLEAN","CDS"],[1,245944,246023,1,1,"scaffold192","GLEAN","CDS"]],"mRNA"],[0,281501,281825,-1,"lamu_GLEAN_10001463",0.669736,"scaffold192","GLEAN",[[1,281501,281825,-1,0,"scaffold192","GLEAN","CDS"]],"mRNA"],[0,282411,282780,-1,"lamu_GLEAN_10001464",0.63181,"scaffold192","GLEAN",[[1,282411,282780,-1,0,"scaffold192","GLEAN","CDS"]],"mRNA"]],"urlTemplate":"lf-{Chunk}.json"}}