{"featureCount":32,"formatVersion":1,"histograms":{"meta":[{"arrayParams":{"chunkSize":10000,"length":9,"urlTemplate":"hist-100000-{Chunk}.json"},"basesPerBin":"100000"}],"stats":[{"basesPerBin":"100000","max":7,"mean":3.66666666666667}]},"intervals":{"classes":[{"attributes":["Start","End","Strand","Id","Score","Seq_id","Source","Subfeatures","Type"],"isArrayAttr":{"Subfeatures":1}},{"attributes":["Start","End","Strand","Phase","Seq_id","Source","Type"],"isArrayAttr":{}},{"attributes":["Start","End","Chunk"],"isArrayAttr":{"Sublist":1}}],"count":32,"lazyClass":2,"maxEnd":819640,"minStart":46679,"nclist":[[0,46679,49343,1,"lamu_GLEAN_10004604",0.14669,"scaffold68","GLEAN",[[1,46679,46790,1,0,"scaffold68","GLEAN","CDS"],[1,47567,47669,1,0,"scaffold68","GLEAN","CDS"],[1,47770,47935,1,0,"scaffold68","GLEAN","CDS"],[1,47991,48102,1,0,"scaffold68","GLEAN","CDS"],[1,48857,48953,1,0,"scaffold68","GLEAN","CDS"],[1,49283,49343,1,0,"scaffold68","GLEAN","CDS"]],"mRNA"],[0,56487,59944,1,"lamu_GLEAN_10004605",1,"scaffold68","GLEAN",[[1,56487,57500,1,0,"scaffold68","GLEAN","CDS"],[1,58810,59082,1,1,"scaffold68","GLEAN","CDS"],[1,59192,59944,1,2,"scaffold68","GLEAN","CDS"]],"mRNA"],[0,72036,78000,1,"lamu_GLEAN_10004606",0.689871,"scaffold68","GLEAN",[[1,72036,72227,1,0,"scaffold68","GLEAN","CDS"],[1,73789,73916,1,1,"scaffold68","GLEAN","CDS"],[1,74044,74317,1,0,"scaffold68","GLEAN","CDS"],[1,74406,74500,1,0,"scaffold68","GLEAN","CDS"],[1,74597,75091,1,2,"scaffold68","GLEAN","CDS"],[1,75205,75320,1,0,"scaffold68","GLEAN","CDS"],[1,77499,77593,1,2,"scaffold68","GLEAN","CDS"],[1,77711,77799,1,1,"scaffold68","GLEAN","CDS"],[1,77868,78000,1,0,"scaffold68","GLEAN","CDS"]],"mRNA"],[0,80746,84671,-1,"lamu_GLEAN_10004607",0.998545,"scaffold68","GLEAN",[[1,83757,84671,-1,0,"scaffold68","GLEAN","CDS"],[1,80746,81086,-1,1,"scaffold68","GLEAN","CDS"]],"mRNA"],[0,87358,94840,-1,"lamu_GLEAN_10004608",0.921618,"scaffold68","GLEAN",[[1,93935,94840,-1,0,"scaffold68","GLEAN","CDS"],[1,87358,87698,-1,1,"scaffold68","GLEAN","CDS"]],"mRNA"],[0,138994,150103,-1,"lamu_GLEAN_10004609",0.537626,"scaffold68","GLEAN",[[1,149996,150103,-1,0,"scaffold68","GLEAN","CDS"],[1,147845,147924,-1,1,"scaffold68","GLEAN","CDS"],[1,147612,147729,-1,0,"scaffold68","GLEAN","CDS"],[1,147340,147519,-1,0,"scaffold68","GLEAN","CDS"],[1,146654,147248,-1,1,"scaffold68","GLEAN","CDS"],[1,145574,145998,-1,1,"scaffold68","GLEAN","CDS"],[1,144866,145469,-1,0,"scaffold68","GLEAN","CDS"],[1,144610,144793,-1,0,"scaffold68","GLEAN","CDS"],[1,143907,144462,-1,0,"scaffold68","GLEAN","CDS"],[1,142907,143018,-1,0,"scaffold68","GLEAN","CDS"],[1,141537,141656,-1,0,"scaffold68","GLEAN","CDS"],[1,139805,141423,-1,1,"scaffold68","GLEAN","CDS"],[1,138994,139699,-1,0,"scaffold68","GLEAN","CDS"]],"mRNA"],[0,150970,153776,1,"lamu_GLEAN_10004610",0.512488,"scaffold68","GLEAN",[[1,150970,151038,1,0,"scaffold68","GLEAN","CDS"],[1,151177,151460,1,1,"scaffold68","GLEAN","CDS"],[1,151611,151674,1,0,"scaffold68","GLEAN","CDS"],[1,152400,152463,1,0,"scaffold68","GLEAN","CDS"],[1,152654,152771,1,0,"scaffold68","GLEAN","CDS"],[1,153232,153361,1,0,"scaffold68","GLEAN","CDS"],[1,153719,153776,1,0,"scaffold68","GLEAN","CDS"]],"mRNA"],[0,154868,157022,-1,"lamu_GLEAN_10004611",1,"scaffold68","GLEAN",[[1,156681,157022,-1,0,"scaffold68","GLEAN","CDS"],[1,154868,156006,-1,1,"scaffold68","GLEAN","CDS"]],"mRNA"],[0,162329,163763,-1,"lamu_GLEAN_10004612",0.849761,"scaffold68","GLEAN",[[1,163697,163763,-1,0,"scaffold68","GLEAN","CDS"],[1,163198,163234,-1,0,"scaffold68","GLEAN","CDS"],[1,162934,163075,-1,0,"scaffold68","GLEAN","CDS"],[1,162761,162863,-1,0,"scaffold68","GLEAN","CDS"],[1,162329,162614,-1,0,"scaffold68","GLEAN","CDS"]],"mRNA"],[0,180874,186506,1,"lamu_GLEAN_10004613",0.716916,"scaffold68","GLEAN",[[1,180874,180920,1,0,"scaffold68","GLEAN","CDS"],[1,181369,181449,1,2,"scaffold68","GLEAN","CDS"],[1,185289,185504,1,0,"scaffold68","GLEAN","CDS"],[1,186211,186506,1,1,"scaffold68","GLEAN","CDS"]],"mRNA"],[0,187810,196380,1,"lamu_GLEAN_10004614",0.99898,"scaffold68","GLEAN",[[1,187810,187951,1,0,"scaffold68","GLEAN","CDS"],[1,188635,188753,1,0,"scaffold68","GLEAN","CDS"],[1,189304,189430,1,2,"scaffold68","GLEAN","CDS"],[1,189514,189645,1,2,"scaffold68","GLEAN","CDS"],[1,189754,189820,1,0,"scaffold68","GLEAN","CDS"],[1,190191,190271,1,0,"scaffold68","GLEAN","CDS"],[1,190366,190442,1,1,"scaffold68","GLEAN","CDS"],[1,190546,190633,1,0,"scaffold68","GLEAN","CDS"],[1,190908,190993,1,0,"scaffold68","GLEAN","CDS"],[1,191321,191413,1,2,"scaffold68","GLEAN","CDS"],[1,191512,191548,1,0,"scaffold68","GLEAN","CDS"],[1,191720,191789,1,0,"scaffold68","GLEAN","CDS"],[1,192095,192164,1,0,"scaffold68","GLEAN","CDS"],[1,192325,192379,1,0,"scaffold68","GLEAN","CDS"],[1,192494,192569,1,0,"scaffold68","GLEAN","CDS"],[1,192714,192807,1,0,"scaffold68","GLEAN","CDS"],[1,192895,192999,1,0,"scaffold68","GLEAN","CDS"],[1,193640,193689,1,1,"scaffold68","GLEAN","CDS"],[1,193763,193850,1,0,"scaffold68","GLEAN","CDS"],[1,194107,194213,1,0,"scaffold68","GLEAN","CDS"],[1,194873,194961,1,2,"scaffold68","GLEAN","CDS"],[1,196113,196207,1,1,"scaffold68","GLEAN","CDS"],[1,196296,196380,1,0,"scaffold68","GLEAN","CDS"]],"mRNA"],[0,225390,227836,-1,"lamu_GLEAN_10004615",0.996383,"scaffold68","GLEAN",[[1,227477,227836,-1,0,"scaffold68","GLEAN","CDS"],[1,225390,227182,-1,1,"scaffold68","GLEAN","CDS"]],"mRNA"],[0,251543,255686,1,"lamu_GLEAN_10004616",0.747292,"scaffold68","GLEAN",[[1,251543,251632,1,0,"scaffold68","GLEAN","CDS"],[1,253636,253734,1,1,"scaffold68","GLEAN","CDS"],[1,255084,255686,1,2,"scaffold68","GLEAN","CDS"]],"mRNA"],[0,266917,280145,-1,"lamu_GLEAN_10004617",0.780714,"scaffold68","GLEAN",[[1,279779,280145,-1,0,"scaffold68","GLEAN","CDS"],[1,279307,279399,-1,0,"scaffold68","GLEAN","CDS"],[1,278491,279192,-1,1,"scaffold68","GLEAN","CDS"],[1,275032,275103,-1,2,"scaffold68","GLEAN","CDS"],[1,269283,269373,-1,0,"scaffold68","GLEAN","CDS"],[1,268941,269154,-1,0,"scaffold68","GLEAN","CDS"],[1,268709,268808,-1,0,"scaffold68","GLEAN","CDS"],[1,267926,268062,-1,0,"scaffold68","GLEAN","CDS"],[1,267754,267797,-1,2,"scaffold68","GLEAN","CDS"],[1,266917,267005,-1,1,"scaffold68","GLEAN","CDS"]],"mRNA"],[0,300542,312144,1,"lamu_GLEAN_10004618",0.980538,"scaffold68","GLEAN",[[1,300542,300623,1,0,"scaffold68","GLEAN","CDS"],[1,300770,300884,1,0,"scaffold68","GLEAN","CDS"],[1,301011,301086,1,0,"scaffold68","GLEAN","CDS"],[1,301441,301572,1,0,"scaffold68","GLEAN","CDS"],[1,302146,302201,1,1,"scaffold68","GLEAN","CDS"],[1,302552,302705,1,0,"scaffold68","GLEAN","CDS"],[1,303396,303465,1,0,"scaffold68","GLEAN","CDS"],[1,303547,303655,1,0,"scaffold68","GLEAN","CDS"],[1,303898,303967,1,0,"scaffold68","GLEAN","CDS"],[1,304730,304785,1,0,"scaffold68","GLEAN","CDS"],[1,311953,312144,1,2,"scaffold68","GLEAN","CDS"]],"mRNA"],[0,316011,317700,1,"lamu_GLEAN_10004619",0.459601,"scaffold68","GLEAN",[[1,316011,317700,1,0,"scaffold68","GLEAN","CDS"]],"mRNA"],[0,319079,322512,-1,"lamu_GLEAN_10004620",0.629623,"scaffold68","GLEAN",[[1,322336,322512,-1,0,"scaffold68","GLEAN","CDS"],[1,321996,322233,-1,1,"scaffold68","GLEAN","CDS"],[1,320874,320983,-1,1,"scaffold68","GLEAN","CDS"],[1,320396,320442,-1,0,"scaffold68","GLEAN","CDS"],[1,320085,320171,-1,2,"scaffold68","GLEAN","CDS"],[1,319609,319668,-1,0,"scaffold68","GLEAN","CDS"],[1,319079,319194,-1,1,"scaffold68","GLEAN","CDS"]],"mRNA"],[0,333122,336808,1,"lamu_GLEAN_10004621",1,"scaffold68","GLEAN",[[1,333122,333380,1,0,"scaffold68","GLEAN","CDS"],[1,333570,333715,1,0,"scaffold68","GLEAN","CDS"],[1,334827,334937,1,2,"scaffold68","GLEAN","CDS"],[1,335786,336213,1,0,"scaffold68","GLEAN","CDS"],[1,336539,336808,1,2,"scaffold68","GLEAN","CDS"]],"mRNA"],[0,361606,365700,-1,"lamu_GLEAN_10004622",0.996495,"scaffold68","GLEAN",[[1,364143,365700,-1,0,"scaffold68","GLEAN","CDS"],[1,362867,363159,-1,0,"scaffold68","GLEAN","CDS"],[1,361606,362415,-1,2,"scaffold68","GLEAN","CDS"]],