{"featureCount":11,"formatVersion":1,"histograms":{"meta":[{"arrayParams":{"chunkSize":10000,"length":4,"urlTemplate":"hist-100000-{Chunk}.json"},"basesPerBin":"100000"}],"stats":[{"basesPerBin":"100000","max":4,"mean":2.75}]},"intervals":{"classes":[{"attributes":["Start","End","Strand","Id","Score","Seq_id","Source","Subfeatures","Type"],"isArrayAttr":{"Subfeatures":1}},{"attributes":["Start","End","Strand","Phase","Seq_id","Source","Type"],"isArrayAttr":{}},{"attributes":["Start","End","Chunk"],"isArrayAttr":{"Sublist":1}}],"count":11,"lazyClass":2,"maxEnd":326091,"minStart":49970,"nclist":[[0,49970,50492,-1,"lamu_GLEAN_10001951",0.918605,"scaffold166","GLEAN",[[1,49970,50492,-1,0,"scaffold166","GLEAN","CDS"]],"mRNA"],[0,52968,53429,1,"lamu_GLEAN_10001952",0.619402,"scaffold166","GLEAN",[[1,52968,53071,1,0,"scaffold166","GLEAN","CDS"],[1,53256,53429,1,2,"scaffold166","GLEAN","CDS"]],"mRNA"],[0,55446,60407,-1,"lamu_GLEAN_10001953",0.494159,"scaffold166","GLEAN",[[1,60325,60407,-1,0,"scaffold166","GLEAN","CDS"],[1,60107,60212,-1,2,"scaffold166","GLEAN","CDS"],[1,58632,58708,-1,2,"scaffold166","GLEAN","CDS"],[1,56864,56997,-1,1,"scaffold166","GLEAN","CDS"],[1,56180,56293,-1,0,"scaffold166","GLEAN","CDS"],[1,55655,55906,-1,1,"scaffold166","GLEAN","CDS"],[1,55446,55586,-1,2,"scaffold166","GLEAN","CDS"]],"mRNA"],[0,69563,69983,1,"lamu_GLEAN_10001954",0.767908,"scaffold166","GLEAN",[[1,69563,69983,1,0,"scaffold166","GLEAN","CDS"]],"mRNA"],[0,131715,134277,-1,"lamu_GLEAN_10001955",0.949307,"scaffold166","GLEAN",[[1,134201,134277,-1,0,"scaffold166","GLEAN","CDS"],[1,132950,133015,-1,2,"scaffold166","GLEAN","CDS"],[1,132415,132508,-1,0,"scaffold166","GLEAN","CDS"],[1,131715,131883,-1,0,"scaffold166","GLEAN","CDS"]],"mRNA"],[0,148694,149808,-1,"lamu_GLEAN_10001956",0.926302,"scaffold166","GLEAN",[[1,149423,149808,-1,0,"scaffold166","GLEAN","CDS"],[1,148694,149065,-1,2,"scaffold166","GLEAN","CDS"]],"mRNA"],[0,206861,207545,1,"lamu_GLEAN_10001957",0.996345,"scaffold166","GLEAN",[[1,206861,207323,1,0,"scaffold166","GLEAN","CDS"],[1,207434,207545,1,0,"scaffold166","GLEAN","CDS"]],"mRNA"],[0,232589,234241,1,"lamu_GLEAN_10001958",0.408793,"scaffold166","GLEAN",[[1,232589,232638,1,0,"scaffold166","GLEAN","CDS"],[1,233136,233311,1,2,"scaffold166","GLEAN","CDS"],[1,233491,233577,1,1,"scaffold166","GLEAN","CDS"],[1,233672,234001,1,2,"scaffold166","GLEAN","CDS"],[1,234094,234241,1,0,"scaffold166","GLEAN","CDS"]],"mRNA"],[0,295182,295497,-1,"lamu_GLEAN_10001959",0.674469,"scaffold166","GLEAN",[[1,295182,295497,-1,0,"scaffold166","GLEAN","CDS"]],"mRNA"],[0,302812,303205,-1,"lamu_GLEAN_10001960",0.58919,"scaffold166","GLEAN",[[1,302812,303205,-1,0,"scaffold166","GLEAN","CDS"]],"mRNA"],[0,321218,326091,1,"lamu_GLEAN_10001961",0.616467,"scaffold166","GLEAN",[[1,321218,321369,1,0,"scaffold166","GLEAN","CDS"],[1,325882,326091,1,2,"scaffold166","GLEAN","CDS"]],"mRNA"]],"urlTemplate":"lf-{Chunk}.json"}}