{"featureCount":9,"formatVersion":1,"histograms":{"meta":[{"arrayParams":{"chunkSize":10000,"length":3,"urlTemplate":"hist-100000-{Chunk}.json"},"basesPerBin":"100000"}],"stats":[{"basesPerBin":"100000","max":6,"mean":3.33333333333333}]},"intervals":{"classes":[{"attributes":["Start","End","Strand","Id","Score","Seq_id","Source","Subfeatures","Type"],"isArrayAttr":{"Subfeatures":1}},{"attributes":["Start","End","Strand","Phase","Seq_id","Source","Type"],"isArrayAttr":{}},{"attributes":["Start","End","Chunk"],"isArrayAttr":{"Sublist":1}}],"count":9,"lazyClass":2,"maxEnd":208444,"minStart":32377,"nclist":[[0,32377,33229,-1,"lamu_GLEAN_10001215",1,"scaffold201","GLEAN",[[1,32377,33229,-1,0,"scaffold201","GLEAN","CDS"]],"mRNA"],[0,60795,61098,1,"lamu_GLEAN_10001216",0.921944,"scaffold201","GLEAN",[[1,60795,61098,1,0,"scaffold201","GLEAN","CDS"]],"mRNA"],[0,67861,68728,1,"lamu_GLEAN_10001217",0.997933,"scaffold201","GLEAN",[[1,67861,68212,1,0,"scaffold201","GLEAN","CDS"],[1,68533,68728,1,0,"scaffold201","GLEAN","CDS"]],"mRNA"],[0,77009,77412,1,"lamu_GLEAN_10001218",0.507646,"scaffold201","GLEAN",[[1,77009,77123,1,0,"scaffold201","GLEAN","CDS"],[1,77349,77412,1,0,"scaffold201","GLEAN","CDS"]],"mRNA"],[0,80392,81454,1,"lamu_GLEAN_10001219",1,"scaffold201","GLEAN",[[1,80392,81454,1,0,"scaffold201","GLEAN","CDS"]],"mRNA"],[0,92805,103934,1,"lamu_GLEAN_10001220",0.857345,"scaffold201","GLEAN",[[1,92805,92896,1,0,"scaffold201","GLEAN","CDS"],[1,93016,93179,1,2,"scaffold201","GLEAN","CDS"],[1,93751,93968,1,1,"scaffold201","GLEAN","CDS"],[1,94091,94163,1,0,"scaffold201","GLEAN","CDS"],[1,94245,94356,1,0,"scaffold201","GLEAN","CDS"],[1,96092,96284,1,0,"scaffold201","GLEAN","CDS"],[1,96402,96564,1,0,"scaffold201","GLEAN","CDS"],[1,97237,97333,1,0,"scaffold201","GLEAN","CDS"],[1,97406,97508,1,0,"scaffold201","GLEAN","CDS"],[1,97820,97853,1,0,"scaffold201","GLEAN","CDS"],[1,97974,98043,1,0,"scaffold201","GLEAN","CDS"],[1,98146,98229,1,0,"scaffold201","GLEAN","CDS"],[1,99624,99756,1,1,"scaffold201","GLEAN","CDS"],[1,103148,103209,1,1,"scaffold201","GLEAN","CDS"],[1,103375,103441,1,0,"scaffold201","GLEAN","CDS"],[1,103751,103934,1,0,"scaffold201","GLEAN","CDS"]],"mRNA"],[0,118037,118689,1,"lamu_GLEAN_10001221",0.984061,"scaffold201","GLEAN",[[1,118037,118096,1,0,"scaffold201","GLEAN","CDS"],[1,118457,118689,1,1,"scaffold201","GLEAN","CDS"]],"mRNA"],[0,122148,122835,-1,"lamu_GLEAN_10001222",0.91746,"scaffold201","GLEAN",[[1,122148,122835,-1,0,"scaffold201","GLEAN","CDS"]],"mRNA"],[0,206735,208444,-1,"lamu_GLEAN_10001223",0.876311,"scaffold201","GLEAN",[[1,208203,208444,-1,0,"scaffold201","GLEAN","CDS"],[1,206735,206890,-1,2,"scaffold201","GLEAN","CDS"]],"mRNA"]],"urlTemplate":"lf-{Chunk}.json"}}