{"featureCount":11,"formatVersion":1,"histograms":{"meta":[{"arrayParams":{"chunkSize":10000,"length":4,"urlTemplate":"hist-100000-{Chunk}.json"},"basesPerBin":"100000"}],"stats":[{"basesPerBin":"100000","max":4,"mean":2.75}]},"intervals":{"classes":[{"attributes":["Start","End","Strand","Id","Score","Seq_id","Source","Subfeatures","Type"],"isArrayAttr":{"Subfeatures":1}},{"attributes":["Start","End","Strand","Phase","Seq_id","Source","Type"],"isArrayAttr":{}},{"attributes":["Start","End","Chunk"],"isArrayAttr":{"Sublist":1}}],"count":11,"lazyClass":2,"maxEnd":318020,"minStart":41283,"nclist":[[0,41283,41694,-1,"lamu_GLEAN_10001644",1,"scaffold155","GLEAN",[[1,41283,41694,-1,0,"scaffold155","GLEAN","CDS"]],"mRNA"],[0,46354,48121,-1,"lamu_GLEAN_10001645",1,"scaffold155","GLEAN",[[1,46354,48121,-1,0,"scaffold155","GLEAN","CDS"]],"mRNA"],[0,77488,78639,-1,"lamu_GLEAN_10001646",1,"scaffold155","GLEAN",[[1,78591,78639,-1,0,"scaffold155","GLEAN","CDS"],[1,78134,78331,-1,0,"scaffold155","GLEAN","CDS"],[1,77944,78020,-1,1,"scaffold155","GLEAN","CDS"],[1,77488,77827,-1,0,"scaffold155","GLEAN","CDS"]],"mRNA"],[0,102057,103391,1,"lamu_GLEAN_10001647",0.642656,"scaffold155","GLEAN",[[1,102057,102097,1,0,"scaffold155","GLEAN","CDS"],[1,102242,102430,1,2,"scaffold155","GLEAN","CDS"],[1,103112,103391,1,0,"scaffold155","GLEAN","CDS"]],"mRNA"],[0,141214,143420,-1,"lamu_GLEAN_10001648",0.99993,"scaffold155","GLEAN",[[1,142991,143420,-1,0,"scaffold155","GLEAN","CDS"],[1,142686,142918,-1,0,"scaffold155","GLEAN","CDS"],[1,142523,142600,-1,2,"scaffold155","GLEAN","CDS"],[1,142380,142420,-1,0,"scaffold155","GLEAN","CDS"],[1,141214,141339,-1,2,"scaffold155","GLEAN","CDS"]],"mRNA"],[0,144932,147474,-1,"lamu_GLEAN_10001649",0.388488,"scaffold155","GLEAN",[[1,146963,147474,-1,0,"scaffold155","GLEAN","CDS"],[1,146555,146765,-1,2,"scaffold155","GLEAN","CDS"],[1,146384,146461,-1,2,"scaffold155","GLEAN","CDS"],[1,146240,146280,-1,0,"scaffold155","GLEAN","CDS"],[1,145594,145649,-1,2,"scaffold155","GLEAN","CDS"],[1,145368,145438,-1,1,"scaffold155","GLEAN","CDS"],[1,144932,145142,-1,0,"scaffold155","GLEAN","CDS"]],"mRNA"],[0,241219,241750,1,"lamu_GLEAN_10001650",1,"scaffold155","GLEAN",[[1,241219,241750,1,0,"scaffold155","GLEAN","CDS"]],"mRNA"],[0,256098,256500,-1,"lamu_GLEAN_10001651",0.898788,"scaffold155","GLEAN",[[1,256237,256500,-1,0,"scaffold155","GLEAN","CDS"],[1,256098,256111,-1,1,"scaffold155","GLEAN","CDS"]],"mRNA"],[0,271953,276800,1,"lamu_GLEAN_10001652",0.85415,"scaffold155","GLEAN",[[1,271953,272184,1,0,"scaffold155","GLEAN","CDS"],[1,272265,272375,1,0,"scaffold155","GLEAN","CDS"],[1,272486,272607,1,1,"scaffold155","GLEAN","CDS"],[1,272737,272962,1,0,"scaffold155","GLEAN","CDS"],[1,273510,273579,1,0,"scaffold155","GLEAN","CDS"],[1,274086,274157,1,0,"scaffold155","GLEAN","CDS"],[1,274569,274660,1,1,"scaffold155","GLEAN","CDS"],[1,275644,275890,1,0,"scaffold155","GLEAN","CDS"],[1,275972,276041,1,0,"scaffold155","GLEAN","CDS"],[1,276125,276196,1,0,"scaffold155","GLEAN","CDS"],[1,276667,276800,1,1,"scaffold155","GLEAN","CDS"]],"mRNA"],[0,279895,288850,-1,"lamu_GLEAN_10001653",0.998765,"scaffold155","GLEAN",[[1,288470,288850,-1,0,"scaffold155","GLEAN","CDS"],[1,287664,288355,-1,1,"scaffold155","GLEAN","CDS"],[1,279895,280981,-1,0,"scaffold155","GLEAN","CDS"]],"mRNA"],[0,316964,318020,-1,"lamu_GLEAN_10001654",1,"scaffold155","GLEAN",[[1,316964,318020,-1,0,"scaffold155","GLEAN","CDS"]],"mRNA"]],"urlTemplate":"lf-{Chunk}.json"}}