{"featureCount":13,"formatVersion":1,"histograms":{"meta":[{"arrayParams":{"chunkSize":10000,"length":3,"urlTemplate":"hist-50000-{Chunk}.json"},"basesPerBin":"50000"}],"stats":[{"basesPerBin":"50000","max":7,"mean":4.33333333333333}]},"intervals":{"classes":[{"attributes":["Start","End","Strand","Id","Score","Seq_id","Source","Subfeatures","Type"],"isArrayAttr":{"Subfeatures":1}},{"attributes":["Start","End","Strand","Phase","Seq_id","Source","Type"],"isArrayAttr":{}},{"attributes":["Start","End","Chunk"],"isArrayAttr":{"Sublist":1}}],"count":13,"lazyClass":2,"maxEnd":121204,"minStart":6769,"nclist":[[0,6769,10242,1,"lamu_GLEAN_10000755",0.967734,"scaffold309","GLEAN",[[1,6769,6982,1,0,"scaffold309","GLEAN","CDS"],[1,7079,7289,1,0,"scaffold309","GLEAN","CDS"],[1,9901,9978,1,0,"scaffold309","GLEAN","CDS"],[1,10097,10242,1,1,"scaffold309","GLEAN","CDS"]],"mRNA"],[0,11343,18343,-1,"lamu_GLEAN_10000756",0.579232,"scaffold309","GLEAN",[[1,18259,18343,-1,0,"scaffold309","GLEAN","CDS"],[1,18045,18198,-1,0,"scaffold309","GLEAN","CDS"],[1,17410,17506,-1,0,"scaffold309","GLEAN","CDS"],[1,17273,17325,-1,0,"scaffold309","GLEAN","CDS"],[1,15764,16099,-1,2,"scaffold309","GLEAN","CDS"],[1,15078,15153,-1,0,"scaffold309","GLEAN","CDS"],[1,14671,14788,-1,0,"scaffold309","GLEAN","CDS"],[1,14299,14394,-1,0,"scaffold309","GLEAN","CDS"],[1,13786,13907,-1,1,"scaffold309","GLEAN","CDS"],[1,13587,13667,-1,0,"scaffold309","GLEAN","CDS"],[1,12389,12449,-1,1,"scaffold309","GLEAN","CDS"],[1,11974,12096,-1,1,"scaffold309","GLEAN","CDS"],[1,11804,11890,-1,2,"scaffold309","GLEAN","CDS"],[1,11603,11719,-1,0,"scaffold309","GLEAN","CDS"],[1,11343,11503,-1,1,"scaffold309","GLEAN","CDS"]],"mRNA"],[0,21064,22941,-1,"lamu_GLEAN_10000757",0.999731,"scaffold309","GLEAN",[[1,22844,22941,-1,0,"scaffold309","GLEAN","CDS"],[1,22465,22521,-1,2,"scaffold309","GLEAN","CDS"],[1,22175,22364,-1,0,"scaffold309","GLEAN","CDS"],[1,21497,21668,-1,0,"scaffold309","GLEAN","CDS"],[1,21064,21220,-1,0,"scaffold309","GLEAN","CDS"]],"mRNA"],[0,32881,37957,-1,"lamu_GLEAN_10000758",0.989198,"scaffold309","GLEAN",[[1,37222,37957,-1,0,"scaffold309","GLEAN","CDS"],[1,32881,36649,-1,0,"scaffold309","GLEAN","CDS"]],"mRNA"],[0,54638,59814,1,"lamu_GLEAN_10000759",0.605285,"scaffold309","GLEAN",[[1,54638,54707,1,0,"scaffold309","GLEAN","CDS"],[1,55265,55445,1,0,"scaffold309","GLEAN","CDS"],[1,55743,56042,1,0,"scaffold309","GLEAN","CDS"],[1,57056,57333,1,1,"scaffold309","GLEAN","CDS"],[1,58123,58399,1,0,"scaffold309","GLEAN","CDS"],[1,59275,59509,1,0,"scaffold309","GLEAN","CDS"],[1,59658,59814,1,0,"scaffold309","GLEAN","CDS"]],"mRNA"],[0,61201,62380,1,"lamu_GLEAN_10000760",1,"scaffold309","GLEAN",[[1,61201,62380,1,0,"scaffold309","GLEAN","CDS"]],"mRNA"],[0,65489,69139,1,"lamu_GLEAN_10000761",0.998568,"scaffold309","GLEAN",[[1,65489,65823,1,0,"scaffold309","GLEAN","CDS"],[1,66317,67551,1,2,"scaffold309","GLEAN","CDS"],[1,67677,69139,1,1,"scaffold309","GLEAN","CDS"]],"mRNA"],[0,72764,75605,-1,"lamu_GLEAN_10000762",0.998792,"scaffold309","GLEAN",[[1,75513,75605,-1,0,"scaffold309","GLEAN","CDS"],[1,74644,74746,-1,1,"scaffold309","GLEAN","CDS"],[1,74232,74340,-1,1,"scaffold309","GLEAN","CDS"],[1,73021,73076,-1,1,"scaffold309","GLEAN","CDS"],[1,72764,72833,-1,0,"scaffold309","GLEAN","CDS"]],"mRNA"],[0,82406,83471,-1,"lamu_GLEAN_10000763",0.996028,"scaffold309","GLEAN",[[1,82406,83471,-1,0,"scaffold309","GLEAN","CDS"]],"mRNA"],[0,91585,92575,1,"lamu_GLEAN_10000764",0.998792,"scaffold309","GLEAN",[[1,91585,92575,1,0,"scaffold309","GLEAN","CDS"]],"mRNA"],[0,95076,99464,-1,"lamu_GLEAN_10000765",0.994708,"scaffold309","GLEAN",[[1,99422,99464,-1,0,"scaffold309","GLEAN","CDS"],[1,99204,99318,-1,0,"scaffold309","GLEAN","CDS"],[1,98150,98249,-1,0,"scaffold309","GLEAN","CDS"],[1,97467,97872,-1,0,"scaffold309","GLEAN","CDS"],[1,97271,97340,-1,0,"scaffold309","GLEAN","CDS"],[1,97121,97193,-1,0,"scaffold309","GLEAN","CDS"],[1,96525,96654,-1,0,"scaffold309","GLEAN","CDS"],[1,96363,96444,-1,0,"scaffold309","GLEAN","CDS"],[1,95957,96146,-1,0,"scaffold309","GLEAN","CDS"],[1,95076,95856,-1,0,"scaffold309","GLEAN","CDS"]],"mRNA"],[0,113390,116032,1,"lamu_GLEAN_10000766",0.99907,"scaffold309","GLEAN",[[1,113390,113727,1,0,"scaffold309","GLEAN","CDS"],[1,114037,114121,1,2,"scaffold309","GLEAN","CDS"],[1,114204,114492,1,2,"scaffold309","GLEAN","CDS"],[1,114596,114744,1,2,"scaffold309","GLEAN","CDS"],[1,114820,114983,1,1,"scaffold309","GLEAN","CDS"],[1,115109,115238,1,0,"scaffold309","GLEAN","CDS"],[1,115416,115611,1,0,"scaffold309","GLEAN","CDS"],[1,115691,115814,1,0,"scaffold309","GLEAN","CDS"],[1,115918,116032,1,0,"scaffold309","GLEAN","CDS"]],"mRNA"],[0,116965,121204,-1,"lamu_GLEAN_10000767",0.99954,"scaffold309","GLEAN",[[1,120688,121204,-1,0,"scaffold309","GLEAN","CDS"],[1,118738,119451,-1,0,"scaffold309","GLEAN","CDS"],[1,118477,118639,-1,1,"scaffold309","GLEAN","CDS"],[1,116965,117230,-1,1,"scaffold309","GLEAN","CDS"]],"mRNA"]],"urlTemplate":"lf-{Chunk}.json"}}