{"featureCount":50,"formatVersion":1,"histograms":{"meta":[{"arrayParams":{"chunkSize":10000,"length":9,"urlTemplate":"hist-50000-{Chunk}.json"},"basesPerBin":"50000"}],"stats":[{"basesPerBin":"50000","max":8,"mean":5.88888888888889}]},"intervals":{"classes":[{"attributes":["Start","End","Strand","Id","Score","Seq_id","Source","Subfeatures","Type"],"isArrayAttr":{"Subfeatures":1}},{"attributes":["Start","End","Strand","Phase","Seq_id","Source","Type"],"isArrayAttr":{}},{"attributes":["Start","End","Chunk"],"isArrayAttr":{"Sublist":1}}],"count":50,"lazyClass":2,"maxEnd":407082,"minStart":14455,"nclist":[[0,14455,19158,1,"lamu_GLEAN_10002161",0.722355,"scaffold130","GLEAN",[[1,14455,14782,1,0,"scaffold130","GLEAN","CDS"],[1,15072,15306,1,0,"scaffold130","GLEAN","CDS"],[1,15424,15594,1,0,"scaffold130","GLEAN","CDS"],[1,16115,16334,1,1,"scaffold130","GLEAN","CDS"],[1,16442,16629,1,1,"scaffold130","GLEAN","CDS"],[1,16721,16773,1,0,"scaffold130","GLEAN","CDS"],[1,16861,17103,1,2,"scaffold130","GLEAN","CDS"],[1,17290,17389,1,0,"scaffold130","GLEAN","CDS"],[1,17473,18189,1,0,"scaffold130","GLEAN","CDS"],[1,18307,18808,1,1,"scaffold130","GLEAN","CDS"],[1,18929,19158,1,1,"scaffold130","GLEAN","CDS"]],"mRNA"],[0,20445,20886,-1,"lamu_GLEAN_10002162",0.999987,"scaffold130","GLEAN",[[1,20445,20886,-1,0,"scaffold130","GLEAN","CDS"]],"mRNA"],[0,23400,23841,-1,"lamu_GLEAN_10002163",1,"scaffold130","GLEAN",[[1,23400,23841,-1,0,"scaffold130","GLEAN","CDS"]],"mRNA"],[0,28928,32093,1,"lamu_GLEAN_10002164",1,"scaffold130","GLEAN",[[1,28928,31209,1,0,"scaffold130","GLEAN","CDS"],[1,31563,32093,1,2,"scaffold130","GLEAN","CDS"]],"mRNA"],[0,38497,39838,1,"lamu_GLEAN_10002165",1,"scaffold130","GLEAN",[[1,38497,39838,1,0,"scaffold130","GLEAN","CDS"]],"mRNA"],[0,48425,48967,1,"lamu_GLEAN_10002166",0.97384,"scaffold130","GLEAN",[[1,48425,48560,1,0,"scaffold130","GLEAN","CDS"],[1,48817,48967,1,0,"scaffold130","GLEAN","CDS"]],"mRNA"],[0,51187,78281,1,"lamu_GLEAN_10002167",0.687372,"scaffold130","GLEAN",[[1,51187,51385,1,0,"scaffold130","GLEAN","CDS"],[1,51488,51548,1,0,"scaffold130","GLEAN","CDS"],[1,51678,51741,1,0,"scaffold130","GLEAN","CDS"],[1,52188,52269,1,0,"scaffold130","GLEAN","CDS"],[1,56827,56899,1,0,"scaffold130","GLEAN","CDS"],[1,56979,57027,1,0,"scaffold130","GLEAN","CDS"],[1,57152,57221,1,0,"scaffold130","GLEAN","CDS"],[1,57314,57448,1,0,"scaffold130","GLEAN","CDS"],[1,59479,59555,1,1,"scaffold130","GLEAN","CDS"],[1,59971,60165,1,0,"scaffold130","GLEAN","CDS"],[1,60663,60744,1,1,"scaffold130","GLEAN","CDS"],[1,61543,61754,1,1,"scaffold130","GLEAN","CDS"],[1,61844,62087,1,0,"scaffold130","GLEAN","CDS"],[1,62174,62255,1,0,"scaffold130","GLEAN","CDS"],[1,62348,62468,1,0,"scaffold130","GLEAN","CDS"],[1,62564,62624,1,0,"scaffold130","GLEAN","CDS"],[1,63934,64062,1,0,"scaffold130","GLEAN","CDS"],[1,68561,68658,1,1,"scaffold130","GLEAN","CDS"],[1,68738,68867,1,0,"scaffold130","GLEAN","CDS"],[1,70327,70431,1,0,"scaffold130","GLEAN","CDS"],[1,71116,71297,1,1,"scaffold130","GLEAN","CDS"],[1,71422,71604,1,0,"scaffold130","GLEAN","CDS"],[1,71817,72424,1,1,"scaffold130","GLEAN","CDS"],[1,72560,72665,1,0,"scaffold130","GLEAN","CDS"],[1,73277,73433,1,0,"scaffold130","GLEAN","CDS"],[1,73537,73618,1,0,"scaffold130","GLEAN","CDS"],[1,73688,74138,1,0,"scaffold130","GLEAN","CDS"],[1,75420,76596,1,0,"scaffold130","GLEAN","CDS"],[1,78206,78281,1,0,"scaffold130","GLEAN","CDS"]],"mRNA"],[0,79260,80559,-1,"lamu_GLEAN_10002168",0.996421,"scaffold130","GLEAN",[[1,79260,80559,-1,0,"scaffold130","GLEAN","CDS"]],"mRNA"],[0,84166,86551,1,"lamu_GLEAN_10002169",0.99908,"scaffold130","GLEAN",[[1,84166,85793,1,0,"scaffold130","GLEAN","CDS"],[1,85877,86551,1,2,"scaffold130","GLEAN","CDS"]],"mRNA"],[0,88087,97726,1,"lamu_GLEAN_10002170",0.843537,"scaffold130","GLEAN",[[1,88087,88757,1,0,"scaffold130","GLEAN","CDS"],[1,90364,90516,1,2,"scaffold130","GLEAN","CDS"],[1,90846,90950,1,0,"scaffold130","GLEAN","CDS"],[1,91230,91318,1,1,"scaffold130","GLEAN","CDS"],[1,91803,91874,1,0,"scaffold130","GLEAN","CDS"],[1,93482,93571,1,1,"scaffold130","GLEAN","CDS"],[1,93760,93834,1,2,"scaffold130","GLEAN","CDS"],[1,94401,94540,1,0,"scaffold130","GLEAN","CDS"],[1,95946,96044,1,2,"scaffold130","GLEAN","CDS"],[1,96153,96276,1,0,"scaffold130","GLEAN","CDS"],[1,96479,96548,1,0,"scaffold130","GLEAN","CDS"],[1,97525,97726,1,0,"scaffold130","GLEAN","CDS"]],"mRNA"],[0,99299,99839,-1,"lamu_GLEAN_10002171",1,"scaffold130","GLEAN",[[1,99299,99839,-1,0,"scaffold130","GLEAN","CDS"]],"mRNA"],[0,104994,106527,1,"lamu_GLEAN_10002172",1,"scaffold130","GLEAN",[[1,104994,104997,1,0,"scaffold130","GLEAN","CDS"],[1,105289,105556,1,0,"scaffold130","GLEAN","CDS"],[1,106024,106183,1,0,"scaffold130","GLEAN","CDS"],[1,106281,106527,1,0,"scaffold130","GLEAN","CDS"]],"mRNA"],[0,112527,116075,-1,"lamu_GLEAN_10002173",0.392321,"scaffold130","GLEAN",[[1,116031,116075,-1,0,"scaffold130","GLEAN","CDS"],[1,115765,115823,-1,1,"scaffold130","GLEAN","CDS"],[1,115447,115540,-1,0,"scaffold130","GLEAN","CDS"],[1,114843,114947,-1,0,"scaffold130","GLEAN","CDS"],[1,114691,114767,-1,1,"scaffold130","GLEAN","CDS"],[1,114255,114336,-1,0,"scaffold130","GLEAN","CDS"],[1,112789,113329,-1,0,"scaffold130","GLEAN","CDS"],[1,112527,112581,-1,0,"scaffold130","GLEAN","CDS"]],"mRNA"],[0,126587,127452,1,"lamu_GLEAN_10002174",0.999,"scaffold130","GLEAN",[[1,126587,126663,1,0,"scaffold130","GLEAN","CDS"],[1,126756,126833,1,2,"scaffold130","GLEAN","CDS"],[1,127191,127452,1,0,"scaffold130","GLEAN","CDS"]],"mRNA"],[0,131583,132169,1,"lamu_GLEAN_10002175",0.999693,"scaffold130","GLEAN",[[1,131583,131595,1,0,"scaffold130","GLEAN","CDS"],[1,131678,131756,1,0,"scaffold130","GLEAN","CDS"],[1,131860,131965,1,0,"scaffold130","GLEAN","CDS"],[1,132052,132169,1,0,"scaffold130","GLEAN","CDS"]],"mRNA"],[0,136470,138079,1,"lamu_GLEAN_10002176",1,"scaffold130","GLEAN",[[1,136470,136510,1,0,"scaffold130","GLEAN","CDS"],[1,136614,136950,1,2,"scaffold130","GLEAN","CDS"],[1,137157,137345,1,2,"scaffold130","GLEAN","CDS"],[1,137824,138079,1,0,"scaffold130","GLEAN","CDS"]],"mRNA"],[0,139198,146195,1,"lamu_GLEAN_10002177",0.584142,"scaffold130","GLEAN",[[1,139198,140296,1,0,"scaffold130","GLEAN","CDS"],[1,140554,140726,1,0,"scaffold130","GLEAN","CDS"],[1,141803,142050,1,2,"scaffold130","GLEAN","CDS"],[1,142984,143165,1,1,"scaffold130","GLEAN","CDS"],[1,143445,143525,1,0,"scaffold130","GLEAN","CDS"],[1,143600,143642,1,1,"scaffold130","GLEAN","CDS"],[1,145067,145331,1,1,"scaffold130","GLEAN","CDS"],[1,145441,145527,1,1,"scaffold130","GLEAN","CDS"],[1,145688,145803,1,2,"scaffold130","GLEAN","CDS"],[1,145900,146195,1,1,"scaffold130","GLEAN","CDS"]],"mRNA"],[0,149150,150752,1,"lamu_GLEAN_10002178",1,"scaffold130","GLEAN",[[1,149150,149401,1,0,"scaffold130","GLEAN","CDS"],[1,149525,149611,1,1,"scaffold130","GLEAN","CDS"],[1,149761,149876,1,2,"scaffold130","GLEAN","CDS"],[1,150454,150752,1,1,"scaffold130","GLEAN","CDS"]],"mRNA"],[0,152916,156471,-1,"lamu_GLEAN_10002179",0.99989,"scaffold130","GLEAN",[[1,156249,156471,-1,0,"scaffold130","GLEAN","CDS"],[1,152916,153873,-1,0,"scaffold130","GLEAN","CDS"]],"mRNA"],[0,161306,162548,1,"lamu_GLEAN_10002180",0.996423,"scaffold130","GLEAN",[[1,161306,161357,1,0,"scaffold130","GLEAN","CDS"],[1,161493,161579,1,0,"scaffold130","GLEAN","CDS"],[1,161761,161906,1,1,"scaffold130","GLEAN","CDS"],[1,162046,162178,1,0,"scaffold130","GLEAN","CDS"],[1,162254,162548,1,0,"scaffold130","GLEAN","CDS"]],"mRNA"],[0,166317,166901,-1,"lamu_GLEAN_10002181",0.65393,"scaffold130","GLEAN",[[1,166883,166901,-1,0,"scaffold130","GLEAN","CDS"],[1,166682,166790,-1,0,"scaffold130","GLEAN","CDS"],[1,166317,166467,-1,0,"scaffold130","GLEAN","CDS"]],"mRNA"],[0,177899,181451,1,"lamu_GLEAN_10002182",0.372404,"scaffold130","GLEAN",[[1,177899,178143,1,0,"scaffold130","GLEAN","CDS"],[1,178188,179935,1,2,"scaffold130","GLEAN","CDS"],[1,180012,180286,1,1,"scaffold130","GLEAN","CDS"],[1,181136,181451,1,0,"scaffold130","GLEAN","CDS"]],