{"featureCount":8,"formatVersion":1,"histograms":{"meta":[{"arrayParams":{"chunkSize":10000,"length":3,"urlTemplate":"hist-100000-{Chunk}.json"},"basesPerBin":"100000"}],"stats":[{"basesPerBin":"100000","max":4,"mean":2.66666666666667}]},"intervals":{"classes":[{"attributes":["Start","End","Strand","Id","Score","Seq_id","Source","Subfeatures","Type"],"isArrayAttr":{"Subfeatures":1}},{"attributes":["Start","End","Strand","Phase","Seq_id","Source","Type"],"isArrayAttr":{}},{"attributes":["Start","End","Chunk"],"isArrayAttr":{"Sublist":1}}],"count":8,"lazyClass":2,"maxEnd":247223,"minStart":19960,"nclist":[[0,19960,22422,-1,"lamu_GLEAN_10001296",0.997692,"scaffold189","GLEAN",[[1,22258,22422,-1,0,"scaffold189","GLEAN","CDS"],[1,21229,21926,-1,1,"scaffold189","GLEAN","CDS"],[1,20632,20796,-1,0,"scaffold189","GLEAN","CDS"],[1,19960,20183,-1,1,"scaffold189","GLEAN","CDS"]],"mRNA"],[0,22862,25335,1,"lamu_GLEAN_10001297",0.833309,"scaffold189","GLEAN",[[1,22862,23019,1,0,"scaffold189","GLEAN","CDS"],[1,23175,23268,1,2,"scaffold189","GLEAN","CDS"],[1,23343,23429,1,2,"scaffold189","GLEAN","CDS"],[1,25049,25115,1,0,"scaffold189","GLEAN","CDS"],[1,25194,25335,1,0,"scaffold189","GLEAN","CDS"]],"mRNA"],[0,41224,41737,1,"lamu_GLEAN_10001298",0.993144,"scaffold189","GLEAN",[[1,41224,41299,1,0,"scaffold189","GLEAN","CDS"],[1,41590,41737,1,0,"scaffold189","GLEAN","CDS"]],"mRNA"],[0,57162,59301,1,"lamu_GLEAN_10001299",0.629823,"scaffold189","GLEAN",[[1,57162,57170,1,0,"scaffold189","GLEAN","CDS"],[1,57533,57737,1,1,"scaffold189","GLEAN","CDS"],[1,59108,59301,1,1,"scaffold189","GLEAN","CDS"]],"mRNA"],[0,105709,109477,-1,"lamu_GLEAN_10001300",0.995306,"scaffold189","GLEAN",[[1,107532,109477,-1,0,"scaffold189","GLEAN","CDS"],[1,105709,106047,-1,2,"scaffold189","GLEAN","CDS"]],"mRNA"],[0,121182,122904,1,"lamu_GLEAN_10001301",0.488988,"scaffold189","GLEAN",[[1,121182,121203,1,0,"scaffold189","GLEAN","CDS"],[1,121539,121671,1,0,"scaffold189","GLEAN","CDS"],[1,122628,122721,1,0,"scaffold189","GLEAN","CDS"],[1,122829,122904,1,0,"scaffold189","GLEAN","CDS"]],"mRNA"],[0,197093,198772,-1,"lamu_GLEAN_10001302",0.833868,"scaffold189","GLEAN",[[1,198673,198772,-1,0,"scaffold189","GLEAN","CDS"],[1,198451,198571,-1,0,"scaffold189","GLEAN","CDS"],[1,197932,198004,-1,0,"scaffold189","GLEAN","CDS"],[1,197699,197789,-1,0,"scaffold189","GLEAN","CDS"],[1,197488,197573,-1,0,"scaffold189","GLEAN","CDS"],[1,197093,197389,-1,2,"scaffold189","GLEAN","CDS"]],"mRNA"],[0,241219,247223,-1,"lamu_GLEAN_10001303",0.551636,"scaffold189","GLEAN",[[1,247089,247223,-1,0,"scaffold189","GLEAN","CDS"],[1,246815,246941,-1,1,"scaffold189","GLEAN","CDS"],[1,246216,246379,-1,1,"scaffold189","GLEAN","CDS"],[1,245887,246081,-1,0,"scaffold189","GLEAN","CDS"],[1,245576,245772,-1,1,"scaffold189","GLEAN","CDS"],[1,245405,245480,-1,0,"scaffold189","GLEAN","CDS"],[1,244373,244603,-1,0,"scaffold189","GLEAN","CDS"],[1,244163,244278,-1,1,"scaffold189","GLEAN","CDS"],[1,243339,243414,-1,0,"scaffold189","GLEAN","CDS"],[1,243101,243242,-1,0,"scaffold189","GLEAN","CDS"],[1,242771,242975,-1,0,"scaffold189","GLEAN","CDS"],[1,242419,242682,-1,0,"scaffold189","GLEAN","CDS"],[1,242130,242270,-1,1,"scaffold189","GLEAN","CDS"],[1,241941,242049,-1,2,"scaffold189","GLEAN","CDS"],[1,241835,241860,-1,2,"scaffold189","GLEAN","CDS"],[1,241219,241343,-1,1,"scaffold189","GLEAN","CDS"]],"mRNA"]],"urlTemplate":"lf-{Chunk}.json"}}