{"featureCount":38,"formatVersion":1,"histograms":{"meta":[{"arrayParams":{"chunkSize":10000,"length":12,"urlTemplate":"hist-50000-{Chunk}.json"},"basesPerBin":"50000"}],"stats":[{"basesPerBin":"50000","max":7,"mean":3.25}]},"intervals":{"classes":[{"attributes":["Start","End","Strand","Id","Score","Seq_id","Source","Subfeatures","Type"],"isArrayAttr":{"Subfeatures":1}},{"attributes":["Start","End","Strand","Phase","Seq_id","Source","Type"],"isArrayAttr":{}},{"attributes":["Start","End","Chunk"],"isArrayAttr":{"Sublist":1}}],"count":38,"lazyClass":2,"maxEnd":559727,"minStart":40743,"nclist":[[0,40743,43424,-1,"lamu_GLEAN_10002849",0.997785,"scaffold104","GLEAN",[[1,43076,43424,-1,0,"scaffold104","GLEAN","CDS"],[1,42844,42932,-1,0,"scaffold104","GLEAN","CDS"],[1,42135,42268,-1,2,"scaffold104","GLEAN","CDS"],[1,40743,41449,-1,1,"scaffold104","GLEAN","CDS"]],"mRNA"],[0,60274,62554,-1,"lamu_GLEAN_10002850",0.997204,"scaffold104","GLEAN",[[1,62348,62554,-1,0,"scaffold104","GLEAN","CDS"],[1,62166,62229,-1,1,"scaffold104","GLEAN","CDS"],[1,61888,62005,-1,1,"scaffold104","GLEAN","CDS"],[1,61514,61767,-1,1,"scaffold104","GLEAN","CDS"],[1,61239,61398,-1,0,"scaffold104","GLEAN","CDS"],[1,60529,60681,-1,0,"scaffold104","GLEAN","CDS"],[1,60274,60419,-1,1,"scaffold104","GLEAN","CDS"]],"mRNA"],[0,78836,81270,1,"lamu_GLEAN_10002851",1,"scaffold104","GLEAN",[[1,78836,79096,1,0,"scaffold104","GLEAN","CDS"],[1,79757,81270,1,1,"scaffold104","GLEAN","CDS"]],"mRNA"],[0,90631,93230,-1,"lamu_GLEAN_10002852",0.998722,"scaffold104","GLEAN",[[1,92904,93230,-1,0,"scaffold104","GLEAN","CDS"],[1,90631,92159,-1,1,"scaffold104","GLEAN","CDS"]],"mRNA"],[0,104612,105956,-1,"lamu_GLEAN_10002853",0.999999,"scaffold104","GLEAN",[[1,104612,105956,-1,0,"scaffold104","GLEAN","CDS"]],"mRNA"],[0,116600,122294,1,"lamu_GLEAN_10002854",0.912287,"scaffold104","GLEAN",[[1,116600,116708,1,0,"scaffold104","GLEAN","CDS"],[1,116844,116910,1,0,"scaffold104","GLEAN","CDS"],[1,117578,117644,1,0,"scaffold104","GLEAN","CDS"],[1,117800,117876,1,0,"scaffold104","GLEAN","CDS"],[1,118460,118538,1,2,"scaffold104","GLEAN","CDS"],[1,119322,119420,1,2,"scaffold104","GLEAN","CDS"],[1,120386,120460,1,0,"scaffold104","GLEAN","CDS"],[1,122194,122294,1,1,"scaffold104","GLEAN","CDS"]],"mRNA"],[0,128744,129914,1,"lamu_GLEAN_10002855",1,"scaffold104","GLEAN",[[1,128744,129914,1,0,"scaffold104","GLEAN","CDS"]],"mRNA"],[0,146193,147886,-1,"lamu_GLEAN_10002856",0.998792,"scaffold104","GLEAN",[[1,147738,147886,-1,0,"scaffold104","GLEAN","CDS"],[1,146193,147656,-1,2,"scaffold104","GLEAN","CDS"]],"mRNA"],[0,155312,156630,-1,"lamu_GLEAN_10002857",0.998034,"scaffold104","GLEAN",[[1,156494,156630,-1,0,"scaffold104","GLEAN","CDS"],[1,156256,156372,-1,2,"scaffold104","GLEAN","CDS"],[1,155312,155750,-1,0,"scaffold104","GLEAN","CDS"]],"mRNA"],[0,162965,164099,-1,"lamu_GLEAN_10002858",0.975528,"scaffold104","GLEAN",[[1,163735,164099,-1,0,"scaffold104","GLEAN","CDS"],[1,163305,163664,-1,2,"scaffold104","GLEAN","CDS"],[1,162965,163058,-1,0,"scaffold104","GLEAN","CDS"]],"mRNA"],[0,171827,173255,1,"lamu_GLEAN_10002859",0.994854,"scaffold104","GLEAN",[[1,171827,171864,1,0,"scaffold104","GLEAN","CDS"],[1,172215,173255,1,2,"scaffold104","GLEAN","CDS"]],"mRNA"],[0,183846,199967,1,"lamu_GLEAN_10002860",0.994117,"scaffold104","GLEAN",[[1,183846,184045,1,0,"scaffold104","GLEAN","CDS"],[1,186805,186954,1,2,"scaffold104","GLEAN","CDS"],[1,187335,187581,1,0,"scaffold104","GLEAN","CDS"],[1,189275,189387,1,0,"scaffold104","GLEAN","CDS"],[1,198196,198273,1,2,"scaffold104","GLEAN","CDS"],[1,198488,198536,1,0,"scaffold104","GLEAN","CDS"],[1,198776,198926,1,0,"scaffold104","GLEAN","CDS"],[1,199763,199967,1,0,"scaffold104","GLEAN","CDS"]],"mRNA"],[0,202078,206318,1,"lamu_GLEAN_10002861",0.997595,"scaffold104","GLEAN",[[1,202078,202356,1,0,"scaffold104","GLEAN","CDS"],[1,204519,204914,1,1,"scaffold104","GLEAN","CDS"],[1,205604,205798,1,2,"scaffold104","GLEAN","CDS"],[1,205913,206318,1,0,"scaffold104","GLEAN","CDS"]],"mRNA"],[0,207615,214434,1,"lamu_GLEAN_10002862",0.593338,"scaffold104","GLEAN",[[1,207615,207801,1,0,"scaffold104","GLEAN","CDS"],[1,208539,208628,1,0,"scaffold104","GLEAN","CDS"],[1,208983,209161,1,1,"scaffold104","GLEAN","CDS"],[1,212501,212600,1,0,"scaffold104","GLEAN","CDS"],[1,213429,214434,1,0,"scaffold104","GLEAN","CDS"]],"mRNA"],[0,220538,221319,1,"lamu_GLEAN_10002863",0.840711,"scaffold104","GLEAN",[[1,220538,220757,1,0,"scaffold104","GLEAN","CDS"],[1,221259,221319,1,0,"scaffold104","GLEAN","CDS"]],"mRNA"],[0,222991,223510,1,"lamu_GLEAN_10002864",0.897041,"scaffold104","GLEAN",[[1,222991,223172,1,0,"scaffold104","GLEAN","CDS"],[1,223310,223510,1,2,"scaffold104","GLEAN","CDS"]],"mRNA"],[0,223819,224206,-1,"lamu_GLEAN_10002865",1,"scaffold104","GLEAN",[[1,223819,224206,-1,0,"scaffold104","GLEAN","CDS"]],"mRNA"],[0,233804,239197,1,"lamu_GLEAN_10002866",0.998132,"scaffold104","GLEAN",[[1,233804,233885,1,0,"scaffold104","GLEAN","CDS"],[1,234546,234742,1,0,"scaffold104","GLEAN","CDS"],[1,234824,235054,1,2,"scaffold104","GLEAN","CDS"],[1,235146,235249,1,0,"scaffold104","GLEAN","CDS"],[1,235356,235543,1,2,"scaffold104","GLEAN","CDS"],[1,236205,236551,1,1,"scaffold104","GLEAN","CDS"],[1,236753,236891,1,0,"scaffold104","GLEAN","CDS"],[1,236973,237099,1,0,"scaffold104","GLEAN","CDS"],[1,237199,237412,1,0,"scaffold104","GLEAN","CDS"],[1,237498,237766,1,0,"scaffold104","GLEAN","CDS"],[1,237872,238066,1,2,"scaffold104","GLEAN","CDS"],[1,238142,238493,1,0,"scaffold104","GLEAN","CDS"],[1,238615,239197,1,0,"scaffold104","GLEAN","CDS"]],"mRNA"],[0,245155,245842,-1,"lamu_GLEAN_10002867",0.999999,"scaffold104","GLEAN",[[1,245155,245842,-1,0,"scaffold104","GLEAN","CDS"]],"mRNA"],[0,256072,256709,1,"lamu_GLEAN_10002868",0.797944,"scaffold104","GLEAN",[[1,256072,256205,1,0,"scaffold104","GLEAN","CDS"],[1,256554,256709,1,2,"scaffold104","GLEAN","CDS"]],"mRNA"],[0,259816,262021,1,"lamu_GLEAN_10002869",0.99927,"scaffold104","GLEAN",[[1,259816,259901,1,0,"scaffold104","GLEAN","CDS"],[1,259998,260109,1,2,"scaffold104","GLEAN","CDS"],[1,260635,260940,1,2,"scaffold104","GLEAN","CDS"],[1,261119,261529,1,0,"scaffold104","GLEAN","CDS"],[1,261762,262021,1,1,"scaffold104","GLEAN","CDS"]],"mRNA"],[0,265738,268733,-1,"lamu_GLEAN_10002870",0.995559,"scaffold104","GLEAN",[[1,268685,268733,-1,0,"scaffold104","GLEAN","CDS"],[1,268445,268534,-1,0,"scaffold104","GLEAN","CDS"],[1,267438,267500,-1,1,"scaffold104","GLEAN","CDS"],[1,267296,267350,-1,2,"scaffold104","GLEAN","CDS"],[1,266520,266715,-1,2,"scaffold104","GLEAN","CDS"],[1,265738,265845,-1,2,"scaffold104","GLEAN","CDS"]],"mRNA"],[0,282077,283799,1,"lamu_GLEAN_10002871",0.817487,"scaffold104","GLEAN",[[1,282077,282090,1,0,"scaffold104","GLEAN","CDS"],[1,282346,282405,1,2,"scaffold104","GLEAN","CDS"],[1,283155,283227,1,0,"scaffold104","GLEAN","CDS"],[1,283313,283390,1,0,"scaffold104","GLEAN","CDS"],[1,283536,283618,1,1,"scaffold104","GLEAN","CDS"],[1,283718,283799,1,0,"scaffold104","GLEAN","CDS"]],"mRNA"],[0,284840,288106,1,"lamu_GLEAN_10002872",0.800627,"scaffold104","GLEAN",[[1,284840,285000,1,0,"scaffold104","GLEAN","CDS"],[1,285338,285403,1,2,"scaffold104","GLEAN","CDS"],[1,285504,285554,1,0,"scaffold104","GLEAN","CDS"],[1,285667,285709,1,1,"scaffold104","GLEAN","CDS"],[1,285812,285864,1,1,"scaffold104","GLEAN","CDS"],[1,285971,286032,1,0,"scaffold104","GLEAN","CDS"],[1,286126,286140,1,2,"scaffold104","GLEAN","CDS"],[1,286901,287009,1,0,"scaffold104","GLEAN","CDS"],[1,287094,287238,1,0,"scaffold104","GLEAN","CDS"],[1,287701,288106,1,0,"scaffold104","GLEAN","CDS"]],"mRNA"],[0,300736,304337,1,"lamu_GLEAN_10002873",0.900188,"scaffold104","GLEAN",[[1,300736,301255,1,0,"scaffold104","GLEAN","CDS"],[1,301365,301456,1,0,"scaffold104","GLEAN","CDS"],[1,302235,302462,1,2,"scaffold104","GLEAN","CDS"],[1,303039,303115,1,0,"scaffold104","GLEAN","CDS"],[1,303581,303707,1,2,"scaffold104","GLEAN","CDS"],[1,304188,304337,1,2,"scaffold104","GLEAN","CDS"]],