{"featureCount":12,"formatVersion":1,"histograms":{"meta":[{"arrayParams":{"chunkSize":10000,"length":5,"urlTemplate":"hist-100000-{Chunk}.json"},"basesPerBin":"100000"}],"stats":[{"basesPerBin":"100000","max":4,"mean":2.4}]},"intervals":{"classes":[{"attributes":["Start","End","Strand","Id","Score","Seq_id","Source","Subfeatures","Type"],"isArrayAttr":{"Subfeatures":1}},{"attributes":["Start","End","Strand","Phase","Seq_id","Source","Type"],"isArrayAttr":{}},{"attributes":["Start","End","Chunk"],"isArrayAttr":{"Sublist":1}}],"count":12,"lazyClass":2,"maxEnd":474415,"minStart":77026,"nclist":[[0,77026,80358,1,"lamu_GLEAN_10002397",0.775403,"scaffold117","GLEAN",[[1,77026,77302,1,0,"scaffold117","GLEAN","CDS"],[1,77741,77954,1,0,"scaffold117","GLEAN","CDS"],[1,78437,78632,1,0,"scaffold117","GLEAN","CDS"],[1,79401,80358,1,0,"scaffold117","GLEAN","CDS"]],"mRNA"],[0,112516,129005,1,"lamu_GLEAN_10002398",0.834679,"scaffold117","GLEAN",[[1,112516,112626,1,0,"scaffold117","GLEAN","CDS"],[1,113207,113459,1,1,"scaffold117","GLEAN","CDS"],[1,115544,115686,1,1,"scaffold117","GLEAN","CDS"],[1,117209,117269,1,0,"scaffold117","GLEAN","CDS"],[1,117362,117458,1,0,"scaffold117","GLEAN","CDS"],[1,118712,119066,1,0,"scaffold117","GLEAN","CDS"],[1,119199,119340,1,0,"scaffold117","GLEAN","CDS"],[1,119750,119843,1,0,"scaffold117","GLEAN","CDS"],[1,120495,120753,1,0,"scaffold117","GLEAN","CDS"],[1,121227,121376,1,0,"scaffold117","GLEAN","CDS"],[1,126957,127515,1,1,"scaffold117","GLEAN","CDS"],[1,128157,128431,1,1,"scaffold117","GLEAN","CDS"],[1,128876,129005,1,0,"scaffold117","GLEAN","CDS"]],"mRNA"],[0,241048,245090,-1,"lamu_GLEAN_10002399",0.497085,"scaffold117","GLEAN",[[1,245051,245090,-1,0,"scaffold117","GLEAN","CDS"],[1,244762,244885,-1,0,"scaffold117","GLEAN","CDS"],[1,244270,244388,-1,0,"scaffold117","GLEAN","CDS"],[1,243323,243372,-1,2,"scaffold117","GLEAN","CDS"],[1,243007,243083,-1,1,"scaffold117","GLEAN","CDS"],[1,241503,241604,-1,0,"scaffold117","GLEAN","CDS"],[1,241048,241202,-1,1,"scaffold117","GLEAN","CDS"]],"mRNA"],[0,272352,276280,1,"lamu_GLEAN_10002400",0.997046,"scaffold117","GLEAN",[[1,272352,272681,1,0,"scaffold117","GLEAN","CDS"],[1,273332,273608,1,1,"scaffold117","GLEAN","CDS"],[1,275157,275325,1,1,"scaffold117","GLEAN","CDS"],[1,275877,276280,1,1,"scaffold117","GLEAN","CDS"]],"mRNA"],[0,303506,310052,1,"lamu_GLEAN_10002401",0.592256,"scaffold117","GLEAN",[[1,303506,303584,1,0,"scaffold117","GLEAN","CDS"],[1,305295,305386,1,0,"scaffold117","GLEAN","CDS"],[1,305548,305605,1,2,"scaffold117","GLEAN","CDS"],[1,306291,306377,1,2,"scaffold117","GLEAN","CDS"],[1,306503,306575,1,0,"scaffold117","GLEAN","CDS"],[1,308059,308113,1,0,"scaffold117","GLEAN","CDS"],[1,308212,308288,1,0,"scaffold117","GLEAN","CDS"],[1,308878,308940,1,2,"scaffold117","GLEAN","CDS"],[1,309944,310052,1,0,"scaffold117","GLEAN","CDS"]],"mRNA"],[0,359684,363990,-1,"lamu_GLEAN_10002402",0.984026,"scaffold117","GLEAN",[[1,363884,363990,-1,0,"scaffold117","GLEAN","CDS"],[1,360624,360866,-1,2,"scaffold117","GLEAN","CDS"],[1,359684,360041,-1,0,"scaffold117","GLEAN","CDS"]],"mRNA"],[0,366748,368812,-1,"lamu_GLEAN_10002403",0.998792,"scaffold117","GLEAN",[[1,366748,368812,-1,0,"scaffold117","GLEAN","CDS"]],"mRNA"],[0,388749,391530,1,"lamu_GLEAN_10002404",0.996028,"scaffold117","GLEAN",[[1,388749,391530,1,0,"scaffold117","GLEAN","CDS"]],"mRNA"],[0,408988,410938,-1,"lamu_GLEAN_10002405",0.49902,"scaffold117","GLEAN",[[1,410881,410938,-1,0,"scaffold117","GLEAN","CDS"],[1,410681,410798,-1,0,"scaffold117","GLEAN","CDS"],[1,410089,410360,-1,0,"scaffold117","GLEAN","CDS"],[1,408988,409200,-1,2,"scaffold117","GLEAN","CDS"]],"mRNA"],[0,420894,424266,-1,"lamu_GLEAN_10002406",0.949319,"scaffold117","GLEAN",[[1,424075,424266,-1,0,"scaffold117","GLEAN","CDS"],[1,423875,423956,-1,1,"scaffold117","GLEAN","CDS"],[1,423435,423556,-1,1,"scaffold117","GLEAN","CDS"],[1,422921,423227,-1,0,"scaffold117","GLEAN","CDS"],[1,420894,421026,-1,0,"scaffold117","GLEAN","CDS"]],"mRNA"],[0,450717,460199,-1,"lamu_GLEAN_10002407",0.595213,"scaffold117","GLEAN",[[1,460130,460199,-1,0,"scaffold117","GLEAN","CDS"],[1,459526,459634,-1,0,"scaffold117","GLEAN","CDS"],[1,459280,459361,-1,0,"scaffold117","GLEAN","CDS"],[1,458033,458087,-1,0,"scaffold117","GLEAN","CDS"],[1,457817,457943,-1,0,"scaffold117","GLEAN","CDS"],[1,457647,457737,-1,0,"scaffold117","GLEAN","CDS"],[1,451951,452074,-1,0,"scaffold117","GLEAN","CDS"],[1,451747,451858,-1,0,"scaffold117","GLEAN","CDS"],[1,451066,451180,-1,0,"scaffold117","GLEAN","CDS"],[1,450891,450948,-1,0,"scaffold117","GLEAN","CDS"],[1,450717,450804,-1,0,"scaffold117","GLEAN","CDS"]],"mRNA"],[0,467458,474415,-1,"lamu_GLEAN_10002408",0.999067,"scaffold117","GLEAN",[[1,474405,474415,-1,0,"scaffold117","GLEAN","CDS"],[1,474106,474199,-1,2,"scaffold117","GLEAN","CDS"],[1,472493,472572,-1,2,"scaffold117","GLEAN","CDS"],[1,472120,472361,-1,1,"scaffold117","GLEAN","CDS"],[1,471971,472046,-1,0,"scaffold117","GLEAN","CDS"],[1,471755,471890,-1,0,"scaffold117","GLEAN","CDS"],[1,469807,469995,-1,0,"scaffold117","GLEAN","CDS"],[1,468250,468319,-1,1,"scaffold117","GLEAN","CDS"],[1,468063,468154,-1,1,"scaffold117","GLEAN","CDS"],[1,467804,467939,-1,0,"scaffold117","GLEAN","CDS"],[1,467458,467632,-1,0,"scaffold117","GLEAN","CDS"]],"mRNA"]],"urlTemplate":"lf-{Chunk}.json"}}