{"featureCount":44,"formatVersion":1,"histograms":{"meta":[{"arrayParams":{"chunkSize":10000,"length":17,"urlTemplate":"hist-100000-{Chunk}.json"},"basesPerBin":"100000"}],"stats":[{"basesPerBin":"100000","max":6,"mean":2.58823529411765}]},"intervals":{"classes":[{"attributes":["Start","End","Strand","Id","Score","Seq_id","Source","Subfeatures","Type"],"isArrayAttr":{"Subfeatures":1}},{"attributes":["Start","End","Strand","Phase","Seq_id","Source","Type"],"isArrayAttr":{}},{"attributes":["Start","End","Chunk"],"isArrayAttr":{"Sublist":1}}],"count":44,"lazyClass":2,"maxEnd":1656200,"minStart":4810,"nclist":[[0,4810,11802,1,"lamu_GLEAN_10008033",0.899258,"scaffold20","GLEAN",[[1,4810,5563,1,0,"scaffold20","GLEAN","CDS"],[1,5658,5937,1,0,"scaffold20","GLEAN","CDS"],[1,8071,8157,1,0,"scaffold20","GLEAN","CDS"],[1,8311,8850,1,1,"scaffold20","GLEAN","CDS"],[1,8956,9410,1,2,"scaffold20","GLEAN","CDS"],[1,9524,9755,1,1,"scaffold20","GLEAN","CDS"],[1,9842,9967,1,1,"scaffold20","GLEAN","CDS"],[1,10112,10489,1,2,"scaffold20","GLEAN","CDS"],[1,11319,11802,1,0,"scaffold20","GLEAN","CDS"]],"mRNA"],[0,92479,93542,-1,"lamu_GLEAN_10008034",0.624557,"scaffold20","GLEAN",[[1,93470,93542,-1,0,"scaffold20","GLEAN","CDS"],[1,93236,93440,-1,0,"scaffold20","GLEAN","CDS"],[1,92479,92557,-1,0,"scaffold20","GLEAN","CDS"]],"mRNA"],[0,123163,123733,1,"lamu_GLEAN_10008035",0.638275,"scaffold20","GLEAN",[[1,123163,123258,1,0,"scaffold20","GLEAN","CDS"],[1,123429,123733,1,1,"scaffold20","GLEAN","CDS"]],"mRNA"],[0,178110,178779,-1,"lamu_GLEAN_10008036",1,"scaffold20","GLEAN",[[1,178110,178779,-1,0,"scaffold20","GLEAN","CDS"]],"mRNA"],[0,180117,184023,-1,"lamu_GLEAN_10008037",0.999632,"scaffold20","GLEAN",[[1,183631,184023,-1,0,"scaffold20","GLEAN","CDS"],[1,182771,183249,-1,1,"scaffold20","GLEAN","CDS"],[1,181559,181724,-1,0,"scaffold20","GLEAN","CDS"],[1,180867,181035,-1,0,"scaffold20","GLEAN","CDS"],[1,180117,180294,-1,0,"scaffold20","GLEAN","CDS"]],"mRNA"],[0,211946,213312,-1,"lamu_GLEAN_10008038",0.477663,"scaffold20","GLEAN",[[1,212756,213312,-1,0,"scaffold20","GLEAN","CDS"],[1,211946,212026,-1,2,"scaffold20","GLEAN","CDS"]],"mRNA"],[0,252392,252917,1,"lamu_GLEAN_10008039",0.518951,"scaffold20","GLEAN",[[1,252392,252917,1,0,"scaffold20","GLEAN","CDS"]],"mRNA"],[0,254059,254392,-1,"lamu_GLEAN_10008040",1,"scaffold20","GLEAN",[[1,254059,254392,-1,0,"scaffold20","GLEAN","CDS"]],"mRNA"],[0,258565,260587,-1,"lamu_GLEAN_10008041",0.998681,"scaffold20","GLEAN",[[1,258565,260587,-1,0,"scaffold20","GLEAN","CDS"]],"mRNA"],[0,342947,349136,1,"lamu_GLEAN_10008042",0.999992,"scaffold20","GLEAN",[[1,342947,343016,1,0,"scaffold20","GLEAN","CDS"],[1,343201,343320,1,0,"scaffold20","GLEAN","CDS"],[1,344143,344576,1,1,"scaffold20","GLEAN","CDS"],[1,345395,345551,1,0,"scaffold20","GLEAN","CDS"],[1,349028,349136,1,0,"scaffold20","GLEAN","CDS"]],"mRNA"],[0,362447,366554,1,"lamu_GLEAN_10008043",0.999148,"scaffold20","GLEAN",[[1,362447,363317,1,0,"scaffold20","GLEAN","CDS"],[1,363429,363550,1,0,"scaffold20","GLEAN","CDS"],[1,363673,363784,1,2,"scaffold20","GLEAN","CDS"],[1,364087,364260,1,2,"scaffold20","GLEAN","CDS"],[1,364384,364723,1,0,"scaffold20","GLEAN","CDS"],[1,365047,365170,1,0,"scaffold20","GLEAN","CDS"],[1,365634,366136,1,0,"scaffold20","GLEAN","CDS"],[1,366255,366554,1,2,"scaffold20","GLEAN","CDS"]],"mRNA"],[0,375570,376294,1,"lamu_GLEAN_10008044",1,"scaffold20","GLEAN",[[1,375570,375832,1,0,"scaffold20","GLEAN","CDS"],[1,375940,376077,1,2,"scaffold20","GLEAN","CDS"],[1,376162,376294,1,0,"scaffold20","GLEAN","CDS"]],"mRNA"],[0,377324,378732,-1,"lamu_GLEAN_10008045",0.998524,"scaffold20","GLEAN",[[1,378563,378732,-1,0,"scaffold20","GLEAN","CDS"],[1,377324,377791,-1,2,"scaffold20","GLEAN","CDS"]],"mRNA"],[0,456151,456527,1,"lamu_GLEAN_10008046",1,"scaffold20","GLEAN",[[1,456151,456380,1,0,"scaffold20","GLEAN","CDS"],[1,456501,456527,1,2,"scaffold20","GLEAN","CDS"]],"mRNA"],[0,459897,461011,1,"lamu_GLEAN_10008047",0.9654,"scaffold20","GLEAN",[[1,459897,459932,1,0,"scaffold20","GLEAN","CDS"],[1,460528,460675,1,1,"scaffold20","GLEAN","CDS"],[1,460827,461011,1,1,"scaffold20","GLEAN","CDS"]],"mRNA"],[0,461410,461926,-1,"lamu_GLEAN_10008048",1,"scaffold20","GLEAN",[[1,461410,461926,-1,0,"scaffold20","GLEAN","CDS"]],"mRNA"],[0,467957,468602,1,"lamu_GLEAN_10008049",0.653895,"scaffold20","GLEAN",[[1,467957,467992,1,0,"scaffold20","GLEAN","CDS"],[1,468171,468318,1,1,"scaffold20","GLEAN","CDS"],[1,468421,468602,1,1,"scaffold20","GLEAN","CDS"]],"mRNA"],[0,501493,502162,-1,"lamu_GLEAN_10008050",1,"scaffold20","GLEAN",[[1,501493,502162,-1,0,"scaffold20","GLEAN","CDS"]],"mRNA"],[0,524141,526135,1,"lamu_GLEAN_10008051",0.900246,"scaffold20","GLEAN",[[1,524141,524144,1,0,"scaffold20","GLEAN","CDS"],[1,524458,524656,1,0,"scaffold20","GLEAN","CDS"],[1,525191,525407,1,0,"scaffold20","GLEAN","CDS"],[1,525874,526135,1,0,"scaffold20","GLEAN","CDS"]],"mRNA"],[0,580439,582774,1,"lamu_GLEAN_10008052",0.996192,"scaffold20","GLEAN",[[1,580439,580500,1,0,"scaffold20","GLEAN","CDS"],[1,580641,580762,1,2,"scaffold20","GLEAN","CDS"],[1,581450,582774,1,1,"scaffold20","GLEAN","CDS"]],"mRNA"],[0,583013,585646,-1,"lamu_GLEAN_10008053",0.989351,"scaffold20","GLEAN",[[1,585583,585646,-1,0,"scaffold20","GLEAN","CDS"],[1,584822,585362,-1,0,"scaffold20","GLEAN","CDS"],[1,584247,584537,-1,0,"scaffold20","GLEAN","CDS"],[1,583013,583170,-1,1,"scaffold20","GLEAN","CDS"]],"mRNA"],[0,593066,594829,-1,"lamu_GLEAN_10008054",0.838258,"scaffold20","GLEAN",[[1,594770,594829,-1,0,"scaffold20","GLEAN","CDS"],[1,594582,594664,-1,1,"scaffold20","GLEAN","CDS"],[1,594254,594459,-1,0,"scaffold20","GLEAN","CDS"],[1,594046,594106,-1,2,"scaffold20","GLEAN","CDS"],[1,593905,593958,-1,2,"scaffold20","GLEAN","CDS"],[1,593685,593808,-1,0,"scaffold20","GLEAN","CDS"],[1,593518,593588,-1,0,"scaffold20","GLEAN","CDS"],[1,593360,593439,-1,2,"scaffold20","GLEAN","CDS"],[1,593184,593266,-1,1,"scaffold20","GLEAN","CDS"],[1,593066,593093,-1,0,"scaffold20","GLEAN","CDS"]],"mRNA"],[0,622868,628072,1,"lamu_GLEAN_10008055",0.74613,"scaffold20","GLEAN",[[1,622868,623225,1,0,"scaffold20","GLEAN","CDS"],[1,623306,623405,1,0,"scaffold20","GLEAN","CDS"],[1,623828,623893,1,0,"scaffold20","GLEAN","CDS"],[1,624171,624229,1,1,"scaffold20","GLEAN","CDS"],[1,624508,624799,1,0,"scaffold20","GLEAN","CDS"],[1,627961,628072,1,0,"scaffold20","GLEAN","CDS"]],"mRNA"],[0,634801,635875,1,"lamu_GLEAN_10008056",1,"scaffold20","GLEAN",[[1,634801,635875,1,0,"scaffold20","GLEAN","CDS"]],"mRNA"],[0,642030,644517,-1,"lamu_GLEAN_10008057",0.866066,"scaffold20","GLEAN",[[1,644124,644517,-1,0,"scaffold20","GLEAN","CDS"],[1,642926,643343,-1,0,"scaffold20","GLEAN","CDS"],[1,642030,642162,-1,0,"scaffold20","GLEAN","CDS"]],"mRNA"],[0,647555,658587,-1,"lamu_GLEAN_10008058",0.137098,"scaffold20","GLEAN",[[1,658537,658587,-1,0,"scaffold20","GLEAN","CDS"],[1,658381,658445,-1,1,"scaffold20","GLEAN","CDS"],[1,658217,658263,-1,0,"scaffold20","GLEAN","CDS"],[1,656867,656941,-1,2,"scaffold20","GLEAN","CDS"],[1,653806,653880,-1,0,"scaffold20","GLEAN","CDS"],[1,653032,653120,-1,1,"scaffold20","GLEAN","CDS"],[1,649901,650028,-1,0,"scaffold20","GLEAN","CDS"],[1,649670,649806,-1,2,"scaffold20","GLEAN","CDS"],[1,648961,649013,-1,1,"scaffold20","GLEAN","CDS"],[1,647555,647642,-1,0,"scaffold20","GLEAN","CDS"]],"mRNA"],[0,701894,703268,-1,"lamu_GLEAN_10008059",0.98451,"scaffold20","GLEAN",[[1,701894,703268,-1,0,"scaffold20","GLEAN","CDS"]],"mRNA"],[0,741035,741575,-1,"lamu_GLEAN_10008060",0.991634,"scaffold20","GLEAN",[[1,741035,741575,-1,0,"scaffold20","GLEAN","CDS"]],"mRNA"],[0,744003,746906,-1,"lamu_GLEAN_10008061",0.998792,"scaffold20","GLEAN",[[1,746056,746906,-1,0,"scaffold20","GLEAN","CDS"],[1,744003,744284,-1,2,"scaffold20","GLEAN","CDS"]],"mRNA"],[0,765736,766400,1,"lamu_GLEAN_10008062",0.732594,"scaffold20","GLEAN",[[1,765736,765941,1,0,"scaffold20","GLEAN","CDS"],[1,766044,766400,1,2,"scaffold20","GLEAN","CDS"]],