{"featureCount":14,"formatVersion":1,"histograms":{"meta":[{"arrayParams":{"chunkSize":10000,"length":4,"urlTemplate":"hist-1000000-{Chunk}.json"},"basesPerBin":"1000000"}],"stats":[{"basesPerBin":"1000000","max":6,"mean":3.5}]},"intervals":{"classes":[{"attributes":["Start","End","Strand","Id","Score","Seq_id","Source","Subfeatures","Type"],"isArrayAttr":{"Subfeatures":1}},{"attributes":["Start","End","Strand","Phase","Seq_id","Source","Type"],"isArrayAttr":{}},{"attributes":["Start","End","Chunk"],"isArrayAttr":{"Sublist":1}}],"count":14,"lazyClass":2,"maxEnd":3214063,"minStart":67425,"nclist":[[0,67425,67926,1,"lamu_GLEAN_10012031",0.617325,"scaffold6","GLEAN",[[1,67425,67926,1,0,"scaffold6","GLEAN","CDS"]],"mRNA"],[0,130664,131265,1,"lamu_GLEAN_10012032",0.999975,"scaffold6","GLEAN",[[1,130664,130876,1,0,"scaffold6","GLEAN","CDS"],[1,131078,131265,1,1,"scaffold6","GLEAN","CDS"]],"mRNA"],[0,163286,165042,1,"lamu_GLEAN_10012033",0.772019,"scaffold6","GLEAN",[[1,163286,163397,1,0,"scaffold6","GLEAN","CDS"],[1,163498,163620,1,0,"scaffold6","GLEAN","CDS"],[1,164819,165042,1,1,"scaffold6","GLEAN","CDS"]],"mRNA"],[0,256603,257172,-1,"lamu_GLEAN_10012034",0.376785,"scaffold6","GLEAN",[[1,257135,257172,-1,0,"scaffold6","GLEAN","CDS"],[1,256603,256842,-1,2,"scaffold6","GLEAN","CDS"]],"mRNA"],[0,538060,538306,-1,"lamu_GLEAN_10012035",0.390493,"scaffold6","GLEAN",[[1,538261,538306,-1,0,"scaffold6","GLEAN","CDS"],[1,538060,538183,-1,0,"scaffold6","GLEAN","CDS"]],"mRNA"],[0,880946,881206,1,"lamu_GLEAN_10012036",0.734006,"scaffold6","GLEAN",[[1,880946,881073,1,0,"scaffold6","GLEAN","CDS"],[1,881201,881206,1,2,"scaffold6","GLEAN","CDS"]],"mRNA"],[0,1081347,1081617,-1,"lamu_GLEAN_10012037",0.906547,"scaffold6","GLEAN",[[1,1081572,1081617,-1,0,"scaffold6","GLEAN","CDS"],[1,1081347,1081500,-1,0,"scaffold6","GLEAN","CDS"]],"mRNA"],[0,1807544,1808188,-1,"lamu_GLEAN_10012038",0.18631,"scaffold6","GLEAN",[[1,1808157,1808188,-1,0,"scaffold6","GLEAN","CDS"],[1,1807544,1807840,-1,2,"scaffold6","GLEAN","CDS"]],"mRNA"],[0,3025138,3025540,1,"lamu_GLEAN_10012039",0.999989,"scaffold6","GLEAN",[[1,3025138,3025540,1,0,"scaffold6","GLEAN","CDS"]],"mRNA"],[0,3118837,3119388,-1,"lamu_GLEAN_10012040",0.99853,"scaffold6","GLEAN",[[1,3119226,3119388,-1,0,"scaffold6","GLEAN","CDS"],[1,3118837,3119038,-1,0,"scaffold6","GLEAN","CDS"]],"mRNA"],[0,3146221,3148742,-1,"lamu_GLEAN_10012041",0.713436,"scaffold6","GLEAN",[[1,3148718,3148742,-1,0,"scaffold6","GLEAN","CDS"],[1,3148593,3148629,-1,0,"scaffold6","GLEAN","CDS"],[1,3147789,3147843,-1,0,"scaffold6","GLEAN","CDS"],[1,3147454,3147550,-1,0,"scaffold6","GLEAN","CDS"],[1,3146221,3146446,-1,0,"scaffold6","GLEAN","CDS"]],"mRNA"],[0,3185312,3185624,-1,"lamu_GLEAN_10012042",0.794726,"scaffold6","GLEAN",[[1,3185312,3185624,-1,0,"scaffold6","GLEAN","CDS"]],"mRNA"],[0,3189374,3190852,-1,"lamu_GLEAN_10012043",0.99997,"scaffold6","GLEAN",[[1,3190771,3190852,-1,0,"scaffold6","GLEAN","CDS"],[1,3190548,3190692,-1,0,"scaffold6","GLEAN","CDS"],[1,3189374,3189527,-1,0,"scaffold6","GLEAN","CDS"]],"mRNA"],[0,3211510,3214063,-1,"lamu_GLEAN_10012044",0.660395,"scaffold6","GLEAN",[[1,3213909,3214063,-1,0,"scaffold6","GLEAN","CDS"],[1,3213776,3213822,-1,2,"scaffold6","GLEAN","CDS"],[1,3212994,3213281,-1,1,"scaffold6","GLEAN","CDS"],[1,3211894,3212102,-1,2,"scaffold6","GLEAN","CDS"],[1,3211510,3211562,-1,1,"scaffold6","GLEAN","CDS"]],"mRNA"]],"urlTemplate":"lf-{Chunk}.json"}}