{"featureCount":10,"formatVersion":1,"histograms":{"meta":[{"arrayParams":{"chunkSize":10000,"length":4,"urlTemplate":"hist-100000-{Chunk}.json"},"basesPerBin":"100000"}],"stats":[{"basesPerBin":"100000","max":5,"mean":2.5}]},"intervals":{"classes":[{"attributes":["Start","End","Strand","Id","Score","Seq_id","Source","Subfeatures","Type"],"isArrayAttr":{"Subfeatures":1}},{"attributes":["Start","End","Strand","Phase","Seq_id","Source","Type"],"isArrayAttr":{}},{"attributes":["Start","End","Chunk"],"isArrayAttr":{"Sublist":1}}],"count":10,"lazyClass":2,"maxEnd":387200,"minStart":116157,"nclist":[[0,116157,117397,1,"lamu_GLEAN_10001962",0.65147,"scaffold144","GLEAN",[[1,116157,116196,1,0,"scaffold144","GLEAN","CDS"],[1,116308,116448,1,0,"scaffold144","GLEAN","CDS"],[1,117085,117244,1,1,"scaffold144","GLEAN","CDS"],[1,117354,117397,1,1,"scaffold144","GLEAN","CDS"]],"mRNA"],[0,246554,247371,1,"lamu_GLEAN_10001963",0.996733,"scaffold144","GLEAN",[[1,246554,246624,1,0,"scaffold144","GLEAN","CDS"],[1,246790,246918,1,2,"scaffold144","GLEAN","CDS"],[1,247037,247142,1,0,"scaffold144","GLEAN","CDS"],[1,247227,247371,1,0,"scaffold144","GLEAN","CDS"]],"mRNA"],[0,252881,254441,-1,"lamu_GLEAN_10001964",1,"scaffold144","GLEAN",[[1,254372,254441,-1,0,"scaffold144","GLEAN","CDS"],[1,252881,253463,-1,0,"scaffold144","GLEAN","CDS"]],"mRNA"],[0,266744,269634,1,"lamu_GLEAN_10001965",0.926993,"scaffold144","GLEAN",[[1,266744,267060,1,0,"scaffold144","GLEAN","CDS"],[1,267607,268399,1,2,"scaffold144","GLEAN","CDS"],[1,269584,269634,1,2,"scaffold144","GLEAN","CDS"]],"mRNA"],[0,271571,275162,1,"lamu_GLEAN_10001966",0.927323,"scaffold144","GLEAN",[[1,271571,271913,1,0,"scaffold144","GLEAN","CDS"],[1,273551,273763,1,0,"scaffold144","GLEAN","CDS"],[1,274355,274612,1,1,"scaffold144","GLEAN","CDS"],[1,274761,274940,1,2,"scaffold144","GLEAN","CDS"],[1,275078,275162,1,0,"scaffold144","GLEAN","CDS"]],"mRNA"],[0,275836,276787,-1,"lamu_GLEAN_10001967",0.99993,"scaffold144","GLEAN",[[1,275836,276787,-1,0,"scaffold144","GLEAN","CDS"]],"mRNA"],[0,330736,338981,1,"lamu_GLEAN_10001968",0.993829,"scaffold144","GLEAN",[[1,330736,331168,1,0,"scaffold144","GLEAN","CDS"],[1,332332,332664,1,0,"scaffold144","GLEAN","CDS"],[1,333709,333787,1,1,"scaffold144","GLEAN","CDS"],[1,333926,334029,1,1,"scaffold144","GLEAN","CDS"],[1,334490,334579,1,0,"scaffold144","GLEAN","CDS"],[1,335872,335984,1,1,"scaffold144","GLEAN","CDS"],[1,337539,337593,1,0,"scaffold144","GLEAN","CDS"],[1,337681,337730,1,0,"scaffold144","GLEAN","CDS"],[1,337965,338066,1,2,"scaffold144","GLEAN","CDS"],[1,338424,338537,1,0,"scaffold144","GLEAN","CDS"],[1,338644,338981,1,1,"scaffold144","GLEAN","CDS"]],"mRNA"],[0,349866,351365,-1,"lamu_GLEAN_10001969",0.94351,"scaffold144","GLEAN",[[1,350741,351365,-1,0,"scaffold144","GLEAN","CDS"],[1,350229,350682,-1,0,"scaffold144","GLEAN","CDS"],[1,349866,349926,-1,0,"scaffold144","GLEAN","CDS"]],"mRNA"],[0,363772,365573,1,"lamu_GLEAN_10001970",0.72222,"scaffold144","GLEAN",[[1,363772,363935,1,0,"scaffold144","GLEAN","CDS"],[1,364352,364628,1,2,"scaffold144","GLEAN","CDS"],[1,365064,365573,1,2,"scaffold144","GLEAN","CDS"]],"mRNA"],[0,380335,387200,-1,"lamu_GLEAN_10001971",0.35253,"scaffold144","GLEAN",[[1,387021,387200,-1,0,"scaffold144","GLEAN","CDS"],[1,386793,386915,-1,1,"scaffold144","GLEAN","CDS"],[1,386009,386217,-1,2,"scaffold144","GLEAN","CDS"],[1,385410,385936,-1,1,"scaffold144","GLEAN","CDS"],[1,385077,385329,-1,0,"scaffold144","GLEAN","CDS"],[1,384703,384895,-1,0,"scaffold144","GLEAN","CDS"],[1,384528,384603,-1,0,"scaffold144","GLEAN","CDS"],[1,383634,384416,-1,0,"scaffold144","GLEAN","CDS"],[1,381863,383232,-1,1,"scaffold144","GLEAN","CDS"],[1,380335,380641,-1,0,"scaffold144","GLEAN","CDS"]],"mRNA"]],"urlTemplate":"lf-{Chunk}.json"}}