{"featureCount":17,"formatVersion":1,"histograms":{"meta":[{"arrayParams":{"chunkSize":10000,"length":7,"urlTemplate":"hist-20000-{Chunk}.json"},"basesPerBin":"20000"}],"stats":[{"basesPerBin":"20000","max":4,"mean":2.71428571428571}]},"intervals":{"classes":[{"attributes":["Start","End","Strand","Id","Score","Seq_id","Source","Subfeatures","Type"],"isArrayAttr":{"Subfeatures":1}},{"attributes":["Start","End","Strand","Phase","Seq_id","Source","Type"],"isArrayAttr":{}},{"attributes":["Start","End","Chunk"],"isArrayAttr":{"Sublist":1}}],"count":17,"lazyClass":2,"maxEnd":125617,"minStart":11600,"nclist":[[0,11600,13537,1,"lamu_GLEAN_10000795",0.964541,"scaffold268","GLEAN",[[1,11600,11753,1,0,"scaffold268","GLEAN","CDS"],[1,11844,12177,1,0,"scaffold268","GLEAN","CDS"],[1,12310,12494,1,0,"scaffold268","GLEAN","CDS"],[1,13367,13537,1,2,"scaffold268","GLEAN","CDS"]],"mRNA"],[0,17709,19254,1,"lamu_GLEAN_10000796",0.995485,"scaffold268","GLEAN",[[1,17709,17800,1,0,"scaffold268","GLEAN","CDS"],[1,18179,18397,1,2,"scaffold268","GLEAN","CDS"],[1,18484,19023,1,0,"scaffold268","GLEAN","CDS"],[1,19112,19254,1,1,"scaffold268","GLEAN","CDS"]],"mRNA"],[0,22268,24915,1,"lamu_GLEAN_10000797",0.518618,"scaffold268","GLEAN",[[1,22268,22374,1,0,"scaffold268","GLEAN","CDS"],[1,22447,22665,1,2,"scaffold268","GLEAN","CDS"],[1,23308,23847,1,0,"scaffold268","GLEAN","CDS"],[1,24050,24915,1,1,"scaffold268","GLEAN","CDS"]],"mRNA"],[0,27362,28284,-1,"lamu_GLEAN_10000798",0.978933,"scaffold268","GLEAN",[[1,28014,28284,-1,0,"scaffold268","GLEAN","CDS"],[1,27656,27952,-1,0,"scaffold268","GLEAN","CDS"],[1,27362,27585,-1,1,"scaffold268","GLEAN","CDS"]],"mRNA"],[0,29414,36869,-1,"lamu_GLEAN_10000799",0.640074,"scaffold268","GLEAN",[[1,36691,36869,-1,0,"scaffold268","GLEAN","CDS"],[1,35854,36058,-1,2,"scaffold268","GLEAN","CDS"],[1,35498,35749,-1,2,"scaffold268","GLEAN","CDS"],[1,35383,35394,-1,0,"scaffold268","GLEAN","CDS"],[1,34963,35118,-1,1,"scaffold268","GLEAN","CDS"],[1,34614,34748,-1,2,"scaffold268","GLEAN","CDS"],[1,34225,34498,-1,0,"scaffold268","GLEAN","CDS"],[1,31240,34098,-1,0,"scaffold268","GLEAN","CDS"],[1,31032,31138,-1,1,"scaffold268","GLEAN","CDS"],[1,30509,30590,-1,0,"scaffold268","GLEAN","CDS"],[1,29414,29495,-1,0,"scaffold268","GLEAN","CDS"]],"mRNA"],[0,38355,41313,-1,"lamu_GLEAN_10000800",0.994417,"scaffold268","GLEAN",[[1,41205,41313,-1,0,"scaffold268","GLEAN","CDS"],[1,40005,40257,-1,0,"scaffold268","GLEAN","CDS"],[1,39506,39650,-1,0,"scaffold268","GLEAN","CDS"],[1,38732,39422,-1,0,"scaffold268","GLEAN","CDS"],[1,38355,38604,-1,0,"scaffold268","GLEAN","CDS"]],"mRNA"],[0,43011,54299,-1,"lamu_GLEAN_10000801",0.411192,"scaffold268","GLEAN",[[1,54272,54299,-1,0,"scaffold268","GLEAN","CDS"],[1,53789,54137,-1,0,"scaffold268","GLEAN","CDS"],[1,52087,52132,-1,0,"scaffold268","GLEAN","CDS"],[1,51311,51434,-1,0,"scaffold268","GLEAN","CDS"],[1,51056,51164,-1,0,"scaffold268","GLEAN","CDS"],[1,50399,50513,-1,0,"scaffold268","GLEAN","CDS"],[1,50132,50306,-1,0,"scaffold268","GLEAN","CDS"],[1,49800,49938,-1,0,"scaffold268","GLEAN","CDS"],[1,49484,49592,-1,0,"scaffold268","GLEAN","CDS"],[1,49122,49230,-1,0,"scaffold268","GLEAN","CDS"],[1,48886,49035,-1,0,"scaffold268","GLEAN","CDS"],[1,48342,48496,-1,1,"scaffold268","GLEAN","CDS"],[1,47044,47205,-1,0,"scaffold268","GLEAN","CDS"],[1,45664,45871,-1,1,"scaffold268","GLEAN","CDS"],[1,45425,45531,-1,1,"scaffold268","GLEAN","CDS"],[1,45165,45249,-1,0,"scaffold268","GLEAN","CDS"],[1,44014,44208,-1,0,"scaffold268","GLEAN","CDS"],[1,43703,43763,-1,1,"scaffold268","GLEAN","CDS"],[1,43011,43351,-1,1,"scaffold268","GLEAN","CDS"]],"mRNA"],[0,59191,59896,1,"lamu_GLEAN_10000802",0.996295,"scaffold268","GLEAN",[[1,59191,59896,1,0,"scaffold268","GLEAN","CDS"]],"mRNA"],[0,60921,63983,-1,"lamu_GLEAN_10000803",0.999889,"scaffold268","GLEAN",[[1,63724,63983,-1,0,"scaffold268","GLEAN","CDS"],[1,63520,63588,-1,2,"scaffold268","GLEAN","CDS"],[1,63350,63443,-1,0,"scaffold268","GLEAN","CDS"],[1,62188,62389,-1,0,"scaffold268","GLEAN","CDS"],[1,62037,62118,-1,0,"scaffold268","GLEAN","CDS"],[1,61819,61915,-1,0,"scaffold268","GLEAN","CDS"],[1,61660,61738,-1,0,"scaffold268","GLEAN","CDS"],[1,61460,61550,-1,0,"scaffold268","GLEAN","CDS"],[1,61297,61353,-1,0,"scaffold268","GLEAN","CDS"],[1,61069,61151,-1,1,"scaffold268","GLEAN","CDS"],[1,60921,60981,-1,0,"scaffold268","GLEAN","CDS"]],"mRNA"],[0,75542,76376,1,"lamu_GLEAN_10000804",0.998792,"scaffold268","GLEAN",[[1,75542,76376,1,0,"scaffold268","GLEAN","CDS"]],"mRNA"],[0,78891,81558,-1,"lamu_GLEAN_10000805",1,"scaffold268","GLEAN",[[1,81541,81558,-1,0,"scaffold268","GLEAN","CDS"],[1,81253,81425,-1,1,"scaffold268","GLEAN","CDS"],[1,78891,80565,-1,0,"scaffold268","GLEAN","CDS"]],"mRNA"],[0,87741,89801,1,"lamu_GLEAN_10000806",0.993714,"scaffold268","GLEAN",[[1,87741,87982,1,0,"scaffold268","GLEAN","CDS"],[1,88740,88871,1,2,"scaffold268","GLEAN","CDS"],[1,88996,89486,1,0,"scaffold268","GLEAN","CDS"],[1,89589,89801,1,2,"scaffold268","GLEAN","CDS"]],"mRNA"],[0,94464,97085,1,"lamu_GLEAN_10000807",1,"scaffold268","GLEAN",[[1,94464,94977,1,0,"scaffold268","GLEAN","CDS"],[1,96740,97085,1,0,"scaffold268","GLEAN","CDS"]],"mRNA",{"Sublist":[[0,96695,97073,-1,"lamu_GLEAN_10000808",0.999772,"scaffold268","GLEAN",[[1,96695,97073,-1,0,"scaffold268","GLEAN","CDS"]],"mRNA"]]}],[0,100100,104787,-1,"lamu_GLEAN_10000809",0.991372,"scaffold268","GLEAN",[[1,104766,104787,-1,0,"scaffold268","GLEAN","CDS"],[1,104490,104639,-1,0,"scaffold268","GLEAN","CDS"],[1,103490,103582,-1,1,"scaffold268","GLEAN","CDS"],[1,103366,103374,-1,2,"scaffold268","GLEAN","CDS"],[1,103206,103278,-1,0,"scaffold268","GLEAN","CDS"],[1,102791,102959,-1,0,"scaffold268","GLEAN","CDS"],[1,102594,102690,-1,0,"scaffold268","GLEAN","CDS"],[1,102358,102481,-1,0,"scaffold268","GLEAN","CDS"],[1,101949,102090,-1,0,"scaffold268","GLEAN","CDS"],[1,101328,101410,-1,0,"scaffold268","GLEAN","CDS"],[1,100100,100693,-1,2,"scaffold268","GLEAN","CDS"]],"mRNA"],[0,107371,112022,1,"lamu_GLEAN_10000810",1,"scaffold268","GLEAN",[[1,107371,108721,1,0,"scaffold268","GLEAN","CDS"],[1,109332,110025,1,0,"scaffold268","GLEAN","CDS"],[1,110471,112022,1,0,"scaffold268","GLEAN","CDS"]],"mRNA"],[0,124207,125617,1,"lamu_GLEAN_10000811",0.967733,"scaffold268","GLEAN",[[1,124207,124498,1,0,"scaffold268","GLEAN","CDS"],[1,124693,124849,1,0,"scaffold268","GLEAN","CDS"],[1,125179,125617,1,0,"scaffold268","GLEAN","CDS"]],"mRNA"]],"urlTemplate":"lf-{Chunk}.json"}}