{"featureCount":4,"formatVersion":1,"histograms":{"meta":[{"arrayParams":{"chunkSize":10000,"length":2,"urlTemplate":"hist-100000-{Chunk}.json"},"basesPerBin":"100000"}],"stats":[{"basesPerBin":"100000","max":3,"mean":2}]},"intervals":{"classes":[{"attributes":["Start","End","Strand","Id","Score","Seq_id","Source","Subfeatures","Type"],"isArrayAttr":{"Subfeatures":1}},{"attributes":["Start","End","Strand","Phase","Seq_id","Source","Type"],"isArrayAttr":{}},{"attributes":["Start","End","Chunk"],"isArrayAttr":{"Sublist":1}}],"count":4,"lazyClass":2,"maxEnd":103840,"minStart":24914,"nclist":[[0,24914,25988,-1,"lamu_GLEAN_10000812",0.803629,"scaffold266","GLEAN",[[1,25651,25988,-1,0,"scaffold266","GLEAN","CDS"],[1,24914,25030,-1,2,"scaffold266","GLEAN","CDS"]],"mRNA"],[0,27352,31424,1,"lamu_GLEAN_10000813",0.999899,"scaffold266","GLEAN",[[1,27352,27468,1,0,"scaffold266","GLEAN","CDS"],[1,27874,28007,1,1,"scaffold266","GLEAN","CDS"],[1,28883,29128,1,0,"scaffold266","GLEAN","CDS"],[1,30444,30616,1,1,"scaffold266","GLEAN","CDS"],[1,31229,31424,1,0,"scaffold266","GLEAN","CDS"]],"mRNA"],[0,34859,46317,-1,"lamu_GLEAN_10000814",0.75886,"scaffold266","GLEAN",[[1,45898,46317,-1,0,"scaffold266","GLEAN","CDS"],[1,45317,45582,-1,1,"scaffold266","GLEAN","CDS"],[1,44936,44965,-1,0,"scaffold266","GLEAN","CDS"],[1,43816,43981,-1,1,"scaffold266","GLEAN","CDS"],[1,42879,43050,-1,1,"scaffold266","GLEAN","CDS"],[1,41921,42701,-1,1,"scaffold266","GLEAN","CDS"],[1,41728,41820,-1,1,"scaffold266","GLEAN","CDS"],[1,41176,41239,-1,2,"scaffold266","GLEAN","CDS"],[1,40957,41046,-1,2,"scaffold266","GLEAN","CDS"],[1,40761,40827,-1,0,"scaffold266","GLEAN","CDS"],[1,39164,39842,-1,0,"scaffold266","GLEAN","CDS"],[1,38847,38922,-1,0,"scaffold266","GLEAN","CDS"],[1,38549,38620,-1,0,"scaffold266","GLEAN","CDS"],[1,38384,38442,-1,1,"scaffold266","GLEAN","CDS"],[1,35935,36170,-1,0,"scaffold266","GLEAN","CDS"],[1,34859,35563,-1,2,"scaffold266","GLEAN","CDS"]],"mRNA"],[0,100872,103840,-1,"lamu_GLEAN_10000815",0.524746,"scaffold266","GLEAN",[[1,103822,103840,-1,0,"scaffold266","GLEAN","CDS"],[1,103688,103751,-1,0,"scaffold266","GLEAN","CDS"],[1,102141,102405,-1,0,"scaffold266","GLEAN","CDS"],[1,101821,101856,-1,0,"scaffold266","GLEAN","CDS"],[1,101558,101738,-1,1,"scaffold266","GLEAN","CDS"],[1,100872,100876,-1,1,"scaffold266","GLEAN","CDS"]],"mRNA"]],"urlTemplate":"lf-{Chunk}.json"}}