{"featureCount":9,"formatVersion":1,"histograms":{"meta":[{"arrayParams":{"chunkSize":10000,"length":3,"urlTemplate":"hist-50000-{Chunk}.json"},"basesPerBin":"50000"}],"stats":[{"basesPerBin":"50000","max":4,"mean":3.33333333333333}]},"intervals":{"classes":[{"attributes":["Start","End","Strand","Id","Score","Seq_id","Source","Subfeatures","Type"],"isArrayAttr":{"Subfeatures":1}},{"attributes":["Start","End","Strand","Phase","Seq_id","Source","Type"],"isArrayAttr":{}},{"attributes":["Start","End","Chunk"],"isArrayAttr":{"Sublist":1}}],"count":9,"lazyClass":2,"maxEnd":136570,"minStart":34433,"nclist":[[0,34433,38150,1,"lamu_GLEAN_10000855",0.484096,"scaffold257","GLEAN",[[1,34433,34479,1,0,"scaffold257","GLEAN","CDS"],[1,34875,35272,1,2,"scaffold257","GLEAN","CDS"],[1,36949,38150,1,1,"scaffold257","GLEAN","CDS"]],"mRNA"],[0,44021,45451,1,"lamu_GLEAN_10000856",0.958253,"scaffold257","GLEAN",[[1,44021,44044,1,0,"scaffold257","GLEAN","CDS"],[1,44506,44570,1,1,"scaffold257","GLEAN","CDS"],[1,44976,45030,1,0,"scaffold257","GLEAN","CDS"],[1,45373,45451,1,0,"scaffold257","GLEAN","CDS"]],"mRNA"],[0,57417,61247,-1,"lamu_GLEAN_10000857",0.348916,"scaffold257","GLEAN",[[1,61093,61247,-1,0,"scaffold257","GLEAN","CDS"],[1,60416,60813,-1,2,"scaffold257","GLEAN","CDS"],[1,57417,58516,-1,1,"scaffold257","GLEAN","CDS"]],"mRNA"],[0,79378,79945,1,"lamu_GLEAN_10000858",1,"scaffold257","GLEAN",[[1,79378,79945,1,0,"scaffold257","GLEAN","CDS"]],"mRNA"],[0,84447,84810,1,"lamu_GLEAN_10000859",0.799965,"scaffold257","GLEAN",[[1,84447,84810,1,0,"scaffold257","GLEAN","CDS"]],"mRNA"],[0,89815,107362,1,"lamu_GLEAN_10000860",0.791261,"scaffold257","GLEAN",[[1,89815,89950,1,0,"scaffold257","GLEAN","CDS"],[1,99042,99091,1,0,"scaffold257","GLEAN","CDS"],[1,99467,99580,1,2,"scaffold257","GLEAN","CDS"],[1,99667,99739,1,0,"scaffold257","GLEAN","CDS"],[1,99942,100053,1,0,"scaffold257","GLEAN","CDS"],[1,100234,100416,1,0,"scaffold257","GLEAN","CDS"],[1,101746,102031,1,1,"scaffold257","GLEAN","CDS"],[1,102117,102194,1,1,"scaffold257","GLEAN","CDS"],[1,102364,102726,1,2,"scaffold257","GLEAN","CDS"],[1,103035,103140,1,0,"scaffold257","GLEAN","CDS"],[1,103249,103387,1,0,"scaffold257","GLEAN","CDS"],[1,105714,105881,1,0,"scaffold257","GLEAN","CDS"],[1,107289,107362,1,1,"scaffold257","GLEAN","CDS"]],"mRNA"],[0,111016,113525,1,"lamu_GLEAN_10000861",0.155936,"scaffold257","GLEAN",[[1,111016,111325,1,0,"scaffold257","GLEAN","CDS"],[1,111443,111833,1,0,"scaffold257","GLEAN","CDS"],[1,112214,113525,1,0,"scaffold257","GLEAN","CDS"]],"mRNA"],[0,120086,125551,-1,"lamu_GLEAN_10000862",0.81088,"scaffold257","GLEAN",[[1,125287,125551,-1,0,"scaffold257","GLEAN","CDS"],[1,122946,123458,-1,0,"scaffold257","GLEAN","CDS"],[1,122714,122865,-1,1,"scaffold257","GLEAN","CDS"],[1,121837,122597,-1,0,"scaffold257","GLEAN","CDS"],[1,120086,120484,-1,2,"scaffold257","GLEAN","CDS"]],"mRNA"],[0,135730,136570,-1,"lamu_GLEAN_10000863",0.572292,"scaffold257","GLEAN",[[1,136468,136570,-1,0,"scaffold257","GLEAN","CDS"],[1,136220,136362,-1,0,"scaffold257","GLEAN","CDS"],[1,135730,135990,-1,2,"scaffold257","GLEAN","CDS"]],"mRNA"]],"urlTemplate":"lf-{Chunk}.json"}}