{"featureCount":12,"formatVersion":1,"histograms":{"meta":[{"arrayParams":{"chunkSize":10000,"length":3,"urlTemplate":"hist-50000-{Chunk}.json"},"basesPerBin":"50000"}],"stats":[{"basesPerBin":"50000","max":8,"mean":4.33333333333333}]},"intervals":{"classes":[{"attributes":["Start","End","Strand","Id","Score","Seq_id","Source","Subfeatures","Type"],"isArrayAttr":{"Subfeatures":1}},{"attributes":["Start","End","Strand","Phase","Seq_id","Source","Type"],"isArrayAttr":{}},{"attributes":["Start","End","Chunk"],"isArrayAttr":{"Sublist":1}}],"count":12,"lazyClass":2,"maxEnd":109159,"minStart":5617,"nclist":[[0,5617,6251,-1,"lamu_GLEAN_10000737",1,"scaffold272","GLEAN",[[1,6170,6251,-1,0,"scaffold272","GLEAN","CDS"],[1,5928,6012,-1,0,"scaffold272","GLEAN","CDS"],[1,5617,5845,-1,0,"scaffold272","GLEAN","CDS"]],"mRNA"],[0,10191,10659,1,"lamu_GLEAN_10000738",1,"scaffold272","GLEAN",[[1,10191,10659,1,0,"scaffold272","GLEAN","CDS"]],"mRNA"],[0,13200,16028,-1,"lamu_GLEAN_10000739",0.400973,"scaffold272","GLEAN",[[1,15987,16028,-1,0,"scaffold272","GLEAN","CDS"],[1,15135,15191,-1,1,"scaffold272","GLEAN","CDS"],[1,14024,14357,-1,2,"scaffold272","GLEAN","CDS"],[1,13383,13414,-1,2,"scaffold272","GLEAN","CDS"],[1,13200,13300,-1,1,"scaffold272","GLEAN","CDS"]],"mRNA"],[0,49295,51330,1,"lamu_GLEAN_10000740",1,"scaffold272","GLEAN",[[1,49295,49861,1,0,"scaffold272","GLEAN","CDS"],[1,50570,51330,1,1,"scaffold272","GLEAN","CDS"]],"mRNA"],[0,56122,58223,-1,"lamu_GLEAN_10000741",1,"scaffold272","GLEAN",[[1,57894,58223,-1,0,"scaffold272","GLEAN","CDS"],[1,56122,56816,-1,1,"scaffold272","GLEAN","CDS"]],"mRNA"],[0,67227,67788,-1,"lamu_GLEAN_10000742",0.987834,"scaffold272","GLEAN",[[1,67227,67788,-1,0,"scaffold272","GLEAN","CDS"]],"mRNA"],[0,70102,70564,-1,"lamu_GLEAN_10000743",0.987756,"scaffold272","GLEAN",[[1,70102,70564,-1,0,"scaffold272","GLEAN","CDS"]],"mRNA"],[0,74244,75478,1,"lamu_GLEAN_10000744",1,"scaffold272","GLEAN",[[1,74244,74335,1,0,"scaffold272","GLEAN","CDS"],[1,74681,75478,1,2,"scaffold272","GLEAN","CDS"]],"mRNA"],[0,76275,82966,-1,"lamu_GLEAN_10000745",0.762517,"scaffold272","GLEAN",[[1,82910,82966,-1,0,"scaffold272","GLEAN","CDS"],[1,82461,82515,-1,1,"scaffold272","GLEAN","CDS"],[1,82278,82349,-1,1,"scaffold272","GLEAN","CDS"],[1,81377,81491,-1,2,"scaffold272","GLEAN","CDS"],[1,80766,80863,-1,2,"scaffold272","GLEAN","CDS"],[1,80395,80678,-1,1,"scaffold272","GLEAN","CDS"],[1,79963,80074,-1,0,"scaffold272","GLEAN","CDS"],[1,78804,79857,-1,0,"scaffold272","GLEAN","CDS"],[1,78582,78683,-1,0,"scaffold272","GLEAN","CDS"],[1,77732,77919,-1,1,"scaffold272","GLEAN","CDS"],[1,77518,77616,-1,0,"scaffold272","GLEAN","CDS"],[1,77282,77409,-1,1,"scaffold272","GLEAN","CDS"],[1,77021,77187,-1,0,"scaffold272","GLEAN","CDS"],[1,76721,76840,-1,2,"scaffold272","GLEAN","CDS"],[1,76275,76629,-1,0,"scaffold272","GLEAN","CDS"]],"mRNA"],[0,84239,86224,-1,"lamu_GLEAN_10000746",0.460084,"scaffold272","GLEAN",[[1,85636,86224,-1,0,"scaffold272","GLEAN","CDS"],[1,84239,84542,-1,0,"scaffold272","GLEAN","CDS"]],"mRNA"],[0,87374,89334,-1,"lamu_GLEAN_10000747",0.997716,"scaffold272","GLEAN",[[1,89105,89334,-1,0,"scaffold272","GLEAN","CDS"],[1,88162,88419,-1,2,"scaffold272","GLEAN","CDS"],[1,87676,87823,-1,0,"scaffold272","GLEAN","CDS"],[1,87374,87530,-1,0,"scaffold272","GLEAN","CDS"]],"mRNA"],[0,108796,109159,-1,"lamu_GLEAN_10000748",0.999987,"scaffold272","GLEAN",[[1,108796,109159,-1,0,"scaffold272","GLEAN","CDS"]],"mRNA"]],"urlTemplate":"lf-{Chunk}.json"}}