{"featureCount":46,"formatVersion":1,"histograms":{"meta":[{"arrayParams":{"chunkSize":10000,"length":15,"urlTemplate":"hist-50000-{Chunk}.json"},"basesPerBin":"50000"}],"stats":[{"basesPerBin":"50000","max":6,"mean":3.53333333333333}]},"intervals":{"classes":[{"attributes":["Start","End","Strand","Id","Score","Seq_id","Source","Subfeatures","Type"],"isArrayAttr":{"Subfeatures":1}},{"attributes":["Start","End","Strand","Phase","Seq_id","Source","Type"],"isArrayAttr":{}},{"attributes":["Start","End","Chunk"],"isArrayAttr":{"Sublist":1}}],"count":46,"lazyClass":2,"maxEnd":748595,"minStart":247,"nclist":[[0,247,667,1,"lamu_GLEAN_10003993",0.997578,"scaffold80","GLEAN",[[1,247,667,1,0,"scaffold80","GLEAN","CDS"]],"mRNA"],[0,1639,2126,1,"lamu_GLEAN_10003994",0.999981,"scaffold80","GLEAN",[[1,1639,1822,1,0,"scaffold80","GLEAN","CDS"],[1,1994,2126,1,0,"scaffold80","GLEAN","CDS"]],"mRNA"],[0,3015,3945,-1,"lamu_GLEAN_10003995",0.589982,"scaffold80","GLEAN",[[1,3015,3945,-1,0,"scaffold80","GLEAN","CDS"]],"mRNA"],[0,21273,25282,1,"lamu_GLEAN_10003996",0.238866,"scaffold80","GLEAN",[[1,21273,21403,1,0,"scaffold80","GLEAN","CDS"],[1,23386,23511,1,2,"scaffold80","GLEAN","CDS"],[1,23990,24155,1,0,"scaffold80","GLEAN","CDS"],[1,24794,24881,1,0,"scaffold80","GLEAN","CDS"],[1,24982,25282,1,0,"scaffold80","GLEAN","CDS"]],"mRNA"],[0,31834,41886,1,"lamu_GLEAN_10003997",0.0906324,"scaffold80","GLEAN",[[1,31834,32275,1,0,"scaffold80","GLEAN","CDS"],[1,32831,33089,1,0,"scaffold80","GLEAN","CDS"],[1,34308,34551,1,0,"scaffold80","GLEAN","CDS"],[1,34783,34948,1,0,"scaffold80","GLEAN","CDS"],[1,35401,36918,1,0,"scaffold80","GLEAN","CDS"],[1,37783,37865,1,1,"scaffold80","GLEAN","CDS"],[1,38233,38259,1,0,"scaffold80","GLEAN","CDS"],[1,38439,38546,1,1,"scaffold80","GLEAN","CDS"],[1,39878,40036,1,2,"scaffold80","GLEAN","CDS"],[1,41518,41737,1,0,"scaffold80","GLEAN","CDS"],[1,41856,41886,1,0,"scaffold80","GLEAN","CDS"]],"mRNA"],[0,45494,48450,-1,"lamu_GLEAN_10003998",0.997363,"scaffold80","GLEAN",[[1,48217,48450,-1,0,"scaffold80","GLEAN","CDS"],[1,45878,46053,-1,1,"scaffold80","GLEAN","CDS"],[1,45494,45782,-1,0,"scaffold80","GLEAN","CDS"]],"mRNA"],[0,53466,63622,-1,"lamu_GLEAN_10003999",0.861764,"scaffold80","GLEAN",[[1,63186,63622,-1,0,"scaffold80","GLEAN","CDS"],[1,53466,53576,-1,2,"scaffold80","GLEAN","CDS"]],"mRNA"],[0,72139,74842,1,"lamu_GLEAN_10004000",0.998792,"scaffold80","GLEAN",[[1,72139,72493,1,0,"scaffold80","GLEAN","CDS"],[1,72591,72771,1,0,"scaffold80","GLEAN","CDS"],[1,72843,73112,1,0,"scaffold80","GLEAN","CDS"],[1,73206,74842,1,1,"scaffold80","GLEAN","CDS"]],"mRNA"],[0,87270,89729,-1,"lamu_GLEAN_10004001",0.924418,"scaffold80","GLEAN",[[1,89619,89729,-1,0,"scaffold80","GLEAN","CDS"],[1,89506,89540,-1,1,"scaffold80","GLEAN","CDS"],[1,88384,88537,-1,0,"scaffold80","GLEAN","CDS"],[1,88169,88260,-1,0,"scaffold80","GLEAN","CDS"],[1,88008,88089,-1,2,"scaffold80","GLEAN","CDS"],[1,87785,87907,-1,2,"scaffold80","GLEAN","CDS"],[1,87555,87696,-1,0,"scaffold80","GLEAN","CDS"],[1,87372,87486,-1,0,"scaffold80","GLEAN","CDS"],[1,87270,87300,-1,0,"scaffold80","GLEAN","CDS"]],"mRNA"],[0,98094,102059,-1,"lamu_GLEAN_10004002",0.769827,"scaffold80","GLEAN",[[1,101971,102059,-1,0,"scaffold80","GLEAN","CDS"],[1,100070,100330,-1,2,"scaffold80","GLEAN","CDS"],[1,99503,99811,-1,0,"scaffold80","GLEAN","CDS"],[1,99294,99385,-1,1,"scaffold80","GLEAN","CDS"],[1,98858,99192,-1,0,"scaffold80","GLEAN","CDS"],[1,98704,98765,-1,2,"scaffold80","GLEAN","CDS"],[1,98094,98275,-1,1,"scaffold80","GLEAN","CDS"]],"mRNA"],[0,122015,140475,-1,"lamu_GLEAN_10004003",0.973178,"scaffold80","GLEAN",[[1,139730,140475,-1,0,"scaffold80","GLEAN","CDS"],[1,136965,137030,-1,2,"scaffold80","GLEAN","CDS"],[1,136666,136849,-1,0,"scaffold80","GLEAN","CDS"],[1,135207,136581,-1,0,"scaffold80","GLEAN","CDS"],[1,133856,134123,-1,0,"scaffold80","GLEAN","CDS"],[1,130406,130499,-1,0,"scaffold80","GLEAN","CDS"],[1,130182,130323,-1,0,"scaffold80","GLEAN","CDS"],[1,129996,130089,-1,0,"scaffold80","GLEAN","CDS"],[1,128919,129124,-1,0,"scaffold80","GLEAN","CDS"],[1,128450,128536,-1,2,"scaffold80","GLEAN","CDS"],[1,123354,123443,-1,0,"scaffold80","GLEAN","CDS"],[1,122597,122649,-1,1,"scaffold80","GLEAN","CDS"],[1,122454,122511,-1,0,"scaffold80","GLEAN","CDS"],[1,122192,122366,-1,0,"scaffold80","GLEAN","CDS"],[1,122015,122108,-1,0,"scaffold80","GLEAN","CDS"]],"mRNA"],[0,165363,167775,-1,"lamu_GLEAN_10004004",0.99993,"scaffold80","GLEAN",[[1,166436,167775,-1,0,"scaffold80","GLEAN","CDS"],[1,165363,165992,-1,2,"scaffold80","GLEAN","CDS"]],"mRNA"],[0,198742,213425,-1,"lamu_GLEAN_10004005",0.644225,"scaffold80","GLEAN",[[1,213128,213425,-1,0,"scaffold80","GLEAN","CDS"],[1,212877,212946,-1,0,"scaffold80","GLEAN","CDS"],[1,212423,212516,-1,0,"scaffold80","GLEAN","CDS"],[1,212098,212223,-1,0,"scaffold80","GLEAN","CDS"],[1,206400,206596,-1,1,"scaffold80","GLEAN","CDS"],[1,204825,205001,-1,0,"scaffold80","GLEAN","CDS"],[1,203910,204040,-1,1,"scaffold80","GLEAN","CDS"],[1,200943,201104,-1,0,"scaffold80","GLEAN","CDS"],[1,200167,200337,-1,1,"scaffold80","GLEAN","CDS"],[1,199987,200102,-1,2,"scaffold80","GLEAN","CDS"],[1,198832,198895,-1,1,"scaffold80","GLEAN","CDS"],[1,198742,198755,-1,1,"scaffold80","GLEAN","CDS"]],"mRNA"],[0,215656,217062,-1,"lamu_GLEAN_10004006",0.999999,"scaffold80","GLEAN",[[1,216883,217062,-1,0,"scaffold80","GLEAN","CDS"],[1,216281,216393,-1,1,"scaffold80","GLEAN","CDS"],[1,216083,216167,-1,0,"scaffold80","GLEAN","CDS"],[1,215871,216000,-1,0,"scaffold80","GLEAN","CDS"],[1,215656,215755,-1,0,"scaffold80","GLEAN","CDS"]],"mRNA"],[0,248882,252747,-1,"lamu_GLEAN_10004007",0.996242,"scaffold80","GLEAN",[[1,252629,252747,-1,0,"scaffold80","GLEAN","CDS"],[1,252000,252076,-1,2,"scaffold80","GLEAN","CDS"],[1,251682,251722,-1,1,"scaffold80","GLEAN","CDS"],[1,251480,251584,-1,0,"scaffold80","GLEAN","CDS"],[1,251326,251375,-1,1,"scaffold80","GLEAN","CDS"],[1,251056,251163,-1,0,"scaffold80","GLEAN","CDS"],[1,250845,250933,-1,1,"scaffold80","GLEAN","CDS"],[1,250072,250201,-1,0,"scaffold80","GLEAN","CDS"],[1,249918,249993,-1,0,"scaffold80","GLEAN","CDS"],[1,249746,249800,-1,0,"scaffold80","GLEAN","CDS"],[1,249583,249621,-1,0,"scaffold80","GLEAN","CDS"],[1,249309,249469,-1,1,"scaffold80","GLEAN","CDS"],[1,248882,249035,-1,0,"scaffold80","GLEAN","CDS"]],"mRNA"],[0,264366,264750,1,"lamu_GLEAN_10004008",0.625887,"scaffold80","GLEAN",[[1,264366,264750,1,0,"scaffold80","GLEAN","CDS"]],"mRNA"],[0,272766,274841,-1,"lamu_GLEAN_10004009",0.352211,"scaffold80","GLEAN",[[1,274826,274841,-1,0,"scaffold80","GLEAN","CDS"],[1,274610,274740,-1,0,"scaffold80","GLEAN","CDS"],[1,274253,274508,-1,2,"scaffold80","GLEAN","CDS"],[1,273890,273916,-1,2,"scaffold80","GLEAN","CDS"],[1,272766,273678,-1,0,"scaffold80","GLEAN","CDS"]],"mRNA"],[0,278850,280606,-1,"lamu_GLEAN_10004010",0.997645,"scaffold80","GLEAN",[[1,280398,280606,-1,0,"scaffold80","GLEAN","CDS"],[1,280067,280310,-1,2,"scaffold80","GLEAN","CDS"],[1,279869,279923,-1,2,"scaffold80","GLEAN","CDS"],[1,278850,279035,-1,2,"scaffold80","GLEAN","CDS"]],"mRNA"],[0,297365,301541,-1,"lamu_GLEAN_10004011",0.723135,"scaffold80","GLEAN",[[1,301397,301541,-1,0,"scaffold80","GLEAN","CDS"],[1,297365,300839,-1,0,"scaffold80","GLEAN","CDS"]],"mRNA"],[0,321566,323676,1,"lamu_GLEAN_10004012",1,"scaffold80","GLEAN",[[1,321566,321719,1,0,"scaffold80","GLEAN","CDS"],[1,321866,322682,1,0,"scaffold80","GLEAN","CDS"],[1,323317,323392,1,0,"scaffold80","GLEAN","CDS"],[1,323481,323676,1,0,"scaffold80","GLEAN","CDS"]],"mRNA"],[0,348949,350097,1,"lamu_GLEAN_10004013",0.993816,"scaffold80","GLEAN",[[1,348949,349414,1,0,"scaffold80","GLEAN","CDS"],[1,349929,350097,1,0,"scaffold80","GLEAN","CDS"]],