{"featureCount":9,"formatVersion":1,"histograms":{"meta":[{"arrayParams":{"chunkSize":10000,"length":4,"urlTemplate":"hist-20000-{Chunk}.json"},"basesPerBin":"20000"}],"stats":[{"basesPerBin":"20000","max":4,"mean":2.25}]},"intervals":{"classes":[{"attributes":["Start","End","Strand","Id","Score","Seq_id","Source","Subfeatures","Type"],"isArrayAttr":{"Subfeatures":1}},{"attributes":["Start","End","Strand","Phase","Seq_id","Source","Type"],"isArrayAttr":{}},{"attributes":["Start","End","Chunk"],"isArrayAttr":{"Sublist":1}}],"count":9,"lazyClass":2,"maxEnd":70560,"minStart":2697,"nclist":[[0,2697,3291,1,"lamu_GLEAN_10000604",0.614229,"scaffold335","GLEAN",[[1,2697,3291,1,0,"scaffold335","GLEAN","CDS"]],"mRNA"],[0,3664,4099,1,"lamu_GLEAN_10000605",0.554109,"scaffold335","GLEAN",[[1,3664,4099,1,0,"scaffold335","GLEAN","CDS"]],"mRNA"],[0,28748,37487,-1,"lamu_GLEAN_10000606",0.613066,"scaffold335","GLEAN",[[1,37309,37487,-1,0,"scaffold335","GLEAN","CDS"],[1,28748,29578,-1,2,"scaffold335","GLEAN","CDS"]],"mRNA"],[0,48946,50311,-1,"lamu_GLEAN_10000607",0.695624,"scaffold335","GLEAN",[[1,48946,50311,-1,0,"scaffold335","GLEAN","CDS"]],"mRNA"],[0,51320,58252,1,"lamu_GLEAN_10000608",0.998798,"scaffold335","GLEAN",[[1,51320,51369,1,0,"scaffold335","GLEAN","CDS"],[1,51466,51580,1,2,"scaffold335","GLEAN","CDS"],[1,57772,57972,1,2,"scaffold335","GLEAN","CDS"],[1,58057,58252,1,0,"scaffold335","GLEAN","CDS"]],"mRNA",{"Sublist":[[0,56483,56822,-1,"lamu_GLEAN_10000609",0.644674,"scaffold335","GLEAN",[[1,56483,56822,-1,0,"scaffold335","GLEAN","CDS"]],"mRNA"]]}],[0,59156,59969,-1,"lamu_GLEAN_10000610",0.525756,"scaffold335","GLEAN",[[1,59797,59969,-1,0,"scaffold335","GLEAN","CDS"],[1,59156,59500,-1,2,"scaffold335","GLEAN","CDS"]],"mRNA"],[0,61460,70560,1,"lamu_GLEAN_10000611",0.997948,"scaffold335","GLEAN",[[1,61460,61724,1,0,"scaffold335","GLEAN","CDS"],[1,70314,70560,1,0,"scaffold335","GLEAN","CDS"]],"mRNA",{"Sublist":[[0,65877,66522,-1,"lamu_GLEAN_10000612",0.997837,"scaffold335","GLEAN",[[1,65877,66522,-1,0,"scaffold335","GLEAN","CDS"]],"mRNA"]]}]],"urlTemplate":"lf-{Chunk}.json"}}