{"featureCount":6,"formatVersion":1,"histograms":{"meta":[{"arrayParams":{"chunkSize":10000,"length":2,"urlTemplate":"hist-200000-{Chunk}.json"},"basesPerBin":"200000"}],"stats":[{"basesPerBin":"200000","max":4,"mean":3}]},"intervals":{"classes":[{"attributes":["Start","End","Strand","Id","Score","Seq_id","Source","Subfeatures","Type"],"isArrayAttr":{"Subfeatures":1}},{"attributes":["Start","End","Strand","Phase","Seq_id","Source","Type"],"isArrayAttr":{}},{"attributes":["Start","End","Chunk"],"isArrayAttr":{"Sublist":1}}],"count":6,"lazyClass":2,"maxEnd":277642,"minStart":14597,"nclist":[[0,14597,15437,-1,"lamu_GLEAN_10001624",0.465763,"scaffold157","GLEAN",[[1,15273,15437,-1,0,"scaffold157","GLEAN","CDS"],[1,15015,15189,-1,1,"scaffold157","GLEAN","CDS"],[1,14835,14940,-1,1,"scaffold157","GLEAN","CDS"],[1,14687,14757,-1,1,"scaffold157","GLEAN","CDS"],[1,14597,14609,-1,0,"scaffold157","GLEAN","CDS"]],"mRNA"],[0,112606,113542,1,"lamu_GLEAN_10001625",0.439562,"scaffold157","GLEAN",[[1,112606,112844,1,0,"scaffold157","GLEAN","CDS"],[1,113363,113542,1,2,"scaffold157","GLEAN","CDS"]],"mRNA"],[0,218464,225653,-1,"lamu_GLEAN_10001626",0.997566,"scaffold157","GLEAN",[[1,225516,225653,-1,0,"scaffold157","GLEAN","CDS"],[1,218464,218957,-1,1,"scaffold157","GLEAN","CDS"]],"mRNA",{"Sublist":[[0,224983,225298,1,"lamu_GLEAN_10001627",0.674932,"scaffold157","GLEAN",[[1,224983,225298,1,0,"scaffold157","GLEAN","CDS"]],"mRNA"]]}],[0,237843,238351,-1,"lamu_GLEAN_10001628",0.999932,"scaffold157","GLEAN",[[1,238300,238351,-1,0,"scaffold157","GLEAN","CDS"],[1,237843,238185,-1,0,"scaffold157","GLEAN","CDS"]],"mRNA"],[0,277264,277642,-1,"lamu_GLEAN_10001629",0.904822,"scaffold157","GLEAN",[[1,277264,277642,-1,0,"scaffold157","GLEAN","CDS"]],"mRNA"]],"urlTemplate":"lf-{Chunk}.json"}}