{"featureCount":11,"formatVersion":1,"histograms":{"meta":[{"arrayParams":{"chunkSize":10000,"length":5,"urlTemplate":"hist-200000-{Chunk}.json"},"basesPerBin":"200000"}],"stats":[{"basesPerBin":"200000","max":6,"mean":2.2}]},"intervals":{"classes":[{"attributes":["Start","End","Strand","Id","Score","Seq_id","Source","Subfeatures","Type"],"isArrayAttr":{"Subfeatures":1}},{"attributes":["Start","End","Strand","Phase","Seq_id","Source","Type"],"isArrayAttr":{}},{"attributes":["Start","End","Chunk"],"isArrayAttr":{"Sublist":1}}],"count":11,"lazyClass":2,"maxEnd":822704,"minStart":71726,"nclist":[[0,71726,72044,-1,"lamu_GLEAN_10004758",0.977294,"scaffold64","GLEAN",[[1,71726,72044,-1,0,"scaffold64","GLEAN","CDS"]],"mRNA"],[0,440524,440833,1,"lamu_GLEAN_10004759",0.918156,"scaffold64","GLEAN",[[1,440524,440833,1,0,"scaffold64","GLEAN","CDS"]],"mRNA"],[0,450192,450723,-1,"lamu_GLEAN_10004760",0.621126,"scaffold64","GLEAN",[[1,450192,450723,-1,0,"scaffold64","GLEAN","CDS"]],"mRNA"],[0,450784,451490,-1,"lamu_GLEAN_10004761",0.632044,"scaffold64","GLEAN",[[1,451364,451490,-1,0,"scaffold64","GLEAN","CDS"],[1,450784,451054,-1,0,"scaffold64","GLEAN","CDS"]],"mRNA"],[0,603673,604281,-1,"lamu_GLEAN_10004762",0.685776,"scaffold64","GLEAN",[[1,604155,604281,-1,0,"scaffold64","GLEAN","CDS"],[1,603673,603850,-1,0,"scaffold64","GLEAN","CDS"]],"mRNA"],[0,689392,689890,-1,"lamu_GLEAN_10004763",0.913516,"scaffold64","GLEAN",[[1,689392,689890,-1,0,"scaffold64","GLEAN","CDS"]],"mRNA"],[0,690503,690818,1,"lamu_GLEAN_10004764",0.921952,"scaffold64","GLEAN",[[1,690503,690818,1,0,"scaffold64","GLEAN","CDS"]],"mRNA"],[0,722226,722559,-1,"lamu_GLEAN_10004765",0.674869,"scaffold64","GLEAN",[[1,722226,722559,-1,0,"scaffold64","GLEAN","CDS"]],"mRNA"],[0,726537,726876,-1,"lamu_GLEAN_10004766",0.921937,"scaffold64","GLEAN",[[1,726537,726876,-1,0,"scaffold64","GLEAN","CDS"]],"mRNA"],[0,775515,775842,1,"lamu_GLEAN_10004767",0.977294,"scaffold64","GLEAN",[[1,775515,775842,1,0,"scaffold64","GLEAN","CDS"]],"mRNA"],[0,822209,822704,1,"lamu_GLEAN_10004768",0.999991,"scaffold64","GLEAN",[[1,822209,822704,1,0,"scaffold64","GLEAN","CDS"]],"mRNA"]],"urlTemplate":"lf-{Chunk}.json"}}