{"featureCount":56,"formatVersion":1,"histograms":{"meta":[{"arrayParams":{"chunkSize":10000,"length":20,"urlTemplate":"hist-100000-{Chunk}.json"},"basesPerBin":"100000"}],"stats":[{"basesPerBin":"100000","max":7,"mean":2.9}]},"intervals":{"classes":[{"attributes":["Start","End","Strand","Id","Score","Seq_id","Source","Subfeatures","Type"],"isArrayAttr":{"Subfeatures":1}},{"attributes":["Start","End","Strand","Phase","Seq_id","Source","Type"],"isArrayAttr":{}},{"attributes":["Start","End","Chunk"],"isArrayAttr":{"Sublist":1}}],"count":56,"lazyClass":2,"maxEnd":1912730,"minStart":72070,"nclist":[[0,72070,82808,-1,"lamu_GLEAN_10008746",0.89713,"scaffold27","GLEAN",[[1,82772,82808,-1,0,"scaffold27","GLEAN","CDS"],[1,82574,82672,-1,0,"scaffold27","GLEAN","CDS"],[1,82039,82136,-1,1,"scaffold27","GLEAN","CDS"],[1,81776,81842,-1,0,"scaffold27","GLEAN","CDS"],[1,80977,81037,-1,0,"scaffold27","GLEAN","CDS"],[1,80780,80855,-1,0,"scaffold27","GLEAN","CDS"],[1,80545,80630,-1,0,"scaffold27","GLEAN","CDS"],[1,79945,80004,-1,2,"scaffold27","GLEAN","CDS"],[1,75030,75075,-1,0,"scaffold27","GLEAN","CDS"],[1,73647,73746,-1,0,"scaffold27","GLEAN","CDS"],[1,73288,73336,-1,0,"scaffold27","GLEAN","CDS"],[1,73069,73117,-1,0,"scaffold27","GLEAN","CDS"],[1,72070,72127,-1,0,"scaffold27","GLEAN","CDS"]],"mRNA"],[0,108648,118101,1,"lamu_GLEAN_10008747",0.71881,"scaffold27","GLEAN",[[1,108648,108704,1,0,"scaffold27","GLEAN","CDS"],[1,108986,109086,1,1,"scaffold27","GLEAN","CDS"],[1,109658,109727,1,0,"scaffold27","GLEAN","CDS"],[1,109818,110059,1,0,"scaffold27","GLEAN","CDS"],[1,110259,110337,1,2,"scaffold27","GLEAN","CDS"],[1,110414,110547,1,2,"scaffold27","GLEAN","CDS"],[1,110900,111063,1,1,"scaffold27","GLEAN","CDS"],[1,111154,111302,1,0,"scaffold27","GLEAN","CDS"],[1,111423,111524,1,2,"scaffold27","GLEAN","CDS"],[1,112281,112437,1,0,"scaffold27","GLEAN","CDS"],[1,113768,113837,1,0,"scaffold27","GLEAN","CDS"],[1,113971,114109,1,0,"scaffold27","GLEAN","CDS"],[1,115294,115423,1,0,"scaffold27","GLEAN","CDS"],[1,115732,115880,1,0,"scaffold27","GLEAN","CDS"],[1,116347,116499,1,2,"scaffold27","GLEAN","CDS"],[1,116846,116972,1,0,"scaffold27","GLEAN","CDS"],[1,117046,117112,1,0,"scaffold27","GLEAN","CDS"],[1,117248,117582,1,0,"scaffold27","GLEAN","CDS"],[1,117677,117877,1,2,"scaffold27","GLEAN","CDS"],[1,117999,118101,1,0,"scaffold27","GLEAN","CDS"]],"mRNA"],[0,151343,152677,1,"lamu_GLEAN_10008748",0.521711,"scaffold27","GLEAN",[[1,151343,151553,1,0,"scaffold27","GLEAN","CDS"],[1,151657,151855,1,0,"scaffold27","GLEAN","CDS"],[1,152021,152171,1,0,"scaffold27","GLEAN","CDS"],[1,152380,152677,1,0,"scaffold27","GLEAN","CDS"]],"mRNA"],[0,175607,176965,-1,"lamu_GLEAN_10008749",0.995622,"scaffold27","GLEAN",[[1,176722,176965,-1,0,"scaffold27","GLEAN","CDS"],[1,176393,176429,-1,0,"scaffold27","GLEAN","CDS"],[1,175607,176246,-1,0,"scaffold27","GLEAN","CDS"]],"mRNA"],[0,211607,212608,1,"lamu_GLEAN_10008750",0.840557,"scaffold27","GLEAN",[[1,211607,211673,1,0,"scaffold27","GLEAN","CDS"],[1,212416,212608,1,0,"scaffold27","GLEAN","CDS"]],"mRNA"],[0,214191,216634,-1,"lamu_GLEAN_10008751",1,"scaffold27","GLEAN",[[1,216491,216634,-1,0,"scaffold27","GLEAN","CDS"],[1,216164,216335,-1,1,"scaffold27","GLEAN","CDS"],[1,214191,214432,-1,1,"scaffold27","GLEAN","CDS"]],"mRNA"],[0,229711,230353,-1,"lamu_GLEAN_10008752",0.99993,"scaffold27","GLEAN",[[1,229711,230353,-1,0,"scaffold27","GLEAN","CDS"]],"mRNA"],[0,249684,250356,1,"lamu_GLEAN_10008753",0.998722,"scaffold27","GLEAN",[[1,249684,250356,1,0,"scaffold27","GLEAN","CDS"]],"mRNA"],[0,270829,276640,-1,"lamu_GLEAN_10008754",0.769074,"scaffold27","GLEAN",[[1,276583,276640,-1,0,"scaffold27","GLEAN","CDS"],[1,275201,275321,-1,0,"scaffold27","GLEAN","CDS"],[1,274853,275090,-1,0,"scaffold27","GLEAN","CDS"],[1,273661,274423,-1,0,"scaffold27","GLEAN","CDS"],[1,273446,273569,-1,0,"scaffold27","GLEAN","CDS"],[1,273245,273350,-1,0,"scaffold27","GLEAN","CDS"],[1,272995,273140,-1,0,"scaffold27","GLEAN","CDS"],[1,272740,272905,-1,2,"scaffold27","GLEAN","CDS"],[1,272388,272627,-1,2,"scaffold27","GLEAN","CDS"],[1,272264,272297,-1,0,"scaffold27","GLEAN","CDS"],[1,272086,272168,-1,0,"scaffold27","GLEAN","CDS"],[1,271854,272015,-1,2,"scaffold27","GLEAN","CDS"],[1,271563,271737,-1,0,"scaffold27","GLEAN","CDS"],[1,271291,271474,-1,0,"scaffold27","GLEAN","CDS"],[1,271011,271193,-1,0,"scaffold27","GLEAN","CDS"],[1,270829,270926,-1,1,"scaffold27","GLEAN","CDS"]],"mRNA"],[0,301181,311250,-1,"lamu_GLEAN_10008755",0.958427,"scaffold27","GLEAN",[[1,311149,311250,-1,0,"scaffold27","GLEAN","CDS"],[1,310825,310901,-1,1,"scaffold27","GLEAN","CDS"],[1,308255,308324,-1,0,"scaffold27","GLEAN","CDS"],[1,307975,308141,-1,0,"scaffold27","GLEAN","CDS"],[1,307787,307881,-1,2,"scaffold27","GLEAN","CDS"],[1,306640,306726,-1,1,"scaffold27","GLEAN","CDS"],[1,305018,305077,-1,2,"scaffold27","GLEAN","CDS"],[1,304790,304925,-1,0,"scaffold27","GLEAN","CDS"],[1,304645,304708,-1,0,"scaffold27","GLEAN","CDS"],[1,303589,303715,-1,0,"scaffold27","GLEAN","CDS"],[1,303163,303446,-1,0,"scaffold27","GLEAN","CDS"],[1,302944,303041,-1,2,"scaffold27","GLEAN","CDS"],[1,302695,302852,-1,1,"scaffold27","GLEAN","CDS"],[1,301732,301876,-1,0,"scaffold27","GLEAN","CDS"],[1,301551,301620,-1,0,"scaffold27","GLEAN","CDS"],[1,301323,301467,-1,0,"scaffold27","GLEAN","CDS"],[1,301181,301238,-1,0,"scaffold27","GLEAN","CDS"]],"mRNA"],[0,320658,327018,-1,"lamu_GLEAN_10008756",0.686032,"scaffold27","GLEAN",[[1,326954,327018,-1,0,"scaffold27","GLEAN","CDS"],[1,326062,326337,-1,2,"scaffold27","GLEAN","CDS"],[1,325785,325869,-1,0,"scaffold27","GLEAN","CDS"],[1,325605,325680,-1,0,"scaffold27","GLEAN","CDS"],[1,325054,325138,-1,0,"scaffold27","GLEAN","CDS"],[1,324317,324407,-1,0,"scaffold27","GLEAN","CDS"],[1,323429,323531,-1,0,"scaffold27","GLEAN","CDS"],[1,322451,322595,-1,0,"scaffold27","GLEAN","CDS"],[1,322279,322351,-1,0,"scaffold27","GLEAN","CDS"],[1,322083,322179,-1,0,"scaffold27","GLEAN","CDS"],[1,321396,321501,-1,0,"scaffold27","GLEAN","CDS"],[1,320658,320700,-1,0,"scaffold27","GLEAN","CDS"]],"mRNA"],[0,332736,333570,-1,"lamu_GLEAN_10008757",0.999602,"scaffold27","GLEAN",[[1,332736,333570,-1,0,"scaffold27","GLEAN","CDS"]],"mRNA"],[0,363143,365798,1,"lamu_GLEAN_10008758",0.996918,"scaffold27","GLEAN",[[1,363143,365798,1,0,"scaffold27","GLEAN","CDS"]],"mRNA"],[0,368983,370043,1,"lamu_GLEAN_10008759",1,"scaffold27","GLEAN",[[1,368983,369207,1,0,"scaffold27","GLEAN","CDS"],[1,369883,370043,1,1,"scaffold27","GLEAN","CDS"]],"mRNA"],[0,382112,382571,1,"lamu_GLEAN_10008760",0.999981,"scaffold27","GLEAN",[[1,382112,382571,1,0,"scaffold27","GLEAN","CDS"]],"mRNA"],[0,389591,390751,1,"lamu_GLEAN_10008761",0.995431,"scaffold27","GLEAN",[[1,389591,389838,1,0,"scaffold27","GLEAN","CDS"],[1,390452,390550,1,2,"scaffold27","GLEAN","CDS"],[1,390712,390751,1,0,"scaffold27","GLEAN","CDS"]],"mRNA"],[0,423091,425482,1,"lamu_GLEAN_10008762",0.998792,"scaffold27","GLEAN",[[1,423091,425482,1,0,"scaffold27","GLEAN","CDS"]],"mRNA"],[0,427134,427635,-1,"lamu_GLEAN_10008763",0.960502,"scaffold27","GLEAN",[[1,427505,427635,-1,0,"scaffold27","GLEAN","CDS"],[1,427356,427430,-1,2,"scaffold27","GLEAN","CDS"],[1,427134,427227,-1,0,"scaffold27","GLEAN","CDS"]],"mRNA"],[0,430737,440289,-1,"lamu_GLEAN_10008764",0.57694,"scaffold27","GLEAN",[[1,440112,440289,-1,0,"scaffold27","GLEAN","CDS"],[1,439653,439704,-1,0,"scaffold27","GLEAN","CDS"],[1,438624,438755,-1,0,"scaffold27","GLEAN","CDS"],[1,438398,438515,-1,1,"scaffold27","GLEAN","CDS"],[1,438147,438270,-1,1,"scaffold27","GLEAN","CDS"],[1,437433,437504,-1,1,"scaffold27","GLEAN","CDS"],[1,436589,436810,-1,2,"scaffold27","GLEAN","CDS"],[1,435860,435914,-1,0,"scaffold27","GLEAN","CDS"],[1,432566,432620,-1,0,"scaffold27","GLEAN","CDS"],[1,431477,431587,-1,0,"scaffold27","GLEAN","CDS"],[1,431066,431180,-1,1,"scaffold27","GLEAN","CDS"],[1,430844,430970,-1,1,"scaffold27","GLEAN","CDS"],[1,430737,430765,-1,1,"scaffold27","GLEAN","CDS"]],