{"featureCount":39,"formatVersion":1,"histograms":{"meta":[{"arrayParams":{"chunkSize":10000,"length":11,"urlTemplate":"hist-50000-{Chunk}.json"},"basesPerBin":"50000"}],"stats":[{"basesPerBin":"50000","max":8,"mean":3.90909090909091}]},"intervals":{"classes":[{"attributes":["Start","End","Strand","Id","Score","Seq_id","Source","Subfeatures","Type"],"isArrayAttr":{"Subfeatures":1}},{"attributes":["Start","End","Strand","Phase","Seq_id","Source","Type"],"isArrayAttr":{}},{"attributes":["Start","End","Chunk"],"isArrayAttr":{"Sublist":1}}],"count":39,"lazyClass":2,"maxEnd":545746,"minStart":10716,"nclist":[[0,10716,11907,-1,"lamu_GLEAN_10002887",0.971642,"scaffold103","GLEAN",[[1,11798,11907,-1,0,"scaffold103","GLEAN","CDS"],[1,10716,10964,-1,2,"scaffold103","GLEAN","CDS"]],"mRNA"],[0,12976,14248,-1,"lamu_GLEAN_10002888",1,"scaffold103","GLEAN",[[1,12976,14248,-1,0,"scaffold103","GLEAN","CDS"]],"mRNA"],[0,24451,26940,1,"lamu_GLEAN_10002889",0.672839,"scaffold103","GLEAN",[[1,24451,24539,1,0,"scaffold103","GLEAN","CDS"],[1,25814,25928,1,2,"scaffold103","GLEAN","CDS"],[1,26140,26193,1,2,"scaffold103","GLEAN","CDS"],[1,26838,26940,1,0,"scaffold103","GLEAN","CDS"]],"mRNA"],[0,34653,36294,1,"lamu_GLEAN_10002890",0.780251,"scaffold103","GLEAN",[[1,34653,34776,1,0,"scaffold103","GLEAN","CDS"],[1,35187,36294,1,0,"scaffold103","GLEAN","CDS"]],"mRNA"],[0,46378,49200,-1,"lamu_GLEAN_10002891",1,"scaffold103","GLEAN",[[1,49087,49200,-1,0,"scaffold103","GLEAN","CDS"],[1,48643,48713,-1,1,"scaffold103","GLEAN","CDS"],[1,47253,48546,-1,0,"scaffold103","GLEAN","CDS"],[1,46378,46927,-1,0,"scaffold103","GLEAN","CDS"]],"mRNA"],[0,57505,60749,-1,"lamu_GLEAN_10002892",0.737281,"scaffold103","GLEAN",[[1,60708,60749,-1,0,"scaffold103","GLEAN","CDS"],[1,60180,60475,-1,1,"scaffold103","GLEAN","CDS"],[1,57505,58405,-1,0,"scaffold103","GLEAN","CDS"]],"mRNA"],[0,62510,63702,-1,"lamu_GLEAN_10002893",0.999775,"scaffold103","GLEAN",[[1,62958,63702,-1,0,"scaffold103","GLEAN","CDS"],[1,62510,62840,-1,0,"scaffold103","GLEAN","CDS"]],"mRNA"],[0,70841,73176,-1,"lamu_GLEAN_10002894",0.998252,"scaffold103","GLEAN",[[1,72894,73176,-1,0,"scaffold103","GLEAN","CDS"],[1,72583,72819,-1,0,"scaffold103","GLEAN","CDS"],[1,70841,71118,-1,1,"scaffold103","GLEAN","CDS"]],"mRNA"],[0,83197,84331,-1,"lamu_GLEAN_10002895",0.730744,"scaffold103","GLEAN",[[1,83197,84331,-1,0,"scaffold103","GLEAN","CDS"]],"mRNA"],[0,85599,86981,1,"lamu_GLEAN_10002896",0.486125,"scaffold103","GLEAN",[[1,85599,85799,1,0,"scaffold103","GLEAN","CDS"],[1,85903,86002,1,1,"scaffold103","GLEAN","CDS"],[1,86122,86205,1,1,"scaffold103","GLEAN","CDS"],[1,86363,86566,1,2,"scaffold103","GLEAN","CDS"],[1,86906,86981,1,0,"scaffold103","GLEAN","CDS"]],"mRNA"],[0,92395,92854,-1,"lamu_GLEAN_10002897",1,"scaffold103","GLEAN",[[1,92395,92854,-1,0,"scaffold103","GLEAN","CDS"]],"mRNA"],[0,94530,94893,-1,"lamu_GLEAN_10002898",0.999991,"scaffold103","GLEAN",[[1,94530,94893,-1,0,"scaffold103","GLEAN","CDS"]],"mRNA"],[0,98450,103862,-1,"lamu_GLEAN_10002899",0.997786,"scaffold103","GLEAN",[[1,103809,103862,-1,0,"scaffold103","GLEAN","CDS"],[1,102365,102750,-1,1,"scaffold103","GLEAN","CDS"],[1,102040,102262,-1,0,"scaffold103","GLEAN","CDS"],[1,101382,101705,-1,0,"scaffold103","GLEAN","CDS"],[1,100153,100283,-1,1,"scaffold103","GLEAN","CDS"],[1,99181,99478,-1,0,"scaffold103","GLEAN","CDS"],[1,98450,98717,-1,0,"scaffold103","GLEAN","CDS"]],"mRNA"],[0,107082,107985,1,"lamu_GLEAN_10002900",0.98991,"scaffold103","GLEAN",[[1,107082,107985,1,0,"scaffold103","GLEAN","CDS"]],"mRNA"],[0,111384,114646,1,"lamu_GLEAN_10002901",0.535964,"scaffold103","GLEAN",[[1,111384,111477,1,0,"scaffold103","GLEAN","CDS"],[1,111698,112012,1,0,"scaffold103","GLEAN","CDS"],[1,113595,114044,1,1,"scaffold103","GLEAN","CDS"],[1,114605,114646,1,2,"scaffold103","GLEAN","CDS"]],"mRNA"],[0,138864,167966,-1,"lamu_GLEAN_10002902",0.714966,"scaffold103","GLEAN",[[1,167832,167966,-1,0,"scaffold103","GLEAN","CDS"],[1,167643,167746,-1,1,"scaffold103","GLEAN","CDS"],[1,167161,167270,-1,0,"scaffold103","GLEAN","CDS"],[1,166912,167051,-1,2,"scaffold103","GLEAN","CDS"],[1,164791,164858,-1,1,"scaffold103","GLEAN","CDS"],[1,164169,164344,-1,0,"scaffold103","GLEAN","CDS"],[1,158580,158680,-1,2,"scaffold103","GLEAN","CDS"],[1,154750,154848,-1,1,"scaffold103","GLEAN","CDS"],[1,149294,149360,-1,2,"scaffold103","GLEAN","CDS"],[1,149022,149115,-1,2,"scaffold103","GLEAN","CDS"],[1,148009,148126,-1,2,"scaffold103","GLEAN","CDS"],[1,145362,145435,-1,2,"scaffold103","GLEAN","CDS"],[1,144687,144754,-1,1,"scaffold103","GLEAN","CDS"],[1,142248,142330,-1,0,"scaffold103","GLEAN","CDS"],[1,141854,141976,-1,2,"scaffold103","GLEAN","CDS"],[1,141704,141772,-1,0,"scaffold103","GLEAN","CDS"],[1,140178,140288,-1,1,"scaffold103","GLEAN","CDS"],[1,140047,140095,-1,2,"scaffold103","GLEAN","CDS"],[1,139811,139964,-1,2,"scaffold103","GLEAN","CDS"],[1,138864,138944,-1,2,"scaffold103","GLEAN","CDS"]],"mRNA"],[0,183707,185982,1,"lamu_GLEAN_10002903",0.617694,"scaffold103","GLEAN",[[1,183707,183802,1,0,"scaffold103","GLEAN","CDS"],[1,183999,184102,1,1,"scaffold103","GLEAN","CDS"],[1,184772,184874,1,0,"scaffold103","GLEAN","CDS"],[1,185529,185638,1,0,"scaffold103","GLEAN","CDS"],[1,185911,185982,1,2,"scaffold103","GLEAN","CDS"]],"mRNA"],[0,187589,208718,-1,"lamu_GLEAN_10002904",0.0520881,"scaffold103","GLEAN",[[1,208550,208718,-1,0,"scaffold103","GLEAN","CDS"],[1,207398,207448,-1,0,"scaffold103","GLEAN","CDS"],[1,203021,203235,-1,1,"scaffold103","GLEAN","CDS"],[1,202199,202250,-1,0,"scaffold103","GLEAN","CDS"],[1,200029,200116,-1,0,"scaffold103","GLEAN","CDS"],[1,199798,199938,-1,0,"scaffold103","GLEAN","CDS"],[1,194196,194261,-1,1,"scaffold103","GLEAN","CDS"],[1,192756,192932,-1,2,"scaffold103","GLEAN","CDS"],[1,189659,189790,-1,0,"scaffold103","GLEAN","CDS"],[1,189473,189561,-1,1,"scaffold103","GLEAN","CDS"],[1,188606,188678,-1,0,"scaffold103","GLEAN","CDS"],[1,188464,188537,-1,0,"scaffold103","GLEAN","CDS"],[1,188206,188310,-1,2,"scaffold103","GLEAN","CDS"],[1,187589,188054,-1,0,"scaffold103","GLEAN","CDS"]],"mRNA"],[0,216321,220146,-1,"lamu_GLEAN_10002905",1,"scaffold103","GLEAN",[[1,216321,220146,-1,0,"scaffold103","GLEAN","CDS"]],"mRNA"],[0,226325,232603,1,"lamu_GLEAN_10002906",0.688697,"scaffold103","GLEAN",[[1,226325,226343,1,0,"scaffold103","GLEAN","CDS"],[1,227773,227934,1,0,"scaffold103","GLEAN","CDS"],[1,228714,228979,1,1,"scaffold103","GLEAN","CDS"],[1,229641,229745,1,0,"scaffold103","GLEAN","CDS"],[1,230577,230649,1,1,"scaffold103","GLEAN","CDS"],[1,230742,230881,1,1,"scaffold103","GLEAN","CDS"],[1,231441,231548,1,0,"scaffold103","GLEAN","CDS"],[1,231634,231734,1,1,"scaffold103","GLEAN","CDS"],[1,231862,231901,1,0,"scaffold103","GLEAN","CDS"],[1,231985,232096,1,0,"scaffold103","GLEAN","CDS"],[1,232213,232279,1,0,"scaffold103","GLEAN","CDS"],[1,232474,232603,1,0,"scaffold103","GLEAN","CDS"]],"mRNA"],[0,278856,282289,1,"lamu_GLEAN_10002907",0.650839,"scaffold103","GLEAN",[[1,278856,279163,1,0,"scaffold103","GLEAN","CDS"],[1,279592,279672,1,2,"scaffold103","GLEAN","CDS"],[1,279875,280260,1,0,"scaffold103","GLEAN","CDS"],[1,280340,280348,1,2,"scaffold103","GLEAN","CDS"],[1,280436,280523,1,0,"scaffold103","GLEAN","CDS"],[1,281157,281301,1,0,"scaffold103","GLEAN","CDS"],[1,281421,281508,1,0,"scaffold103","GLEAN","CDS"],[1,281602,282289,1,0,"scaffold103","GLEAN","CDS"]],"mRNA"],[0,331683,335255,1,"lamu_GLEAN_10002908",0.998983,"scaffold103","GLEAN",[[1,331683,331990,1,0,"scaffold103","GLEAN","CDS"],[1,332423,332503,1,2,"scaffold103","GLEAN","CDS"],[1,332705,333176,1,0,"scaffold103","GLEAN","CDS"],[1,333264,333351,1,0,"scaffold103","GLEAN","CDS"],[1,333517,333643,1,0,"scaffold103","GLEAN","CDS"],[1,333760,333955,1,0,"scaffold103","GLEAN","CDS"],[1,334075,334162,1,0,"scaffold103","GLEAN","CDS"],[1,334256,335255,1,0,"scaffold103","GLEAN","CDS"]],