{"featureCount":7,"formatVersion":1,"histograms":{"meta":[{"arrayParams":{"chunkSize":10000,"length":2,"urlTemplate":"hist-100000-{Chunk}.json"},"basesPerBin":"100000"}],"stats":[{"basesPerBin":"100000","max":5,"mean":3.5}]},"intervals":{"classes":[{"attributes":["Start","End","Strand","Id","Score","Seq_id","Source","Subfeatures","Type"],"isArrayAttr":{"Subfeatures":1}},{"attributes":["Start","End","Strand","Phase","Seq_id","Source","Type"],"isArrayAttr":{}},{"attributes":["Start","End","Chunk"],"isArrayAttr":{"Sublist":1}}],"count":7,"lazyClass":2,"maxEnd":151847,"minStart":28275,"nclist":[[0,28275,28974,-1,"lamu_GLEAN_10000967",0.99371,"scaffold281","GLEAN",[[1,28946,28974,-1,0,"scaffold281","GLEAN","CDS"],[1,28275,28730,-1,2,"scaffold281","GLEAN","CDS"]],"mRNA"],[0,73110,74837,1,"lamu_GLEAN_10000968",0.501338,"scaffold281","GLEAN",[[1,73110,73341,1,0,"scaffold281","GLEAN","CDS"],[1,73638,73878,1,0,"scaffold281","GLEAN","CDS"],[1,73961,74837,1,0,"scaffold281","GLEAN","CDS"]],"mRNA"],[0,77672,82070,1,"lamu_GLEAN_10000969",0.941299,"scaffold281","GLEAN",[[1,77672,77928,1,0,"scaffold281","GLEAN","CDS"],[1,79080,79390,1,2,"scaffold281","GLEAN","CDS"],[1,79914,80174,1,1,"scaffold281","GLEAN","CDS"],[1,80264,80561,1,2,"scaffold281","GLEAN","CDS"],[1,80652,80939,1,2,"scaffold281","GLEAN","CDS"],[1,81031,81097,1,0,"scaffold281","GLEAN","CDS"],[1,81793,81862,1,0,"scaffold281","GLEAN","CDS"],[1,81953,82070,1,0,"scaffold281","GLEAN","CDS"]],"mRNA"],[0,82663,84157,-1,"lamu_GLEAN_10000970",1,"scaffold281","GLEAN",[[1,83907,84157,-1,0,"scaffold281","GLEAN","CDS"],[1,83695,83826,-1,2,"scaffold281","GLEAN","CDS"],[1,83336,83570,-1,0,"scaffold281","GLEAN","CDS"],[1,82964,83220,-1,0,"scaffold281","GLEAN","CDS"],[1,82663,82857,-1,2,"scaffold281","GLEAN","CDS"]],"mRNA"],[0,86300,90758,-1,"lamu_GLEAN_10000971",0.722643,"scaffold281","GLEAN",[[1,90646,90758,-1,0,"scaffold281","GLEAN","CDS"],[1,89810,90342,-1,2,"scaffold281","GLEAN","CDS"],[1,89154,89639,-1,1,"scaffold281","GLEAN","CDS"],[1,88568,88701,-1,2,"scaffold281","GLEAN","CDS"],[1,88392,88464,-1,1,"scaffold281","GLEAN","CDS"],[1,88184,88256,-1,1,"scaffold281","GLEAN","CDS"],[1,88027,88105,-1,1,"scaffold281","GLEAN","CDS"],[1,87777,87932,-1,1,"scaffold281","GLEAN","CDS"],[1,87389,87607,-1,2,"scaffold281","GLEAN","CDS"],[1,87169,87296,-1,0,"scaffold281","GLEAN","CDS"],[1,86977,87040,-1,2,"scaffold281","GLEAN","CDS"],[1,86690,86880,-1,2,"scaffold281","GLEAN","CDS"],[1,86300,86538,-1,1,"scaffold281","GLEAN","CDS"]],"mRNA"],[0,110268,115013,-1,"lamu_GLEAN_10000972",0.421395,"scaffold281","GLEAN",[[1,114865,115013,-1,0,"scaffold281","GLEAN","CDS"],[1,114002,114528,-1,2,"scaffold281","GLEAN","CDS"],[1,113175,113660,-1,1,"scaffold281","GLEAN","CDS"],[1,111252,111315,-1,2,"scaffold281","GLEAN","CDS"],[1,110967,111157,-1,2,"scaffold281","GLEAN","CDS"],[1,110646,110776,-1,1,"scaffold281","GLEAN","CDS"],[1,110268,110391,-1,0,"scaffold281","GLEAN","CDS"]],"mRNA"],[0,140228,151847,-1,"lamu_GLEAN_10000973",0.517782,"scaffold281","GLEAN",[[1,151665,151847,-1,0,"scaffold281","GLEAN","CDS"],[1,150770,151258,-1,1,"scaffold281","GLEAN","CDS"],[1,141510,141728,-1,2,"scaffold281","GLEAN","CDS"],[1,141290,141417,-1,0,"scaffold281","GLEAN","CDS"],[1,141115,141178,-1,2,"scaffold281","GLEAN","CDS"],[1,140824,141014,-1,2,"scaffold281","GLEAN","CDS"],[1,140228,140631,-1,1,"scaffold281","GLEAN","CDS"]],"mRNA"]],"urlTemplate":"lf-{Chunk}.json"}}