{"featureCount":7,"formatVersion":1,"histograms":{"meta":[{"arrayParams":{"chunkSize":10000,"length":3,"urlTemplate":"hist-100000-{Chunk}.json"},"basesPerBin":"100000"}],"stats":[{"basesPerBin":"100000","max":4,"mean":2.33333333333333}]},"intervals":{"classes":[{"attributes":["Start","End","Strand","Id","Score","Seq_id","Source","Subfeatures","Type"],"isArrayAttr":{"Subfeatures":1}},{"attributes":["Start","End","Strand","Phase","Seq_id","Source","Type"],"isArrayAttr":{}},{"attributes":["Start","End","Chunk"],"isArrayAttr":{"Sublist":1}}],"count":7,"lazyClass":2,"maxEnd":255065,"minStart":23306,"nclist":[[0,23306,23684,1,"lamu_GLEAN_10001365",0.674595,"scaffold178","GLEAN",[[1,23306,23684,1,0,"scaffold178","GLEAN","CDS"]],"mRNA"],[0,50339,50687,-1,"lamu_GLEAN_10001366",0.998906,"scaffold178","GLEAN",[[1,50505,50687,-1,0,"scaffold178","GLEAN","CDS"],[1,50339,50406,-1,1,"scaffold178","GLEAN","CDS"]],"mRNA"],[0,162029,162590,-1,"lamu_GLEAN_10001367",0.97682,"scaffold178","GLEAN",[[1,162029,162590,-1,0,"scaffold178","GLEAN","CDS"]],"mRNA"],[0,225142,235657,1,"lamu_GLEAN_10001368",0.995506,"scaffold178","GLEAN",[[1,225142,225357,1,0,"scaffold178","GLEAN","CDS"],[1,225477,225597,1,1,"scaffold178","GLEAN","CDS"],[1,227532,227718,1,1,"scaffold178","GLEAN","CDS"],[1,227972,228024,1,1,"scaffold178","GLEAN","CDS"],[1,228133,228199,1,0,"scaffold178","GLEAN","CDS"],[1,230261,230348,1,0,"scaffold178","GLEAN","CDS"],[1,231599,231692,1,0,"scaffold178","GLEAN","CDS"],[1,233070,233151,1,0,"scaffold178","GLEAN","CDS"],[1,234859,234931,1,0,"scaffold178","GLEAN","CDS"],[1,235178,235247,1,0,"scaffold178","GLEAN","CDS"],[1,235362,235473,1,0,"scaffold178","GLEAN","CDS"],[1,235606,235657,1,0,"scaffold178","GLEAN","CDS"]],"mRNA"],[0,246863,248156,-1,"lamu_GLEAN_10001369",0.999088,"scaffold178","GLEAN",[[1,247850,248156,-1,0,"scaffold178","GLEAN","CDS"],[1,247460,247579,-1,0,"scaffold178","GLEAN","CDS"],[1,246863,247362,-1,1,"scaffold178","GLEAN","CDS"]],"mRNA"],[0,249549,250980,-1,"lamu_GLEAN_10001370",0.471893,"scaffold178","GLEAN",[[1,250665,250980,-1,0,"scaffold178","GLEAN","CDS"],[1,250195,250290,-1,0,"scaffold178","GLEAN","CDS"],[1,249549,249991,-1,1,"scaffold178","GLEAN","CDS"]],"mRNA"],[0,254552,255065,-1,"lamu_GLEAN_10001371",0.999889,"scaffold178","GLEAN",[[1,254552,255065,-1,0,"scaffold178","GLEAN","CDS"]],"mRNA"]],"urlTemplate":"lf-{Chunk}.json"}}