{"featureCount":42,"formatVersion":1,"histograms":{"meta":[{"arrayParams":{"chunkSize":10000,"length":11,"urlTemplate":"hist-100000-{Chunk}.json"},"basesPerBin":"100000"}],"stats":[{"basesPerBin":"100000","max":7,"mean":3.90909090909091}]},"intervals":{"classes":[{"attributes":["Start","End","Strand","Id","Score","Seq_id","Source","Subfeatures","Type"],"isArrayAttr":{"Subfeatures":1}},{"attributes":["Start","End","Strand","Phase","Seq_id","Source","Type"],"isArrayAttr":{}},{"attributes":["Start","End","Chunk"],"isArrayAttr":{"Sublist":1}}],"count":42,"lazyClass":2,"maxEnd":1040257,"minStart":123811,"nclist":[[0,123811,127003,-1,"lamu_GLEAN_10005552",0.347934,"scaffold77","GLEAN",[[1,126980,127003,-1,0,"scaffold77","GLEAN","CDS"],[1,125588,125730,-1,1,"scaffold77","GLEAN","CDS"],[1,125280,125481,-1,0,"scaffold77","GLEAN","CDS"],[1,124978,125110,-1,0,"scaffold77","GLEAN","CDS"],[1,123811,123907,-1,0,"scaffold77","GLEAN","CDS"]],"mRNA"],[0,184645,184981,-1,"lamu_GLEAN_10005553",0.999868,"scaffold77","GLEAN",[[1,184645,184981,-1,0,"scaffold77","GLEAN","CDS"]],"mRNA"],[0,263197,263779,1,"lamu_GLEAN_10005554",0.999952,"scaffold77","GLEAN",[[1,263197,263400,1,0,"scaffold77","GLEAN","CDS"],[1,263664,263779,1,1,"scaffold77","GLEAN","CDS"]],"mRNA"],[0,308115,308813,-1,"lamu_GLEAN_10005555",1,"scaffold77","GLEAN",[[1,308609,308813,-1,0,"scaffold77","GLEAN","CDS"],[1,308115,308226,-1,0,"scaffold77","GLEAN","CDS"]],"mRNA"],[0,331667,338252,1,"lamu_GLEAN_10005556",0.723403,"scaffold77","GLEAN",[[1,331667,331686,1,0,"scaffold77","GLEAN","CDS"],[1,331794,331893,1,2,"scaffold77","GLEAN","CDS"],[1,332558,333657,1,2,"scaffold77","GLEAN","CDS"],[1,335160,335294,1,1,"scaffold77","GLEAN","CDS"],[1,336714,338252,1,2,"scaffold77","GLEAN","CDS"]],"mRNA"],[0,408294,417344,-1,"lamu_GLEAN_10005557",0.659322,"scaffold77","GLEAN",[[1,417326,417344,-1,0,"scaffold77","GLEAN","CDS"],[1,414942,415050,-1,0,"scaffold77","GLEAN","CDS"],[1,413588,413664,-1,0,"scaffold77","GLEAN","CDS"],[1,412034,412081,-1,2,"scaffold77","GLEAN","CDS"],[1,409955,410039,-1,0,"scaffold77","GLEAN","CDS"],[1,408294,408483,-1,0,"scaffold77","GLEAN","CDS"]],"mRNA"],[0,425322,426780,-1,"lamu_GLEAN_10005558",0.878104,"scaffold77","GLEAN",[[1,426208,426780,-1,0,"scaffold77","GLEAN","CDS"],[1,425939,426064,-1,1,"scaffold77","GLEAN","CDS"],[1,425709,425804,-1,2,"scaffold77","GLEAN","CDS"],[1,425322,425601,-1,0,"scaffold77","GLEAN","CDS"]],"mRNA"],[0,435303,437250,-1,"lamu_GLEAN_10005559",0.997706,"scaffold77","GLEAN",[[1,435303,437250,-1,0,"scaffold77","GLEAN","CDS"]],"mRNA"],[0,452182,461004,-1,"lamu_GLEAN_10005560",0.669918,"scaffold77","GLEAN",[[1,460855,461004,-1,0,"scaffold77","GLEAN","CDS"],[1,460281,460450,-1,1,"scaffold77","GLEAN","CDS"],[1,460058,460191,-1,0,"scaffold77","GLEAN","CDS"],[1,459734,459896,-1,2,"scaffold77","GLEAN","CDS"],[1,457570,457649,-1,2,"scaffold77","GLEAN","CDS"],[1,456815,456879,-1,1,"scaffold77","GLEAN","CDS"],[1,456602,456734,-1,0,"scaffold77","GLEAN","CDS"],[1,454825,454931,-1,0,"scaffold77","GLEAN","CDS"],[1,454689,454748,-1,2,"scaffold77","GLEAN","CDS"],[1,454188,454295,-1,0,"scaffold77","GLEAN","CDS"],[1,453977,454108,-1,1,"scaffold77","GLEAN","CDS"],[1,453618,453701,-1,2,"scaffold77","GLEAN","CDS"],[1,453438,453528,-1,0,"scaffold77","GLEAN","CDS"],[1,452182,452353,-1,0,"scaffold77","GLEAN","CDS"]],"mRNA"],[0,474740,479568,1,"lamu_GLEAN_10005561",0.467551,"scaffold77","GLEAN",[[1,474740,474792,1,0,"scaffold77","GLEAN","CDS"],[1,475134,475477,1,2,"scaffold77","GLEAN","CDS"],[1,476349,476513,1,1,"scaffold77","GLEAN","CDS"],[1,477045,478613,1,2,"scaffold77","GLEAN","CDS"],[1,479337,479568,1,0,"scaffold77","GLEAN","CDS"]],"mRNA"],[0,486376,491030,1,"lamu_GLEAN_10005562",0.557174,"scaffold77","GLEAN",[[1,486376,486813,1,0,"scaffold77","GLEAN","CDS"],[1,487013,487149,1,1,"scaffold77","GLEAN","CDS"],[1,487454,487576,1,0,"scaffold77","GLEAN","CDS"],[1,489614,489684,1,1,"scaffold77","GLEAN","CDS"],[1,489772,489922,1,0,"scaffold77","GLEAN","CDS"],[1,490507,490643,1,0,"scaffold77","GLEAN","CDS"],[1,490749,490846,1,2,"scaffold77","GLEAN","CDS"],[1,490954,491030,1,1,"scaffold77","GLEAN","CDS"]],"mRNA"],[0,493867,496509,-1,"lamu_GLEAN_10005563",0.839466,"scaffold77","GLEAN",[[1,496375,496509,-1,0,"scaffold77","GLEAN","CDS"],[1,496230,496270,-1,1,"scaffold77","GLEAN","CDS"],[1,496021,496125,-1,0,"scaffold77","GLEAN","CDS"],[1,495821,495870,-1,1,"scaffold77","GLEAN","CDS"],[1,495618,495725,-1,0,"scaffold77","GLEAN","CDS"],[1,495091,495179,-1,1,"scaffold77","GLEAN","CDS"],[1,494881,495010,-1,0,"scaffold77","GLEAN","CDS"],[1,494698,494773,-1,0,"scaffold77","GLEAN","CDS"],[1,494573,494627,-1,0,"scaffold77","GLEAN","CDS"],[1,494430,494468,-1,0,"scaffold77","GLEAN","CDS"],[1,494190,494350,-1,1,"scaffold77","GLEAN","CDS"],[1,494049,494110,-1,0,"scaffold77","GLEAN","CDS"],[1,493867,493959,-1,2,"scaffold77","GLEAN","CDS"]],"mRNA"],[0,529301,531925,-1,"lamu_GLEAN_10005564",0.53195,"scaffold77","GLEAN",[[1,531555,531925,-1,0,"scaffold77","GLEAN","CDS"],[1,531217,531441,-1,2,"scaffold77","GLEAN","CDS"],[1,530555,530714,-1,0,"scaffold77","GLEAN","CDS"],[1,529301,529409,-1,0,"scaffold77","GLEAN","CDS"]],"mRNA"],[0,533362,533758,1,"lamu_GLEAN_10005565",0.901962,"scaffold77","GLEAN",[[1,533362,533758,1,0,"scaffold77","GLEAN","CDS"]],"mRNA"],[0,544907,557130,1,"lamu_GLEAN_10005566",0.454775,"scaffold77","GLEAN",[[1,544907,545214,1,0,"scaffold77","GLEAN","CDS"],[1,545771,545822,1,2,"scaffold77","GLEAN","CDS"],[1,547314,547472,1,2,"scaffold77","GLEAN","CDS"],[1,549203,549279,1,0,"scaffold77","GLEAN","CDS"],[1,550478,550546,1,2,"scaffold77","GLEAN","CDS"],[1,550708,550964,1,0,"scaffold77","GLEAN","CDS"],[1,551071,551206,1,2,"scaffold77","GLEAN","CDS"],[1,551325,551432,1,2,"scaffold77","GLEAN","CDS"],[1,551531,551585,1,0,"scaffold77","GLEAN","CDS"],[1,551695,551779,1,0,"scaffold77","GLEAN","CDS"],[1,555507,555671,1,0,"scaffold77","GLEAN","CDS"],[1,556982,557130,1,1,"scaffold77","GLEAN","CDS"]],"mRNA"],[0,561604,567954,1,"lamu_GLEAN_10005567",0.520161,"scaffold77","GLEAN",[[1,561604,561637,1,0,"scaffold77","GLEAN","CDS"],[1,561765,561814,1,0,"scaffold77","GLEAN","CDS"],[1,562367,562540,1,2,"scaffold77","GLEAN","CDS"],[1,562620,562746,1,0,"scaffold77","GLEAN","CDS"],[1,562831,562957,1,0,"scaffold77","GLEAN","CDS"],[1,563533,563641,1,0,"scaffold77","GLEAN","CDS"],[1,563727,563850,1,0,"scaffold77","GLEAN","CDS"],[1,563961,564081,1,0,"scaffold77","GLEAN","CDS"],[1,564181,564310,1,0,"scaffold77","GLEAN","CDS"],[1,564401,564506,1,0,"scaffold77","GLEAN","CDS"],[1,565081,565144,1,0,"scaffold77","GLEAN","CDS"],[1,565228,565363,1,0,"scaffold77","GLEAN","CDS"],[1,565882,565969,1,0,"scaffold77","GLEAN","CDS"],[1,566090,566153,1,0,"scaffold77","GLEAN","CDS"],[1,566240,566332,1,0,"scaffold77","GLEAN","CDS"],[1,566411,566529,1,1,"scaffold77","GLEAN","CDS"],[1,566748,566837,1,0,"scaffold77","GLEAN","CDS"],[1,566921,567012,1,1,"scaffold77","GLEAN","CDS"],[1,567113,567205,1,0,"scaffold77","GLEAN","CDS"],[1,567427,567537,1,1,"scaffold77","GLEAN","CDS"],[1,567922,567954,1,2,"scaffold77","GLEAN","CDS"]],"mRNA"],[0,570353,573760,-1,"lamu_GLEAN_10005568",0.998426,"scaffold77","GLEAN",[[1,573434,573760,-1,0,"scaffold77","GLEAN","CDS"],[1,571035,571123,-1,1,"scaffold77","GLEAN","CDS"],[1,570688,570788,-1,0,"scaffold77","GLEAN","CDS"],[1,570353,570481,-1,2,"scaffold77","GLEAN","CDS"]],"mRNA"],[0,586528,589251,-1,"lamu_GLEAN_10005569",0.519341,"scaffold77","GLEAN",[[1,589041,589251,-1,0,"scaffold77","GLEAN","CDS"],[1,588718,588931,-1,0,"scaffold77","GLEAN","CDS"],[1,588411,588567,-1,0,"scaffold77","GLEAN","CDS"],[1,588223,588310,-1,0,"scaffold77","GLEAN","CDS"],[1,587843,588132,-1,0,"scaffold77","GLEAN","CDS"],[1,587597,587761,-1,2,"scaffold77","GLEAN","CDS"],[1,587174,587508,-1,0,"scaffold77","GLEAN","CDS"],[1,587037,587082,-1,2,"scaffold77","GLEAN","CDS"],[1,586906,586954,-1,2,"scaffold77","GLEAN","CDS"],[1,586528,586818,-1,2,"scaffold77","GLEAN","CDS"]],