{"featureCount":49,"formatVersion":1,"histograms":{"meta":[{"arrayParams":{"chunkSize":10000,"length":10,"urlTemplate":"hist-50000-{Chunk}.json"},"basesPerBin":"50000"}],"stats":[{"basesPerBin":"50000","max":8,"mean":5.3}]},"intervals":{"classes":[{"attributes":["Start","End","Strand","Id","Score","Seq_id","Source","Subfeatures","Type"],"isArrayAttr":{"Subfeatures":1}},{"attributes":["Start","End","Strand","Phase","Seq_id","Source","Type"],"isArrayAttr":{}},{"attributes":["Start","End","Chunk"],"isArrayAttr":{"Sublist":1}}],"count":49,"lazyClass":2,"maxEnd":481817,"minStart":15,"nclist":[[0,15,1161,1,"lamu_GLEAN_10002657",1,"scaffold113","GLEAN",[[1,15,1161,1,0,"scaffold113","GLEAN","CDS"]],"mRNA"],[0,5184,6442,1,"lamu_GLEAN_10002658",0.727431,"scaffold113","GLEAN",[[1,5184,5971,1,0,"scaffold113","GLEAN","CDS"],[1,6275,6442,1,2,"scaffold113","GLEAN","CDS"]],"mRNA"],[0,8128,12774,1,"lamu_GLEAN_10002659",0.440428,"scaffold113","GLEAN",[[1,8128,9202,1,0,"scaffold113","GLEAN","CDS"],[1,10208,10374,1,0,"scaffold113","GLEAN","CDS"],[1,11523,11594,1,2,"scaffold113","GLEAN","CDS"],[1,11906,12042,1,0,"scaffold113","GLEAN","CDS"],[1,12688,12774,1,2,"scaffold113","GLEAN","CDS"]],"mRNA"],[0,23270,25307,-1,"lamu_GLEAN_10002660",0.998792,"scaffold113","GLEAN",[[1,23270,25307,-1,0,"scaffold113","GLEAN","CDS"]],"mRNA"],[0,64230,65047,1,"lamu_GLEAN_10002661",1,"scaffold113","GLEAN",[[1,64230,64360,1,0,"scaffold113","GLEAN","CDS"],[1,64551,64729,1,2,"scaffold113","GLEAN","CDS"],[1,64812,65047,1,1,"scaffold113","GLEAN","CDS"]],"mRNA"],[0,66626,67670,-1,"lamu_GLEAN_10002662",0.998419,"scaffold113","GLEAN",[[1,66626,67670,-1,0,"scaffold113","GLEAN","CDS"]],"mRNA"],[0,79656,80037,1,"lamu_GLEAN_10002663",1,"scaffold113","GLEAN",[[1,79656,80037,1,0,"scaffold113","GLEAN","CDS"]],"mRNA"],[0,90256,91361,1,"lamu_GLEAN_10002664",0.605856,"scaffold113","GLEAN",[[1,90256,90398,1,0,"scaffold113","GLEAN","CDS"],[1,90603,90733,1,2,"scaffold113","GLEAN","CDS"],[1,90841,91361,1,1,"scaffold113","GLEAN","CDS"]],"mRNA"],[0,93096,95031,1,"lamu_GLEAN_10002665",0.381498,"scaffold113","GLEAN",[[1,93096,93688,1,0,"scaffold113","GLEAN","CDS"],[1,93748,94289,1,2,"scaffold113","GLEAN","CDS"],[1,94811,95031,1,1,"scaffold113","GLEAN","CDS"]],"mRNA"],[0,97011,99480,-1,"lamu_GLEAN_10002666",0.958928,"scaffold113","GLEAN",[[1,98972,99480,-1,0,"scaffold113","GLEAN","CDS"],[1,98747,98785,-1,2,"scaffold113","GLEAN","CDS"],[1,97011,98154,-1,0,"scaffold113","GLEAN","CDS"]],"mRNA"],[0,102887,105007,1,"lamu_GLEAN_10002667",0.919205,"scaffold113","GLEAN",[[1,102887,104467,1,0,"scaffold113","GLEAN","CDS"],[1,104928,105007,1,1,"scaffold113","GLEAN","CDS"]],"mRNA"],[0,105402,106788,-1,"lamu_GLEAN_10002668",0.732537,"scaffold113","GLEAN",[[1,105402,106788,-1,0,"scaffold113","GLEAN","CDS"]],"mRNA"],[0,108252,109781,-1,"lamu_GLEAN_10002669",0.732768,"scaffold113","GLEAN",[[1,109070,109781,-1,0,"scaffold113","GLEAN","CDS"],[1,108616,108724,-1,0,"scaffold113","GLEAN","CDS"],[1,108252,108405,-1,0,"scaffold113","GLEAN","CDS"]],"mRNA"],[0,110567,113903,-1,"lamu_GLEAN_10002670",0.993337,"scaffold113","GLEAN",[[1,113686,113903,-1,0,"scaffold113","GLEAN","CDS"],[1,112856,112899,-1,2,"scaffold113","GLEAN","CDS"],[1,111515,111576,-1,1,"scaffold113","GLEAN","CDS"],[1,111213,111285,-1,0,"scaffold113","GLEAN","CDS"],[1,111009,111144,-1,0,"scaffold113","GLEAN","CDS"],[1,110567,110732,-1,0,"scaffold113","GLEAN","CDS"]],"mRNA"],[0,115060,115654,-1,"lamu_GLEAN_10002671",1,"scaffold113","GLEAN",[[1,115060,115654,-1,0,"scaffold113","GLEAN","CDS"]],"mRNA"],[0,121500,122142,1,"lamu_GLEAN_10002672",0.613789,"scaffold113","GLEAN",[[1,121500,122142,1,0,"scaffold113","GLEAN","CDS"]],"mRNA"],[0,122585,130229,-1,"lamu_GLEAN_10002673",0.496216,"scaffold113","GLEAN",[[1,130136,130229,-1,0,"scaffold113","GLEAN","CDS"],[1,129572,129692,-1,0,"scaffold113","GLEAN","CDS"],[1,128769,128880,-1,0,"scaffold113","GLEAN","CDS"],[1,126350,126494,-1,0,"scaffold113","GLEAN","CDS"],[1,124576,124789,-1,0,"scaffold113","GLEAN","CDS"],[1,123682,123878,-1,0,"scaffold113","GLEAN","CDS"],[1,122585,122839,-1,2,"scaffold113","GLEAN","CDS"]],"mRNA"],[0,134985,149811,1,"lamu_GLEAN_10002674",0.69141,"scaffold113","GLEAN",[[1,134985,135202,1,0,"scaffold113","GLEAN","CDS"],[1,135941,136190,1,2,"scaffold113","GLEAN","CDS"],[1,137001,137192,1,2,"scaffold113","GLEAN","CDS"],[1,137278,137473,1,0,"scaffold113","GLEAN","CDS"],[1,138359,138536,1,0,"scaffold113","GLEAN","CDS"],[1,140075,140464,1,0,"scaffold113","GLEAN","CDS"],[1,144163,144344,1,1,"scaffold113","GLEAN","CDS"],[1,146696,146819,1,0,"scaffold113","GLEAN","CDS"],[1,146904,147021,1,0,"scaffold113","GLEAN","CDS"],[1,147284,147389,1,0,"scaffold113","GLEAN","CDS"],[1,148273,148414,1,0,"scaffold113","GLEAN","CDS"],[1,148559,148625,1,0,"scaffold113","GLEAN","CDS"],[1,149592,149811,1,0,"scaffold113","GLEAN","CDS"]],"mRNA"],[0,154559,156020,1,"lamu_GLEAN_10002675",1,"scaffold113","GLEAN",[[1,154559,156020,1,0,"scaffold113","GLEAN","CDS"]],"mRNA"],[0,161708,165822,1,"lamu_GLEAN_10002676",0.591679,"scaffold113","GLEAN",[[1,161708,162039,1,0,"scaffold113","GLEAN","CDS"],[1,162136,162286,1,2,"scaffold113","GLEAN","CDS"],[1,162528,162611,1,2,"scaffold113","GLEAN","CDS"],[1,162774,162983,1,0,"scaffold113","GLEAN","CDS"],[1,163458,163527,1,1,"scaffold113","GLEAN","CDS"],[1,163754,163873,1,1,"scaffold113","GLEAN","CDS"],[1,164454,164530,1,2,"scaffold113","GLEAN","CDS"],[1,164604,164646,1,1,"scaffold113","GLEAN","CDS"],[1,165182,165291,1,1,"scaffold113","GLEAN","CDS"],[1,165720,165822,1,0,"scaffold113","GLEAN","CDS"]],"mRNA"],[0,167547,169634,-1,"lamu_GLEAN_10002677",1,"scaffold113","GLEAN",[[1,169211,169634,-1,0,"scaffold113","GLEAN","CDS"],[1,167547,168069,-1,0,"scaffold113","GLEAN","CDS"]],"mRNA"],[0,174269,184675,-1,"lamu_GLEAN_10002678",0.513736,"scaffold113","GLEAN",[[1,184583,184675,-1,0,"scaffold113","GLEAN","CDS"],[1,183477,183630,-1,1,"scaffold113","GLEAN","CDS"],[1,183186,183303,-1,1,"scaffold113","GLEAN","CDS"],[1,182992,183077,-1,1,"scaffold113","GLEAN","CDS"],[1,181469,181569,-1,0,"scaffold113","GLEAN","CDS"],[1,181279,181347,-1,2,"scaffold113","GLEAN","CDS"],[1,181072,181198,-1,0,"scaffold113","GLEAN","CDS"],[1,180053,180988,-1,0,"scaffold113","GLEAN","CDS"],[1,179574,179778,-1,1,"scaffold113","GLEAN","CDS"],[1,179412,179473,-1,1,"scaffold113","GLEAN","CDS"],[1,177659,177773,-1,0,"scaffold113","GLEAN","CDS"],[1,176480,176594,-1,0,"scaffold113","GLEAN","CDS"],[1,176305,176392,-1,0,"scaffold113","GLEAN","CDS"],[1,176028,176056,-1,0,"scaffold113","GLEAN","CDS"],[1,175188,175264,-1,2,"scaffold113","GLEAN","CDS"],[1,174269,174315,-1,1,"scaffold113","GLEAN","CDS"]],"mRNA"],[0,191846,194718,1,"lamu_GLEAN_10002679",0.999999,"scaffold113","GLEAN",[[1,191846,192442,1,0,"scaffold113","GLEAN","CDS"],[1,193088,193299,1,1,"scaffold113","GLEAN","CDS"],[1,193693,193804,1,0,"scaffold113","GLEAN","CDS"],[1,193908,194718,1,0,"scaffold113","GLEAN","CDS"]],"mRNA"],[0,198619,199324,1,"lamu_GLEAN_10002680",0.999999,"scaffold113","GLEAN",[[1,198619,198673,1,0,"scaffold113","GLEAN","CDS"],[1,198800,198944,1,0,"scaffold113","GLEAN","CDS"],[1,199237,199324,1,0,"scaffold113","GLEAN","CDS"]],"mRNA"],[0,200860,208869,1,"lamu_GLEAN_10002681",0.993788,"scaffold113","GLEAN",[[1,200860,201157,1,0,"scaffold113","GLEAN","CDS"],[1,202700,202768,1,0,"scaffold113","GLEAN","CDS"],[1,204134,204204,1,1,"scaffold113","GLEAN","CDS"],[1,207943,208025,1,0,"scaffold113","GLEAN","CDS"],[1,208500,208565,1,2,"scaffold113","GLEAN","CDS"],[1,208854,208869,1,0,"scaffold113","GLEAN","CDS"]],"mRNA"],[0,214780,216931,1,"lamu_GLEAN_10002682",0.786869,"scaffold113","GLEAN",[[1,214780,215857,1,0,"scaffold113","GLEAN","CDS"],[1,216015,216078,1,0,"scaffold113","GLEAN","CDS"],[1,216152,216199,1,0,"scaffold113","GLEAN","CDS"],[1,216704,216750,1,1,"scaffold113","GLEAN","CDS"],[1,216847,216931,1,0,"scaffold113","GLEAN","CDS"]],