{"featureCount":25,"formatVersion":1,"histograms":{"meta":[{"arrayParams":{"chunkSize":10000,"length":8,"urlTemplate":"hist-50000-{Chunk}.json"},"basesPerBin":"50000"}],"stats":[{"basesPerBin":"50000","max":4,"mean":3.25}]},"intervals":{"classes":[{"attributes":["Start","End","Strand","Id","Score","Seq_id","Source","Subfeatures","Type"],"isArrayAttr":{"Subfeatures":1}},{"attributes":["Start","End","Strand","Phase","Seq_id","Source","Type"],"isArrayAttr":{}},{"attributes":["Start","End","Chunk"],"isArrayAttr":{"Sublist":1}}],"count":25,"lazyClass":2,"maxEnd":388790,"minStart":6669,"nclist":[[0,6669,8786,-1,"lamu_GLEAN_10002234",1,"scaffold127","GLEAN",[[1,8045,8786,-1,0,"scaffold127","GLEAN","CDS"],[1,6669,7560,-1,0,"scaffold127","GLEAN","CDS"]],"mRNA"],[0,33722,38945,1,"lamu_GLEAN_10002235",0.718439,"scaffold127","GLEAN",[[1,33722,33859,1,0,"scaffold127","GLEAN","CDS"],[1,35100,35416,1,1,"scaffold127","GLEAN","CDS"],[1,35836,35936,1,0,"scaffold127","GLEAN","CDS"],[1,36110,36175,1,2,"scaffold127","GLEAN","CDS"],[1,36268,36397,1,0,"scaffold127","GLEAN","CDS"],[1,38510,38610,1,0,"scaffold127","GLEAN","CDS"],[1,38811,38945,1,2,"scaffold127","GLEAN","CDS"]],"mRNA"],[0,40209,49078,-1,"lamu_GLEAN_10002236",0.997561,"scaffold127","GLEAN",[[1,49035,49078,-1,0,"scaffold127","GLEAN","CDS"],[1,48797,48941,-1,2,"scaffold127","GLEAN","CDS"],[1,48242,48712,-1,2,"scaffold127","GLEAN","CDS"],[1,45490,45649,-1,0,"scaffold127","GLEAN","CDS"],[1,45283,45400,-1,0,"scaffold127","GLEAN","CDS"],[1,45040,45192,-1,0,"scaffold127","GLEAN","CDS"],[1,43583,43675,-1,1,"scaffold127","GLEAN","CDS"],[1,42519,43453,-1,2,"scaffold127","GLEAN","CDS"],[1,42339,42424,-1,1,"scaffold127","GLEAN","CDS"],[1,42179,42248,-1,0,"scaffold127","GLEAN","CDS"],[1,41767,41947,-1,0,"scaffold127","GLEAN","CDS"],[1,40209,40326,-1,0,"scaffold127","GLEAN","CDS"]],"mRNA"],[0,73334,81461,1,"lamu_GLEAN_10002237",0.473191,"scaffold127","GLEAN",[[1,73334,73731,1,0,"scaffold127","GLEAN","CDS"],[1,74196,74324,1,2,"scaffold127","GLEAN","CDS"],[1,74526,74586,1,0,"scaffold127","GLEAN","CDS"],[1,76118,76268,1,0,"scaffold127","GLEAN","CDS"],[1,76375,76531,1,0,"scaffold127","GLEAN","CDS"],[1,76717,76929,1,0,"scaffold127","GLEAN","CDS"],[1,77049,77151,1,1,"scaffold127","GLEAN","CDS"],[1,78788,78955,1,1,"scaffold127","GLEAN","CDS"],[1,79052,79493,1,2,"scaffold127","GLEAN","CDS"],[1,79580,79612,1,2,"scaffold127","GLEAN","CDS"],[1,79767,79868,1,0,"scaffold127","GLEAN","CDS"],[1,80530,81461,1,1,"scaffold127","GLEAN","CDS"]],"mRNA"],[0,94121,95102,1,"lamu_GLEAN_10002238",1,"scaffold127","GLEAN",[[1,94121,95102,1,0,"scaffold127","GLEAN","CDS"]],"mRNA"],[0,97891,99062,-1,"lamu_GLEAN_10002239",0.998395,"scaffold127","GLEAN",[[1,98120,99062,-1,0,"scaffold127","GLEAN","CDS"],[1,97891,97981,-1,0,"scaffold127","GLEAN","CDS"]],"mRNA"],[0,109445,112166,1,"lamu_GLEAN_10002240",0.977843,"scaffold127","GLEAN",[[1,109445,110112,1,0,"scaffold127","GLEAN","CDS"],[1,110230,110308,1,2,"scaffold127","GLEAN","CDS"],[1,110508,110582,1,2,"scaffold127","GLEAN","CDS"],[1,110664,110772,1,0,"scaffold127","GLEAN","CDS"],[1,112049,112166,1,0,"scaffold127","GLEAN","CDS"]],"mRNA"],[0,126801,128447,-1,"lamu_GLEAN_10002241",0.669178,"scaffold127","GLEAN",[[1,127489,128447,-1,0,"scaffold127","GLEAN","CDS"],[1,127226,127414,-1,2,"scaffold127","GLEAN","CDS"],[1,126801,127104,-1,0,"scaffold127","GLEAN","CDS"]],"mRNA"],[0,134643,136218,1,"lamu_GLEAN_10002242",0.752956,"scaffold127","GLEAN",[[1,134643,134846,1,0,"scaffold127","GLEAN","CDS"],[1,135884,136218,1,1,"scaffold127","GLEAN","CDS"]],"mRNA"],[0,137774,138818,-1,"lamu_GLEAN_10002243",0.998425,"scaffold127","GLEAN",[[1,137774,138818,-1,0,"scaffold127","GLEAN","CDS"]],"mRNA"],[0,153055,155188,1,"lamu_GLEAN_10002244",1,"scaffold127","GLEAN",[[1,153055,154630,1,0,"scaffold127","GLEAN","CDS"],[1,154723,155188,1,0,"scaffold127","GLEAN","CDS"]],"mRNA"],[0,169607,177343,1,"lamu_GLEAN_10002245",0.906125,"scaffold127","GLEAN",[[1,169607,169818,1,0,"scaffold127","GLEAN","CDS"],[1,170679,170723,1,2,"scaffold127","GLEAN","CDS"],[1,172121,172283,1,0,"scaffold127","GLEAN","CDS"],[1,175298,175880,1,0,"scaffold127","GLEAN","CDS"],[1,175991,176294,1,0,"scaffold127","GLEAN","CDS"],[1,176841,177054,1,0,"scaffold127","GLEAN","CDS"],[1,177271,177343,1,0,"scaffold127","GLEAN","CDS"]],"mRNA"],[0,179558,189173,-1,"lamu_GLEAN_10002246",0.999774,"scaffold127","GLEAN",[[1,188991,189173,-1,0,"scaffold127","GLEAN","CDS"],[1,184587,184669,-1,1,"scaffold127","GLEAN","CDS"],[1,180655,180717,-1,0,"scaffold127","GLEAN","CDS"],[1,180475,180575,-1,1,"scaffold127","GLEAN","CDS"],[1,179558,179741,-1,0,"scaffold127","GLEAN","CDS"]],"mRNA"],[0,204084,205217,1,"lamu_GLEAN_10002247",0.999757,"scaffold127","GLEAN",[[1,204084,204131,1,0,"scaffold127","GLEAN","CDS"],[1,204310,204337,1,1,"scaffold127","GLEAN","CDS"],[1,204443,204566,1,1,"scaffold127","GLEAN","CDS"],[1,204657,204904,1,1,"scaffold127","GLEAN","CDS"],[1,205103,205217,1,0,"scaffold127","GLEAN","CDS"]],"mRNA"],[0,207093,213702,-1,"lamu_GLEAN_10002248",0.999776,"scaffold127","GLEAN",[[1,213670,213702,-1,0,"scaffold127","GLEAN","CDS"],[1,212920,213551,-1,1,"scaffold127","GLEAN","CDS"],[1,207093,210126,-1,0,"scaffold127","GLEAN","CDS"]],"mRNA"],[0,242528,250093,-1,"lamu_GLEAN_10002249",0.991573,"scaffold127","GLEAN",[[1,249781,250093,-1,0,"scaffold127","GLEAN","CDS"],[1,248296,248371,-1,0,"scaffold127","GLEAN","CDS"],[1,248058,248154,-1,0,"scaffold127","GLEAN","CDS"],[1,247698,247784,-1,0,"scaffold127","GLEAN","CDS"],[1,247442,247563,-1,1,"scaffold127","GLEAN","CDS"],[1,246019,246099,-1,0,"scaffold127","GLEAN","CDS"],[1,245228,245291,-1,1,"scaffold127","GLEAN","CDS"],[1,244966,245085,-1,1,"scaffold127","GLEAN","CDS"],[1,244596,244682,-1,2,"scaffold127","GLEAN","CDS"],[1,243506,243628,-1,0,"scaffold127","GLEAN","CDS"],[1,242528,242703,-1,1,"scaffold127","GLEAN","CDS"]],"mRNA"],[0,262025,278502,1,"lamu_GLEAN_10002250",0.978005,"scaffold127","GLEAN",[[1,262025,262095,1,0,"scaffold127","GLEAN","CDS"],[1,262330,262500,1,2,"scaffold127","GLEAN","CDS"],[1,262580,262652,1,0,"scaffold127","GLEAN","CDS"],[1,264147,264298,1,0,"scaffold127","GLEAN","CDS"],[1,273344,273453,1,2,"scaffold127","GLEAN","CDS"],[1,273542,273660,1,1,"scaffold127","GLEAN","CDS"],[1,275100,275248,1,0,"scaffold127","GLEAN","CDS"],[1,275687,275936,1,2,"scaffold127","GLEAN","CDS"],[1,276103,276141,1,2,"scaffold127","GLEAN","CDS"],[1,276742,276914,1,0,"scaffold127","GLEAN","CDS"],[1,276984,277085,1,2,"scaffold127","GLEAN","CDS"],[1,278173,278248,1,0,"scaffold127","GLEAN","CDS"],[1,278442,278502,1,0,"scaffold127","GLEAN","CDS"]],"mRNA"],[0,278949,282827,-1,"lamu_GLEAN_10002251",0.99986,"scaffold127","GLEAN",[[1,282696,282827,-1,0,"scaffold127","GLEAN","CDS"],[1,282483,282574,-1,1,"scaffold127","GLEAN","CDS"],[1,282204,282387,-1,0,"scaffold127","GLEAN","CDS"],[1,282068,282119,-1,0,"scaffold127","GLEAN","CDS"],[1,281795,281999,-1,0,"scaffold127","GLEAN","CDS"],[1,281639,281717,-1,0,"scaffold127","GLEAN","CDS"],[1,281092,281182,-1,0,"scaffold127","GLEAN","CDS"],[1,280872,281013,-1,0,"scaffold127","GLEAN","CDS"],[1,280652,280769,-1,0,"scaffold127","GLEAN","CDS"],[1,280411,280561,-1,0,"scaffold127","GLEAN","CDS"],[1,280280,280339,-1,0,"scaffold127","GLEAN","CDS"],[1,279883,280166,-1,1,"scaffold127","GLEAN","CDS"],[1,279659,279806,-1,0,"scaffold127","GLEAN","CDS"],[1,279347,279566,-1,0,"scaffold127","GLEAN","CDS"],[1,278949,279222,-1,0,"scaffold127","GLEAN","CDS"]],"mRNA"],[0,316823,318215,1,"lamu_GLEAN_10002252",0.631114,"scaffold127","GLEAN",[[1,316823,318215,1,0,"scaffold127","GLEAN","CDS"]],