{"featureCount":45,"formatVersion":1,"histograms":{"meta":[{"arrayParams":{"chunkSize":10000,"length":16,"urlTemplate":"hist-50000-{Chunk}.json"},"basesPerBin":"50000"}],"stats":[{"basesPerBin":"50000","max":6,"mean":3.125}]},"intervals":{"classes":[{"attributes":["Start","End","Strand","Id","Score","Seq_id","Source","Subfeatures","Type"],"isArrayAttr":{"Subfeatures":1}},{"attributes":["Start","End","Strand","Phase","Seq_id","Source","Type"],"isArrayAttr":{}},{"attributes":["Start","End","Chunk"],"isArrayAttr":{"Sublist":1}}],"count":45,"lazyClass":2,"maxEnd":764943,"minStart":17709,"nclist":[[0,17709,18134,1,"lamu_GLEAN_10004297",0.878334,"scaffold81","GLEAN",[[1,17709,17845,1,0,"scaffold81","GLEAN","CDS"],[1,18069,18134,1,2,"scaffold81","GLEAN","CDS"]],"mRNA"],[0,50376,52401,1,"lamu_GLEAN_10004298",0.991754,"scaffold81","GLEAN",[[1,50376,52401,1,0,"scaffold81","GLEAN","CDS"]],"mRNA"],[0,53032,53455,-1,"lamu_GLEAN_10004299",0.992292,"scaffold81","GLEAN",[[1,53032,53455,-1,0,"scaffold81","GLEAN","CDS"]],"mRNA"],[0,67590,71597,1,"lamu_GLEAN_10004300",0.656458,"scaffold81","GLEAN",[[1,67590,67774,1,0,"scaffold81","GLEAN","CDS"],[1,68467,68577,1,2,"scaffold81","GLEAN","CDS"],[1,69525,69828,1,0,"scaffold81","GLEAN","CDS"],[1,70210,70856,1,0,"scaffold81","GLEAN","CDS"],[1,71229,71597,1,2,"scaffold81","GLEAN","CDS"]],"mRNA"],[0,79001,86560,1,"lamu_GLEAN_10004301",0.26911,"scaffold81","GLEAN",[[1,79001,79087,1,0,"scaffold81","GLEAN","CDS"],[1,79526,79701,1,1,"scaffold81","GLEAN","CDS"],[1,81515,81549,1,0,"scaffold81","GLEAN","CDS"],[1,81663,81908,1,2,"scaffold81","GLEAN","CDS"],[1,81986,82064,1,0,"scaffold81","GLEAN","CDS"],[1,84059,84095,1,0,"scaffold81","GLEAN","CDS"],[1,84182,84638,1,0,"scaffold81","GLEAN","CDS"],[1,85460,85694,1,0,"scaffold81","GLEAN","CDS"],[1,86410,86560,1,0,"scaffold81","GLEAN","CDS"]],"mRNA"],[0,88809,90757,1,"lamu_GLEAN_10004302",0.401389,"scaffold81","GLEAN",[[1,88809,89024,1,0,"scaffold81","GLEAN","CDS"],[1,89563,89769,1,1,"scaffold81","GLEAN","CDS"],[1,89858,89959,1,2,"scaffold81","GLEAN","CDS"],[1,90047,90092,1,0,"scaffold81","GLEAN","CDS"],[1,90625,90757,1,0,"scaffold81","GLEAN","CDS"]],"mRNA"],[0,96382,102932,-1,"lamu_GLEAN_10004303",0.919831,"scaffold81","GLEAN",[[1,102470,102932,-1,0,"scaffold81","GLEAN","CDS"],[1,96382,97003,-1,0,"scaffold81","GLEAN","CDS"]],"mRNA"],[0,118951,119762,1,"lamu_GLEAN_10004304",0.628074,"scaffold81","GLEAN",[[1,118951,119336,1,0,"scaffold81","GLEAN","CDS"],[1,119405,119593,1,2,"scaffold81","GLEAN","CDS"],[1,119702,119762,1,0,"scaffold81","GLEAN","CDS"]],"mRNA"],[0,137869,154625,-1,"lamu_GLEAN_10004305",0.991032,"scaffold81","GLEAN",[[1,154271,154625,-1,0,"scaffold81","GLEAN","CDS"],[1,153599,153644,-1,0,"scaffold81","GLEAN","CDS"],[1,153033,153072,-1,0,"scaffold81","GLEAN","CDS"],[1,152159,152330,-1,0,"scaffold81","GLEAN","CDS"],[1,151873,152026,-1,0,"scaffold81","GLEAN","CDS"],[1,151456,151492,-1,0,"scaffold81","GLEAN","CDS"],[1,149678,149722,-1,0,"scaffold81","GLEAN","CDS"],[1,148926,149017,-1,1,"scaffold81","GLEAN","CDS"],[1,147335,147377,-1,0,"scaffold81","GLEAN","CDS"],[1,147102,147211,-1,0,"scaffold81","GLEAN","CDS"],[1,146013,146128,-1,2,"scaffold81","GLEAN","CDS"],[1,145881,145931,-1,1,"scaffold81","GLEAN","CDS"],[1,145677,145756,-1,2,"scaffold81","GLEAN","CDS"],[1,143450,143501,-1,1,"scaffold81","GLEAN","CDS"],[1,142698,142840,-1,1,"scaffold81","GLEAN","CDS"],[1,142538,142583,-1,0,"scaffold81","GLEAN","CDS"],[1,141931,142036,-1,0,"scaffold81","GLEAN","CDS"],[1,141797,141839,-1,0,"scaffold81","GLEAN","CDS"],[1,141232,141403,-1,0,"scaffold81","GLEAN","CDS"],[1,139871,139991,-1,0,"scaffold81","GLEAN","CDS"],[1,137869,137974,-1,0,"scaffold81","GLEAN","CDS"]],"mRNA"],[0,166699,173280,1,"lamu_GLEAN_10004306",0.989342,"scaffold81","GLEAN",[[1,166699,167161,1,0,"scaffold81","GLEAN","CDS"],[1,168634,168740,1,0,"scaffold81","GLEAN","CDS"],[1,172413,172505,1,2,"scaffold81","GLEAN","CDS"],[1,172659,173280,1,0,"scaffold81","GLEAN","CDS"]],"mRNA"],[0,181967,182881,-1,"lamu_GLEAN_10004307",0.959777,"scaffold81","GLEAN",[[1,182290,182881,-1,0,"scaffold81","GLEAN","CDS"],[1,181967,182168,-1,0,"scaffold81","GLEAN","CDS"]],"mRNA"],[0,209408,211350,1,"lamu_GLEAN_10004308",1,"scaffold81","GLEAN",[[1,209408,210401,1,0,"scaffold81","GLEAN","CDS"],[1,210720,211350,1,0,"scaffold81","GLEAN","CDS"]],"mRNA"],[0,219564,251129,1,"lamu_GLEAN_10004309",0.439409,"scaffold81","GLEAN",[[1,219564,219693,1,0,"scaffold81","GLEAN","CDS"],[1,220271,220310,1,0,"scaffold81","GLEAN","CDS"],[1,220531,220620,1,0,"scaffold81","GLEAN","CDS"],[1,220709,220800,1,1,"scaffold81","GLEAN","CDS"],[1,221023,221113,1,0,"scaffold81","GLEAN","CDS"],[1,221219,221299,1,0,"scaffold81","GLEAN","CDS"],[1,221968,222061,1,1,"scaffold81","GLEAN","CDS"],[1,229063,229090,1,1,"scaffold81","GLEAN","CDS"],[1,229951,230059,1,1,"scaffold81","GLEAN","CDS"],[1,230677,230816,1,1,"scaffold81","GLEAN","CDS"],[1,230911,230956,1,0,"scaffold81","GLEAN","CDS"],[1,236716,236772,1,0,"scaffold81","GLEAN","CDS"],[1,239697,239806,1,1,"scaffold81","GLEAN","CDS"],[1,240175,240316,1,0,"scaffold81","GLEAN","CDS"],[1,240427,240541,1,0,"scaffold81","GLEAN","CDS"],[1,243190,243274,1,0,"scaffold81","GLEAN","CDS"],[1,243373,243460,1,0,"scaffold81","GLEAN","CDS"],[1,244218,244263,1,0,"scaffold81","GLEAN","CDS"],[1,245219,245298,1,0,"scaffold81","GLEAN","CDS"],[1,248036,248106,1,2,"scaffold81","GLEAN","CDS"],[1,249497,249585,1,1,"scaffold81","GLEAN","CDS"],[1,249703,249793,1,0,"scaffold81","GLEAN","CDS"],[1,249928,250045,1,0,"scaffold81","GLEAN","CDS"],[1,250275,250338,1,0,"scaffold81","GLEAN","CDS"],[1,250997,251129,1,0,"scaffold81","GLEAN","CDS"]],"mRNA"],[0,253311,253758,1,"lamu_GLEAN_10004310",0.999776,"scaffold81","GLEAN",[[1,253311,253758,1,0,"scaffold81","GLEAN","CDS"]],"mRNA"],[0,286962,289939,1,"lamu_GLEAN_10004311",0.854839,"scaffold81","GLEAN",[[1,286962,287391,1,0,"scaffold81","GLEAN","CDS"],[1,289624,289939,1,0,"scaffold81","GLEAN","CDS"]],"mRNA"],[0,291702,295257,-1,"lamu_GLEAN_10004312",0.998792,"scaffold81","GLEAN",[[1,295207,295257,-1,0,"scaffold81","GLEAN","CDS"],[1,294621,294754,-1,1,"scaffold81","GLEAN","CDS"],[1,294430,294534,-1,0,"scaffold81","GLEAN","CDS"],[1,293045,293217,-1,1,"scaffold81","GLEAN","CDS"],[1,292788,292929,-1,0,"scaffold81","GLEAN","CDS"],[1,291702,292716,-1,0,"scaffold81","GLEAN","CDS"]],"mRNA"],[0,308425,309175,-1,"lamu_GLEAN_10004313",1,"scaffold81","GLEAN",[[1,308425,309175,-1,0,"scaffold81","GLEAN","CDS"]],"mRNA"],[0,310235,318805,1,"lamu_GLEAN_10004314",0.978467,"scaffold81","GLEAN",[[1,310235,310302,1,0,"scaffold81","GLEAN","CDS"],[1,310409,310457,1,2,"scaffold81","GLEAN","CDS"],[1,310719,310761,1,2,"scaffold81","GLEAN","CDS"],[1,311516,311636,1,2,"scaffold81","GLEAN","CDS"],[1,311825,311971,1,2,"scaffold81","GLEAN","CDS"],[1,312052,312200,1,0,"scaffold81","GLEAN","CDS"],[1,312320,312404,1,2,"scaffold81","GLEAN","CDS"],[1,313786,313902,1,2,"scaffold81","GLEAN","CDS"],[1,314078,314155,1,0,"scaffold81","GLEAN","CDS"],[1,318355,318446,1,1,"scaffold81","GLEAN","CDS"],[1,318577,318805,1,0,"scaffold81","GLEAN","CDS"]],"mRNA"],[0,342002,351489,1,"lamu_GLEAN_10004315",0.980742,"scaffold81","GLEAN",[[1,342002,342323,1,0,"scaffold81","GLEAN","CDS"],[1,343619,343772,1,0,"scaffold81","GLEAN","CDS"],[1,348784,349019,1,0,"scaffold81","GLEAN","CDS"],[1,350959,351165,1,2,"scaffold81","GLEAN","CDS"],[1,351363,351489,1,0,"scaffold81","GLEAN","CDS"]],"mRNA"],[0,353433,354824,-1,"lamu_GLEAN_10004316",0.998703,"scaffold81","GLEAN",[[1,354590,354824,-1,0,"scaffold81","GLEAN","CDS"],[1,354211,354358,-1,0,"scaffold81","GLEAN","CDS"],[1,353433,353715,-1,0,"scaffold81","GLEAN","CDS"]],"mRNA"],[0,371305,372889,-1,"lamu_GLEAN_10004317",1,"scaffold81","GLEAN",[[1,371305,372889,-1,0,"scaffold81","GLEAN","CDS"]],