{"featureCount":41,"formatVersion":1,"histograms":{"meta":[{"arrayParams":{"chunkSize":10000,"length":14,"urlTemplate":"hist-50000-{Chunk}.json"},"basesPerBin":"50000"}],"stats":[{"basesPerBin":"50000","max":7,"mean":3.42857142857143}]},"intervals":{"classes":[{"attributes":["Start","End","Strand","Id","Score","Seq_id","Source","Subfeatures","Type"],"isArrayAttr":{"Subfeatures":1}},{"attributes":["Start","End","Strand","Phase","Seq_id","Source","Type"],"isArrayAttr":{}},{"attributes":["Start","End","Chunk"],"isArrayAttr":{"Sublist":1}}],"count":41,"lazyClass":2,"maxEnd":681416,"minStart":11787,"nclist":[[0,11787,15807,1,"lamu_GLEAN_10003797",0.999026,"scaffold91","GLEAN",[[1,11787,11925,1,0,"scaffold91","GLEAN","CDS"],[1,14349,15807,1,0,"scaffold91","GLEAN","CDS"]],"mRNA"],[0,29160,29504,1,"lamu_GLEAN_10003798",0.938707,"scaffold91","GLEAN",[[1,29160,29247,1,0,"scaffold91","GLEAN","CDS"],[1,29318,29504,1,0,"scaffold91","GLEAN","CDS"]],"mRNA"],[0,37762,38733,-1,"lamu_GLEAN_10003799",0.771336,"scaffold91","GLEAN",[[1,38693,38733,-1,0,"scaffold91","GLEAN","CDS"],[1,37762,38352,-1,2,"scaffold91","GLEAN","CDS"]],"mRNA"],[0,50750,51278,-1,"lamu_GLEAN_10003800",0.999999,"scaffold91","GLEAN",[[1,50750,51278,-1,0,"scaffold91","GLEAN","CDS"]],"mRNA"],[0,62122,64870,-1,"lamu_GLEAN_10003801",0.973348,"scaffold91","GLEAN",[[1,64438,64870,-1,0,"scaffold91","GLEAN","CDS"],[1,64145,64353,-1,0,"scaffold91","GLEAN","CDS"],[1,62122,62139,-1,2,"scaffold91","GLEAN","CDS"]],"mRNA"],[0,69217,69595,1,"lamu_GLEAN_10003802",0.694656,"scaffold91","GLEAN",[[1,69217,69595,1,0,"scaffold91","GLEAN","CDS"]],"mRNA"],[0,76365,76680,1,"lamu_GLEAN_10003803",0.976479,"scaffold91","GLEAN",[[1,76365,76680,1,0,"scaffold91","GLEAN","CDS"]],"mRNA"],[0,83338,84886,-1,"lamu_GLEAN_10003804",1,"scaffold91","GLEAN",[[1,83338,84886,-1,0,"scaffold91","GLEAN","CDS"]],"mRNA"],[0,87112,87709,-1,"lamu_GLEAN_10003805",1,"scaffold91","GLEAN",[[1,87667,87709,-1,0,"scaffold91","GLEAN","CDS"],[1,87499,87585,-1,0,"scaffold91","GLEAN","CDS"],[1,87112,87380,-1,1,"scaffold91","GLEAN","CDS"]],"mRNA"],[0,95148,97211,1,"lamu_GLEAN_10003806",1,"scaffold91","GLEAN",[[1,95148,95531,1,0,"scaffold91","GLEAN","CDS"],[1,96727,97211,1,1,"scaffold91","GLEAN","CDS"]],"mRNA"],[0,107353,109843,1,"lamu_GLEAN_10003807",0.997542,"scaffold91","GLEAN",[[1,107353,108789,1,0,"scaffold91","GLEAN","CDS"],[1,108867,109843,1,1,"scaffold91","GLEAN","CDS"]],"mRNA"],[0,116685,117485,1,"lamu_GLEAN_10003808",0.999819,"scaffold91","GLEAN",[[1,116685,116961,1,0,"scaffold91","GLEAN","CDS"],[1,117434,117485,1,0,"scaffold91","GLEAN","CDS"]],"mRNA"],[0,137504,139856,-1,"lamu_GLEAN_10003809",0.999448,"scaffold91","GLEAN",[[1,139514,139856,-1,0,"scaffold91","GLEAN","CDS"],[1,137504,137972,-1,0,"scaffold91","GLEAN","CDS"]],"mRNA"],[0,144196,147123,1,"lamu_GLEAN_10003810",0.997731,"scaffold91","GLEAN",[[1,144196,144334,1,0,"scaffold91","GLEAN","CDS"],[1,144525,144582,1,0,"scaffold91","GLEAN","CDS"],[1,146586,146758,1,0,"scaffold91","GLEAN","CDS"],[1,146857,147123,1,2,"scaffold91","GLEAN","CDS"]],"mRNA"],[0,149587,150751,-1,"lamu_GLEAN_10003811",0.99993,"scaffold91","GLEAN",[[1,149587,150751,-1,0,"scaffold91","GLEAN","CDS"]],"mRNA"],[0,176413,208962,1,"lamu_GLEAN_10003812",0.660401,"scaffold91","GLEAN",[[1,176413,176477,1,0,"scaffold91","GLEAN","CDS"],[1,177389,177610,1,2,"scaffold91","GLEAN","CDS"],[1,178021,178168,1,0,"scaffold91","GLEAN","CDS"],[1,178260,178476,1,0,"scaffold91","GLEAN","CDS"],[1,182789,182894,1,0,"scaffold91","GLEAN","CDS"],[1,183158,183263,1,0,"scaffold91","GLEAN","CDS"],[1,183333,183456,1,0,"scaffold91","GLEAN","CDS"],[1,184532,184621,1,0,"scaffold91","GLEAN","CDS"],[1,188038,188075,1,1,"scaffold91","GLEAN","CDS"],[1,190300,190378,1,0,"scaffold91","GLEAN","CDS"],[1,190552,190618,1,0,"scaffold91","GLEAN","CDS"],[1,198798,198865,1,0,"scaffold91","GLEAN","CDS"],[1,204115,204223,1,2,"scaffold91","GLEAN","CDS"],[1,205104,205169,1,2,"scaffold91","GLEAN","CDS"],[1,206216,206295,1,0,"scaffold91","GLEAN","CDS"],[1,208043,208276,1,2,"scaffold91","GLEAN","CDS"],[1,208764,208962,1,0,"scaffold91","GLEAN","CDS"]],"mRNA"],[0,228461,230418,1,"lamu_GLEAN_10003813",0.508918,"scaffold91","GLEAN",[[1,228461,228768,1,0,"scaffold91","GLEAN","CDS"],[1,229543,229698,1,2,"scaffold91","GLEAN","CDS"],[1,230039,230288,1,0,"scaffold91","GLEAN","CDS"],[1,230400,230418,1,0,"scaffold91","GLEAN","CDS"]],"mRNA"],[0,258788,259376,-1,"lamu_GLEAN_10003814",0.653929,"scaffold91","GLEAN",[[1,259316,259376,-1,0,"scaffold91","GLEAN","CDS"],[1,258788,259007,-1,0,"scaffold91","GLEAN","CDS"]],"mRNA"],[0,263717,270337,-1,"lamu_GLEAN_10003815",0.933192,"scaffold91","GLEAN",[[1,270240,270337,-1,0,"scaffold91","GLEAN","CDS"],[1,270018,270154,-1,2,"scaffold91","GLEAN","CDS"],[1,268893,268965,-1,1,"scaffold91","GLEAN","CDS"],[1,264664,264762,-1,1,"scaffold91","GLEAN","CDS"],[1,264204,264372,-1,2,"scaffold91","GLEAN","CDS"],[1,263717,264085,-1,2,"scaffold91","GLEAN","CDS"]],"mRNA"],[0,294642,304408,-1,"lamu_GLEAN_10003816",0.704845,"scaffold91","GLEAN",[[1,304390,304408,-1,0,"scaffold91","GLEAN","CDS"],[1,303888,304002,-1,0,"scaffold91","GLEAN","CDS"],[1,303687,303757,-1,0,"scaffold91","GLEAN","CDS"],[1,303460,303609,-1,2,"scaffold91","GLEAN","CDS"],[1,301512,301614,-1,0,"scaffold91","GLEAN","CDS"],[1,301234,301435,-1,0,"scaffold91","GLEAN","CDS"],[1,300240,300359,-1,0,"scaffold91","GLEAN","CDS"],[1,298331,298425,-1,1,"scaffold91","GLEAN","CDS"],[1,297977,298097,-1,0,"scaffold91","GLEAN","CDS"],[1,296543,296618,-1,0,"scaffold91","GLEAN","CDS"],[1,294642,294768,-1,0,"scaffold91","GLEAN","CDS"]],"mRNA"],[0,339525,343694,1,"lamu_GLEAN_10003817",0.957889,"scaffold91","GLEAN",[[1,339525,339543,1,0,"scaffold91","GLEAN","CDS"],[1,340722,340870,1,0,"scaffold91","GLEAN","CDS"],[1,341867,342034,1,2,"scaffold91","GLEAN","CDS"],[1,342129,342234,1,0,"scaffold91","GLEAN","CDS"],[1,342591,342762,1,0,"scaffold91","GLEAN","CDS"],[1,342838,342991,1,0,"scaffold91","GLEAN","CDS"],[1,343452,343527,1,0,"scaffold91","GLEAN","CDS"],[1,343655,343694,1,0,"scaffold91","GLEAN","CDS"]],"mRNA"],[0,344541,345879,-1,"lamu_GLEAN_10003818",0.99993,"scaffold91","GLEAN",[[1,344541,345879,-1,0,"scaffold91","GLEAN","CDS"]],"mRNA"],[0,364403,365636,-1,"lamu_GLEAN_10003819",0.997474,"scaffold91","GLEAN",[[1,365209,365636,-1,0,"scaffold91","GLEAN","CDS"],[1,364403,364954,-1,2,"scaffold91","GLEAN","CDS"]],"mRNA"],[0,390484,392022,1,"lamu_GLEAN_10003820",0.693914,"scaffold91","GLEAN",[[1,390484,390901,1,0,"scaffold91","GLEAN","CDS"],[1,391471,391595,1,0,"scaffold91","GLEAN","CDS"],[1,392005,392022,1,2,"scaffold91","GLEAN","CDS"]],"mRNA"],[0,401486,403251,1,"lamu_GLEAN_10003821",0.99996,"scaffold91","GLEAN",[[1,401486,402889,1,0,"scaffold91","GLEAN","CDS"],[1,403079,403251,1,1,"scaffold91","GLEAN","CDS"]],"mRNA"],[0,416210,421023,-1,"lamu_GLEAN_10003822",0.992755,"scaffold91","GLEAN",[[1,420618,421023,-1,0,"scaffold91","GLEAN","CDS"],[1,416895,417830,-1,0,"scaffold91","GLEAN","CDS"],[1,416210,416682,-1,1,"scaffold91","GLEAN","CDS"]],"mRNA"],[0,465498,468018,1,"lamu_GLEAN_10003823",0.998313,"scaffold91","GLEAN",[[1,465498,468018,1,0,"scaffold91","GLEAN","CDS"]],"mRNA"],[0,469274,471194,1,"lamu_GLEAN_10003824",0.689209,"scaffold91","GLEAN",[[1,469274,469379,1,0,"scaffold91","GLEAN","CDS"],[1,471143,471194,1,0,"scaffold91","GLEAN","CDS"]],