{"featureCount":24,"formatVersion":1,"histograms":{"meta":[{"arrayParams":{"chunkSize":10000,"length":9,"urlTemplate":"hist-100000-{Chunk}.json"},"basesPerBin":"100000"}],"stats":[{"basesPerBin":"100000","max":5,"mean":2.66666666666667}]},"intervals":{"classes":[{"attributes":["Start","End","Strand","Id","Score","Seq_id","Source","Subfeatures","Type"],"isArrayAttr":{"Subfeatures":1}},{"attributes":["Start","End","Strand","Phase","Seq_id","Source","Type"],"isArrayAttr":{}},{"attributes":["Start","End","Chunk"],"isArrayAttr":{"Sublist":1}}],"count":24,"lazyClass":2,"maxEnd":881329,"minStart":6722,"nclist":[[0,6722,22515,-1,"lamu_GLEAN_10004823",0.143681,"scaffold125","GLEAN",[[1,22454,22515,-1,0,"scaffold125","GLEAN","CDS"],[1,21418,21632,-1,2,"scaffold125","GLEAN","CDS"],[1,19468,19628,-1,1,"scaffold125","GLEAN","CDS"],[1,19205,19321,-1,0,"scaffold125","GLEAN","CDS"],[1,19026,19117,-1,1,"scaffold125","GLEAN","CDS"],[1,18830,18926,-1,0,"scaffold125","GLEAN","CDS"],[1,18618,18732,-1,0,"scaffold125","GLEAN","CDS"],[1,18422,18506,-1,0,"scaffold125","GLEAN","CDS"],[1,18136,18292,-1,0,"scaffold125","GLEAN","CDS"],[1,17963,18038,-1,0,"scaffold125","GLEAN","CDS"],[1,17768,17875,-1,0,"scaffold125","GLEAN","CDS"],[1,17412,17602,-1,1,"scaffold125","GLEAN","CDS"],[1,17122,17311,-1,0,"scaffold125","GLEAN","CDS"],[1,16946,17027,-1,0,"scaffold125","GLEAN","CDS"],[1,16721,16862,-1,0,"scaffold125","GLEAN","CDS"],[1,16299,16625,-1,0,"scaffold125","GLEAN","CDS"],[1,16062,16174,-1,1,"scaffold125","GLEAN","CDS"],[1,15491,15613,-1,0,"scaffold125","GLEAN","CDS"],[1,6722,7011,-1,1,"scaffold125","GLEAN","CDS"]],"mRNA"],[0,32252,42050,1,"lamu_GLEAN_10004824",0.725715,"scaffold125","GLEAN",[[1,32252,32458,1,0,"scaffold125","GLEAN","CDS"],[1,33177,33370,1,1,"scaffold125","GLEAN","CDS"],[1,33482,33572,1,0,"scaffold125","GLEAN","CDS"],[1,34240,34310,1,0,"scaffold125","GLEAN","CDS"],[1,34478,34543,1,2,"scaffold125","GLEAN","CDS"],[1,35194,35249,1,0,"scaffold125","GLEAN","CDS"],[1,36512,36640,1,2,"scaffold125","GLEAN","CDS"],[1,36725,36809,1,0,"scaffold125","GLEAN","CDS"],[1,36895,36945,1,0,"scaffold125","GLEAN","CDS"],[1,37668,37738,1,1,"scaffold125","GLEAN","CDS"],[1,38558,38663,1,0,"scaffold125","GLEAN","CDS"],[1,38795,38885,1,0,"scaffold125","GLEAN","CDS"],[1,38968,39117,1,0,"scaffold125","GLEAN","CDS"],[1,39289,39401,1,1,"scaffold125","GLEAN","CDS"],[1,39477,39561,1,0,"scaffold125","GLEAN","CDS"],[1,40121,40202,1,0,"scaffold125","GLEAN","CDS"],[1,40282,40507,1,0,"scaffold125","GLEAN","CDS"],[1,41408,41531,1,0,"scaffold125","GLEAN","CDS"],[1,41933,42050,1,0,"scaffold125","GLEAN","CDS"]],"mRNA"],[0,43661,49388,-1,"lamu_GLEAN_10004825",0.628631,"scaffold125","GLEAN",[[1,49295,49388,-1,0,"scaffold125","GLEAN","CDS"],[1,45113,45192,-1,0,"scaffold125","GLEAN","CDS"],[1,44928,44998,-1,2,"scaffold125","GLEAN","CDS"],[1,44648,44667,-1,1,"scaffold125","GLEAN","CDS"],[1,44290,44392,-1,0,"scaffold125","GLEAN","CDS"],[1,44002,44167,-1,0,"scaffold125","GLEAN","CDS"],[1,43661,43847,-1,0,"scaffold125","GLEAN","CDS"]],"mRNA"],[0,59716,66132,-1,"lamu_GLEAN_10004826",0.588879,"scaffold125","GLEAN",[[1,65958,66132,-1,0,"scaffold125","GLEAN","CDS"],[1,65622,65759,-1,0,"scaffold125","GLEAN","CDS"],[1,63809,64152,-1,1,"scaffold125","GLEAN","CDS"],[1,62205,62430,-1,0,"scaffold125","GLEAN","CDS"],[1,61539,61768,-1,0,"scaffold125","GLEAN","CDS"],[1,60695,60874,-1,2,"scaffold125","GLEAN","CDS"],[1,60010,60076,-1,0,"scaffold125","GLEAN","CDS"],[1,59716,59794,-1,0,"scaffold125","GLEAN","CDS"]],"mRNA"],[0,67599,80647,-1,"lamu_GLEAN_10004827",0.844609,"scaffold125","GLEAN",[[1,80246,80647,-1,0,"scaffold125","GLEAN","CDS"],[1,79565,79979,-1,1,"scaffold125","GLEAN","CDS"],[1,73253,73416,-1,1,"scaffold125","GLEAN","CDS"],[1,73010,73121,-1,0,"scaffold125","GLEAN","CDS"],[1,72153,72222,-1,0,"scaffold125","GLEAN","CDS"],[1,70174,70261,-1,0,"scaffold125","GLEAN","CDS"],[1,67599,68391,-1,0,"scaffold125","GLEAN","CDS"]],"mRNA"],[0,100296,102027,-1,"lamu_GLEAN_10004828",0.999887,"scaffold125","GLEAN",[[1,101835,102027,-1,0,"scaffold125","GLEAN","CDS"],[1,101383,101556,-1,0,"scaffold125","GLEAN","CDS"],[1,100296,100462,-1,1,"scaffold125","GLEAN","CDS"]],"mRNA"],[0,106430,132968,1,"lamu_GLEAN_10004829",0.409667,"scaffold125","GLEAN",[[1,106430,107237,1,0,"scaffold125","GLEAN","CDS"],[1,112082,112154,1,0,"scaffold125","GLEAN","CDS"],[1,112423,112486,1,0,"scaffold125","GLEAN","CDS"],[1,112568,112634,1,0,"scaffold125","GLEAN","CDS"],[1,113432,113532,1,0,"scaffold125","GLEAN","CDS"],[1,113754,113856,1,2,"scaffold125","GLEAN","CDS"],[1,114166,114399,1,2,"scaffold125","GLEAN","CDS"],[1,114496,114611,1,0,"scaffold125","GLEAN","CDS"],[1,115724,115875,1,2,"scaffold125","GLEAN","CDS"],[1,115990,116166,1,1,"scaffold125","GLEAN","CDS"],[1,117855,117903,1,2,"scaffold125","GLEAN","CDS"],[1,119270,119447,1,2,"scaffold125","GLEAN","CDS"],[1,121471,121599,1,2,"scaffold125","GLEAN","CDS"],[1,123024,123193,1,0,"scaffold125","GLEAN","CDS"],[1,124771,124890,1,2,"scaffold125","GLEAN","CDS"],[1,125122,125291,1,0,"scaffold125","GLEAN","CDS"],[1,125467,125552,1,2,"scaffold125","GLEAN","CDS"],[1,125655,125729,1,1,"scaffold125","GLEAN","CDS"],[1,125812,125932,1,2,"scaffold125","GLEAN","CDS"],[1,126816,127024,1,2,"scaffold125","GLEAN","CDS"],[1,129272,129454,1,1,"scaffold125","GLEAN","CDS"],[1,130063,130219,1,2,"scaffold125","GLEAN","CDS"],[1,130869,131001,1,2,"scaffold125","GLEAN","CDS"],[1,131639,131698,1,2,"scaffold125","GLEAN","CDS"],[1,132464,132497,1,0,"scaffold125","GLEAN","CDS"],[1,132584,132716,1,0,"scaffold125","GLEAN","CDS"],[1,132914,132968,1,0,"scaffold125","GLEAN","CDS"]],"mRNA"],[0,134945,136727,-1,"lamu_GLEAN_10004830",1,"scaffold125","GLEAN",[[1,134945,136727,-1,0,"scaffold125","GLEAN","CDS"]],"mRNA"],[0,157445,159225,-1,"lamu_GLEAN_10004831",0.994337,"scaffold125","GLEAN",[[1,158942,159225,-1,0,"scaffold125","GLEAN","CDS"],[1,157445,158827,-1,2,"scaffold125","GLEAN","CDS"]],"mRNA"],[0,181264,183803,-1,"lamu_GLEAN_10004832",0.999819,"scaffold125","GLEAN",[[1,183376,183803,-1,0,"scaffold125","GLEAN","CDS"],[1,181264,182634,-1,2,"scaffold125","GLEAN","CDS"]],"mRNA"],[0,212161,230642,-1,"lamu_GLEAN_10004833",0.990465,"scaffold125","GLEAN",[[1,230481,230642,-1,0,"scaffold125","GLEAN","CDS"],[1,229426,229570,-1,1,"scaffold125","GLEAN","CDS"],[1,228201,228280,-1,1,"scaffold125","GLEAN","CDS"],[1,227301,227393,-1,0,"scaffold125","GLEAN","CDS"],[1,225257,225372,-1,1,"scaffold125","GLEAN","CDS"],[1,222389,222490,-1,0,"scaffold125","GLEAN","CDS"],[1,222169,222231,-1,1,"scaffold125","GLEAN","CDS"],[1,221434,221662,-1,2,"scaffold125","GLEAN","CDS"],[1,220888,221003,-1,2,"scaffold125","GLEAN","CDS"],[1,220561,220756,-1,1,"scaffold125","GLEAN","CDS"],[1,216487,216888,-1,1,"scaffold125","GLEAN","CDS"],[1,214969,215131,-1,2,"scaffold125","GLEAN","CDS"],[1,212161,213246,-1,2,"scaffold125","GLEAN","CDS"]],"mRNA"],[0,238504,242891,-1,"lamu_GLEAN_10004834",0.28314,"scaffold125","GLEAN",[[1,242832,242891,-1,0,"scaffold125","GLEAN","CDS"],[1,241957,242018,-1,1,"scaffold125","GLEAN","CDS"],[1,241775,241816,-1,0,"scaffold125","GLEAN","CDS"],[1,241440,241510,-1,1,"scaffold125","GLEAN","CDS"],[1,239345,240371,-1,0,"scaffold125","GLEAN","CDS"],[1,238504,239053,-1,0,"scaffold125","GLEAN","CDS"]],"mRNA"],[0,268580,276814,1,"lamu_GLEAN_10004835",0.997781,"scaffold125","GLEAN",[[1,268580,269370,1,0,"scaffold125","GLEAN","CDS"],[1,271555,271737,1,2,"scaffold125","GLEAN","CDS"],[1,272594,272818,1,0,"scaffold125","GLEAN","CDS"],[1,274958,275289,1,1,"scaffold125","GLEAN","CDS"],[1,276340,276814,1,0,"scaffold125","GLEAN","CDS"]],