{"featureCount":27,"formatVersion":1,"histograms":{"meta":[{"arrayParams":{"chunkSize":10000,"length":7,"urlTemplate":"hist-50000-{Chunk}.json"},"basesPerBin":"50000"}],"stats":[{"basesPerBin":"50000","max":10,"mean":4}]},"intervals":{"classes":[{"attributes":["Start","End","Strand","Id","Score","Seq_id","Source","Subfeatures","Type"],"isArrayAttr":{"Subfeatures":1}},{"attributes":["Start","End","Strand","Phase","Seq_id","Source","Type"],"isArrayAttr":{}},{"attributes":["Start","End","Chunk"],"isArrayAttr":{"Sublist":1}}],"count":27,"lazyClass":2,"maxEnd":303261,"minStart":7102,"nclist":[[0,7102,9069,1,"lamu_GLEAN_10001577",0.629102,"scaffold165","GLEAN",[[1,7102,7662,1,0,"scaffold165","GLEAN","CDS"],[1,8294,8524,1,1,"scaffold165","GLEAN","CDS"],[1,8610,8737,1,2,"scaffold165","GLEAN","CDS"],[1,8817,8879,1,1,"scaffold165","GLEAN","CDS"],[1,9028,9069,1,2,"scaffold165","GLEAN","CDS"]],"mRNA"],[0,11016,15300,-1,"lamu_GLEAN_10001578",0.91128,"scaffold165","GLEAN",[[1,14981,15300,-1,0,"scaffold165","GLEAN","CDS"],[1,12679,13124,-1,2,"scaffold165","GLEAN","CDS"],[1,12399,12515,-1,1,"scaffold165","GLEAN","CDS"],[1,11016,11438,-1,2,"scaffold165","GLEAN","CDS"]],"mRNA"],[0,16025,17882,1,"lamu_GLEAN_10001579",1,"scaffold165","GLEAN",[[1,16025,16580,1,0,"scaffold165","GLEAN","CDS"],[1,17150,17882,1,0,"scaffold165","GLEAN","CDS"]],"mRNA"],[0,29065,34366,1,"lamu_GLEAN_10001580",0.998426,"scaffold165","GLEAN",[[1,29065,29141,1,0,"scaffold165","GLEAN","CDS"],[1,29610,29813,1,2,"scaffold165","GLEAN","CDS"],[1,30563,30601,1,0,"scaffold165","GLEAN","CDS"],[1,30680,30760,1,1,"scaffold165","GLEAN","CDS"],[1,30951,31019,1,2,"scaffold165","GLEAN","CDS"],[1,31522,31835,1,0,"scaffold165","GLEAN","CDS"],[1,32391,32504,1,2,"scaffold165","GLEAN","CDS"],[1,32584,32650,1,0,"scaffold165","GLEAN","CDS"],[1,33145,33236,1,0,"scaffold165","GLEAN","CDS"],[1,33391,33459,1,2,"scaffold165","GLEAN","CDS"],[1,34031,34069,1,0,"scaffold165","GLEAN","CDS"],[1,34179,34366,1,1,"scaffold165","GLEAN","CDS"]],"mRNA"],[0,36160,37180,1,"lamu_GLEAN_10001581",1,"scaffold165","GLEAN",[[1,36160,36287,1,0,"scaffold165","GLEAN","CDS"],[1,36412,36663,1,2,"scaffold165","GLEAN","CDS"],[1,36811,37180,1,0,"scaffold165","GLEAN","CDS"]],"mRNA"],[0,38854,39939,-1,"lamu_GLEAN_10001582",1,"scaffold165","GLEAN",[[1,39723,39939,-1,0,"scaffold165","GLEAN","CDS"],[1,39519,39630,-1,0,"scaffold165","GLEAN","CDS"],[1,39351,39408,-1,0,"scaffold165","GLEAN","CDS"],[1,39197,39260,-1,0,"scaffold165","GLEAN","CDS"],[1,39043,39106,-1,0,"scaffold165","GLEAN","CDS"],[1,38854,38932,-1,0,"scaffold165","GLEAN","CDS"]],"mRNA"],[0,51193,53044,1,"lamu_GLEAN_10001583",0.477989,"scaffold165","GLEAN",[[1,51193,52177,1,0,"scaffold165","GLEAN","CDS"],[1,52463,52850,1,0,"scaffold165","GLEAN","CDS"],[1,52942,53044,1,0,"scaffold165","GLEAN","CDS"]],"mRNA"],[0,54356,60103,1,"lamu_GLEAN_10001584",0.927204,"scaffold165","GLEAN",[[1,54356,54403,1,0,"scaffold165","GLEAN","CDS"],[1,55183,55586,1,1,"scaffold165","GLEAN","CDS"],[1,55861,55977,1,0,"scaffold165","GLEAN","CDS"],[1,56120,56279,1,1,"scaffold165","GLEAN","CDS"],[1,56544,56881,1,1,"scaffold165","GLEAN","CDS"],[1,57252,57371,1,0,"scaffold165","GLEAN","CDS"],[1,57459,57532,1,1,"scaffold165","GLEAN","CDS"],[1,57769,57993,1,0,"scaffold165","GLEAN","CDS"],[1,58094,58151,1,1,"scaffold165","GLEAN","CDS"],[1,58254,58414,1,1,"scaffold165","GLEAN","CDS"],[1,59249,59375,1,0,"scaffold165","GLEAN","CDS"],[1,59469,59640,1,0,"scaffold165","GLEAN","CDS"],[1,59843,59903,1,0,"scaffold165","GLEAN","CDS"],[1,59995,60103,1,0,"scaffold165","GLEAN","CDS"]],"mRNA"],[0,61596,67120,-1,"lamu_GLEAN_10001585",0.997768,"scaffold165","GLEAN",[[1,66913,67120,-1,0,"scaffold165","GLEAN","CDS"],[1,64599,65349,-1,0,"scaffold165","GLEAN","CDS"],[1,64223,64379,-1,0,"scaffold165","GLEAN","CDS"],[1,62486,63440,-1,0,"scaffold165","GLEAN","CDS"],[1,62107,62207,-1,0,"scaffold165","GLEAN","CDS"],[1,61815,61859,-1,2,"scaffold165","GLEAN","CDS"],[1,61596,61638,-1,0,"scaffold165","GLEAN","CDS"]],"mRNA"],[0,68106,74196,-1,"lamu_GLEAN_10001586",0.577324,"scaffold165","GLEAN",[[1,73809,74196,-1,0,"scaffold165","GLEAN","CDS"],[1,72901,72991,-1,0,"scaffold165","GLEAN","CDS"],[1,72185,72230,-1,0,"scaffold165","GLEAN","CDS"],[1,72053,72108,-1,0,"scaffold165","GLEAN","CDS"],[1,71809,71946,-1,2,"scaffold165","GLEAN","CDS"],[1,71311,71701,-1,0,"scaffold165","GLEAN","CDS"],[1,70925,71194,-1,0,"scaffold165","GLEAN","CDS"],[1,70685,70833,-1,1,"scaffold165","GLEAN","CDS"],[1,70527,70578,-1,0,"scaffold165","GLEAN","CDS"],[1,69270,69641,-1,0,"scaffold165","GLEAN","CDS"],[1,68527,69179,-1,1,"scaffold165","GLEAN","CDS"],[1,68106,68424,-1,0,"scaffold165","GLEAN","CDS"]],"mRNA"],[0,79995,82101,-1,"lamu_GLEAN_10001587",0.865297,"scaffold165","GLEAN",[[1,82003,82101,-1,0,"scaffold165","GLEAN","CDS"],[1,81551,81780,-1,1,"scaffold165","GLEAN","CDS"],[1,80907,80999,-1,0,"scaffold165","GLEAN","CDS"],[1,80685,80782,-1,1,"scaffold165","GLEAN","CDS"],[1,80356,80413,-1,0,"scaffold165","GLEAN","CDS"],[1,79995,80115,-1,0,"scaffold165","GLEAN","CDS"]],"mRNA"],[0,87426,88167,1,"lamu_GLEAN_10001588",1,"scaffold165","GLEAN",[[1,87426,88167,1,0,"scaffold165","GLEAN","CDS"]],"mRNA"],[0,94006,94717,-1,"lamu_GLEAN_10001589",0.967668,"scaffold165","GLEAN",[[1,94524,94717,-1,0,"scaffold165","GLEAN","CDS"],[1,94006,94398,-1,2,"scaffold165","GLEAN","CDS"]],"mRNA"],[0,95475,101997,-1,"lamu_GLEAN_10001590",0.403505,"scaffold165","GLEAN",[[1,100649,101997,-1,0,"scaffold165","GLEAN","CDS"],[1,99473,99646,-1,2,"scaffold165","GLEAN","CDS"],[1,99034,99136,-1,0,"scaffold165","GLEAN","CDS"],[1,98763,98928,-1,0,"scaffold165","GLEAN","CDS"],[1,98497,98638,-1,0,"scaffold165","GLEAN","CDS"],[1,98033,98188,-1,0,"scaffold165","GLEAN","CDS"],[1,97073,97098,-1,1,"scaffold165","GLEAN","CDS"],[1,96890,96976,-1,0,"scaffold165","GLEAN","CDS"],[1,96597,96676,-1,1,"scaffold165","GLEAN","CDS"],[1,96291,96414,-1,0,"scaffold165","GLEAN","CDS"],[1,95772,95829,-1,0,"scaffold165","GLEAN","CDS"],[1,95475,95691,-1,0,"scaffold165","GLEAN","CDS"]],"mRNA"],[0,103050,103780,1,"lamu_GLEAN_10001591",0.995943,"scaffold165","GLEAN",[[1,103050,103102,1,0,"scaffold165","GLEAN","CDS"],[1,103418,103780,1,2,"scaffold165","GLEAN","CDS"]],"mRNA"],[0,106804,107595,1,"lamu_GLEAN_10001592",0.637403,"scaffold165","GLEAN",[[1,106804,106832,1,0,"scaffold165","GLEAN","CDS"],[1,107092,107595,1,2,"scaffold165","GLEAN","CDS"]],"mRNA"],[0,108290,108721,1,"lamu_GLEAN_10001593",1,"scaffold165","GLEAN",[[1,108290,108366,1,0,"scaffold165","GLEAN","CDS"],[1,108446,108721,1,2,"scaffold165","GLEAN","CDS"]],"mRNA"],[0,111034,112047,1,"lamu_GLEAN_10001594",0.768918,"scaffold165","GLEAN",[[1,111034,111316,1,0,"scaffold165","GLEAN","CDS"],[1,111663,112047,1,0,"scaffold165","GLEAN","CDS"]],"mRNA"],[0,113049,118479,-1,"lamu_GLEAN_10001595",1,"scaffold165","GLEAN",[[1,118150,118479,-1,0,"scaffold165","GLEAN","CDS"],[1,117768,118004,-1,1,"scaffold165","GLEAN","CDS"],[1,117106,117288,-1,2,"scaffold165","GLEAN","CDS"],[1,115928,116000,-1,0,"scaffold165","GLEAN","CDS"],[1,115372,115440,-1,0,"scaffold165","GLEAN","CDS"],[1,114742,114863,-1,1,"scaffold165","GLEAN","CDS"],[1,113669,113735,-1,0,"scaffold165","GLEAN","CDS"],[1,113439,113562,-1,0,"scaffold165","GLEAN","CDS"],[1,113049,113121,-1,0,"scaffold165","GLEAN","CDS"]],