{"featureCount":3,"formatVersion":1,"histograms":{"meta":[{"arrayParams":{"chunkSize":10000,"length":2,"urlTemplate":"hist-100000-{Chunk}.json"},"basesPerBin":"100000"}],"stats":[{"basesPerBin":"100000","max":2,"mean":1.5}]},"intervals":{"classes":[{"attributes":["Start","End","Strand","Id","Score","Seq_id","Source","Subfeatures","Type"],"isArrayAttr":{"Subfeatures":1}},{"attributes":["Start","End","Strand","Phase","Seq_id","Source","Type"],"isArrayAttr":{}},{"attributes":["Start","End","Chunk"],"isArrayAttr":{"Sublist":1}}],"count":3,"lazyClass":2,"maxEnd":104741,"minStart":90630,"nclist":[[0,90630,92624,-1,"lamu_GLEAN_10000693",1,"scaffold284","GLEAN",[[1,92432,92624,-1,0,"scaffold284","GLEAN","CDS"],[1,92201,92321,-1,0,"scaffold284","GLEAN","CDS"],[1,91506,91737,-1,0,"scaffold284","GLEAN","CDS"],[1,90630,91008,-1,0,"scaffold284","GLEAN","CDS"]],"mRNA"],[0,94099,99954,1,"lamu_GLEAN_10000694",0.999645,"scaffold284","GLEAN",[[1,94099,94204,1,0,"scaffold284","GLEAN","CDS"],[1,94301,94380,1,0,"scaffold284","GLEAN","CDS"],[1,94495,94590,1,2,"scaffold284","GLEAN","CDS"],[1,95427,95537,1,0,"scaffold284","GLEAN","CDS"],[1,98359,98482,1,1,"scaffold284","GLEAN","CDS"],[1,98571,98664,1,1,"scaffold284","GLEAN","CDS"],[1,99049,99118,1,1,"scaffold284","GLEAN","CDS"],[1,99263,99352,1,1,"scaffold284","GLEAN","CDS"],[1,99437,99539,1,2,"scaffold284","GLEAN","CDS"],[1,99814,99954,1,2,"scaffold284","GLEAN","CDS"]],"mRNA"],[0,101605,104741,-1,"lamu_GLEAN_10000695",0.766508,"scaffold284","GLEAN",[[1,104603,104741,-1,0,"scaffold284","GLEAN","CDS"],[1,103894,103975,-1,0,"scaffold284","GLEAN","CDS"],[1,103645,103717,-1,0,"scaffold284","GLEAN","CDS"],[1,103466,103556,-1,0,"scaffold284","GLEAN","CDS"],[1,103004,103149,-1,0,"scaffold284","GLEAN","CDS"],[1,102807,102896,-1,2,"scaffold284","GLEAN","CDS"],[1,102349,102445,-1,0,"scaffold284","GLEAN","CDS"],[1,102118,102186,-1,0,"scaffold284","GLEAN","CDS"],[1,101910,102010,-1,1,"scaffold284","GLEAN","CDS"],[1,101605,101692,-1,0,"scaffold284","GLEAN","CDS"]],"mRNA"]],"urlTemplate":"lf-{Chunk}.json"}}