{"featureCount":7,"formatVersion":1,"histograms":{"meta":[{"arrayParams":{"chunkSize":10000,"length":2,"urlTemplate":"hist-100000-{Chunk}.json"},"basesPerBin":"100000"}],"stats":[{"basesPerBin":"100000","max":6,"mean":3.5}]},"intervals":{"classes":[{"attributes":["Start","End","Strand","Id","Score","Seq_id","Source","Subfeatures","Type"],"isArrayAttr":{"Subfeatures":1}},{"attributes":["Start","End","Strand","Phase","Seq_id","Source","Type"],"isArrayAttr":{}},{"attributes":["Start","End","Chunk"],"isArrayAttr":{"Sublist":1}}],"count":7,"lazyClass":2,"maxEnd":191203,"minStart":46833,"nclist":[[0,46833,47181,1,"lamu_GLEAN_10001168",0.999953,"scaffold207","GLEAN",[[1,46833,47181,1,0,"scaffold207","GLEAN","CDS"]],"mRNA"],[0,107866,109772,1,"lamu_GLEAN_10001169",0.806784,"scaffold207","GLEAN",[[1,107866,107896,1,0,"scaffold207","GLEAN","CDS"],[1,109309,109592,1,0,"scaffold207","GLEAN","CDS"],[1,109677,109772,1,2,"scaffold207","GLEAN","CDS"]],"mRNA"],[0,136609,138209,-1,"lamu_GLEAN_10001170",0.987379,"scaffold207","GLEAN",[[1,138197,138209,-1,0,"scaffold207","GLEAN","CDS"],[1,138067,138143,-1,0,"scaffold207","GLEAN","CDS"],[1,136609,136836,-1,2,"scaffold207","GLEAN","CDS"]],"mRNA"],[0,138240,146388,-1,"lamu_GLEAN_10001171",0.844342,"scaffold207","GLEAN",[[1,146219,146388,-1,0,"scaffold207","GLEAN","CDS"],[1,143697,145371,-1,2,"scaffold207","GLEAN","CDS"],[1,142725,142985,-1,2,"scaffold207","GLEAN","CDS"],[1,142450,142576,-1,0,"scaffold207","GLEAN","CDS"],[1,141925,142144,-1,0,"scaffold207","GLEAN","CDS"],[1,139762,140728,-1,0,"scaffold207","GLEAN","CDS"],[1,139557,139705,-1,0,"scaffold207","GLEAN","CDS"],[1,139440,139469,-1,2,"scaffold207","GLEAN","CDS"],[1,139150,139237,-1,0,"scaffold207","GLEAN","CDS"],[1,138844,138943,-1,0,"scaffold207","GLEAN","CDS"],[1,138240,138603,-1,0,"scaffold207","GLEAN","CDS"]],"mRNA"],[0,157274,171249,-1,"lamu_GLEAN_10001172",0.235184,"scaffold207","GLEAN",[[1,171093,171249,-1,0,"scaffold207","GLEAN","CDS"],[1,169586,170309,-1,0,"scaffold207","GLEAN","CDS"],[1,168970,169168,-1,0,"scaffold207","GLEAN","CDS"],[1,168545,168857,-1,0,"scaffold207","GLEAN","CDS"],[1,167710,167796,-1,0,"scaffold207","GLEAN","CDS"],[1,166761,167528,-1,1,"scaffold207","GLEAN","CDS"],[1,166358,166725,-1,2,"scaffold207","GLEAN","CDS"],[1,166022,166170,-1,1,"scaffold207","GLEAN","CDS"],[1,165745,165905,-1,0,"scaffold207","GLEAN","CDS"],[1,165469,165669,-1,2,"scaffold207","GLEAN","CDS"],[1,161064,161126,-1,0,"scaffold207","GLEAN","CDS"],[1,157860,158020,-1,1,"scaffold207","GLEAN","CDS"],[1,157274,157445,-1,0,"scaffold207","GLEAN","CDS"]],"mRNA"],[0,178224,182551,-1,"lamu_GLEAN_10001173",0.588679,"scaffold207","GLEAN",[[1,182506,182551,-1,0,"scaffold207","GLEAN","CDS"],[1,181905,182079,-1,0,"scaffold207","GLEAN","CDS"],[1,178224,178572,-1,0,"scaffold207","GLEAN","CDS"]],"mRNA"],[0,190339,191203,1,"lamu_GLEAN_10001174",0.998429,"scaffold207","GLEAN",[[1,190339,190468,1,0,"scaffold207","GLEAN","CDS"],[1,190563,190755,1,0,"scaffold207","GLEAN","CDS"],[1,191035,191203,1,0,"scaffold207","GLEAN","CDS"]],"mRNA"]],"urlTemplate":"lf-{Chunk}.json"}}