{"featureCount":10,"formatVersion":1,"histograms":{"meta":[{"arrayParams":{"chunkSize":10000,"length":4,"urlTemplate":"hist-50000-{Chunk}.json"},"basesPerBin":"50000"}],"stats":[{"basesPerBin":"50000","max":5,"mean":2.5}]},"intervals":{"classes":[{"attributes":["Start","End","Strand","Id","Score","Seq_id","Source","Subfeatures","Type"],"isArrayAttr":{"Subfeatures":1}},{"attributes":["Start","End","Strand","Phase","Seq_id","Source","Type"],"isArrayAttr":{}},{"attributes":["Start","End","Chunk"],"isArrayAttr":{"Sublist":1}}],"count":10,"lazyClass":2,"maxEnd":164593,"minStart":8971,"nclist":[[0,8971,10462,1,"lamu_GLEAN_10000989",1,"scaffold234","GLEAN",[[1,8971,9056,1,0,"scaffold234","GLEAN","CDS"],[1,10145,10462,1,2,"scaffold234","GLEAN","CDS"]],"mRNA"],[0,11525,15739,-1,"lamu_GLEAN_10000990",0.477537,"scaffold234","GLEAN",[[1,15584,15739,-1,0,"scaffold234","GLEAN","CDS"],[1,15413,15501,-1,1,"scaffold234","GLEAN","CDS"],[1,14562,14700,-1,0,"scaffold234","GLEAN","CDS"],[1,14386,14474,-1,0,"scaffold234","GLEAN","CDS"],[1,14185,14306,-1,2,"scaffold234","GLEAN","CDS"],[1,11525,11703,-1,1,"scaffold234","GLEAN","CDS"]],"mRNA"],[0,24682,26113,-1,"lamu_GLEAN_10000991",0.992724,"scaffold234","GLEAN",[[1,25824,26113,-1,0,"scaffold234","GLEAN","CDS"],[1,25100,25255,-1,2,"scaffold234","GLEAN","CDS"],[1,24682,24922,-1,0,"scaffold234","GLEAN","CDS"]],"mRNA"],[0,30296,35305,-1,"lamu_GLEAN_10000992",0.9954,"scaffold234","GLEAN",[[1,35115,35305,-1,0,"scaffold234","GLEAN","CDS"],[1,34835,35031,-1,2,"scaffold234","GLEAN","CDS"],[1,34627,34748,-1,1,"scaffold234","GLEAN","CDS"],[1,30538,30601,-1,0,"scaffold234","GLEAN","CDS"],[1,30296,30440,-1,0,"scaffold234","GLEAN","CDS"]],"mRNA"],[0,40944,43981,-1,"lamu_GLEAN_10000993",0.798852,"scaffold234","GLEAN",[[1,43949,43981,-1,0,"scaffold234","GLEAN","CDS"],[1,43699,43814,-1,1,"scaffold234","GLEAN","CDS"],[1,42909,42969,-1,0,"scaffold234","GLEAN","CDS"],[1,41969,42063,-1,0,"scaffold234","GLEAN","CDS"],[1,40944,41150,-1,2,"scaffold234","GLEAN","CDS"]],"mRNA"],[0,52773,60343,-1,"lamu_GLEAN_10000994",0.712582,"scaffold234","GLEAN",[[1,60279,60343,-1,0,"scaffold234","GLEAN","CDS"],[1,59594,59684,-1,2,"scaffold234","GLEAN","CDS"],[1,56318,56516,-1,2,"scaffold234","GLEAN","CDS"],[1,55392,55567,-1,2,"scaffold234","GLEAN","CDS"],[1,55246,55312,-1,1,"scaffold234","GLEAN","CDS"],[1,52773,53101,-1,1,"scaffold234","GLEAN","CDS"]],"mRNA"],[0,68467,70656,1,"lamu_GLEAN_10000995",0.999995,"scaffold234","GLEAN",[[1,68467,68608,1,0,"scaffold234","GLEAN","CDS"],[1,69622,69715,1,0,"scaffold234","GLEAN","CDS"],[1,70545,70656,1,0,"scaffold234","GLEAN","CDS"]],"mRNA"],[0,103069,105911,-1,"lamu_GLEAN_10000996",0.893154,"scaffold234","GLEAN",[[1,105579,105911,-1,0,"scaffold234","GLEAN","CDS"],[1,103069,104219,-1,1,"scaffold234","GLEAN","CDS"]],"mRNA"],[0,120887,124528,1,"lamu_GLEAN_10000997",0.998426,"scaffold234","GLEAN",[[1,120887,121269,1,0,"scaffold234","GLEAN","CDS"],[1,121954,122244,1,2,"scaffold234","GLEAN","CDS"],[1,122404,122639,1,0,"scaffold234","GLEAN","CDS"],[1,123959,124528,1,2,"scaffold234","GLEAN","CDS"]],"mRNA"],[0,162727,164593,1,"lamu_GLEAN_10000998",0.995697,"scaffold234","GLEAN",[[1,162727,164593,1,0,"scaffold234","GLEAN","CDS"]],"mRNA"]],"urlTemplate":"lf-{Chunk}.json"}}