{"featureCount":11,"formatVersion":1,"histograms":{"meta":[{"arrayParams":{"chunkSize":10000,"length":3,"urlTemplate":"hist-100000-{Chunk}.json"},"basesPerBin":"100000"}],"stats":[{"basesPerBin":"100000","max":5,"mean":4}]},"intervals":{"classes":[{"attributes":["Start","End","Strand","Id","Score","Seq_id","Source","Subfeatures","Type"],"isArrayAttr":{"Subfeatures":1}},{"attributes":["Start","End","Strand","Phase","Seq_id","Source","Type"],"isArrayAttr":{}},{"attributes":["Start","End","Chunk"],"isArrayAttr":{"Sublist":1}}],"count":11,"lazyClass":2,"maxEnd":239611,"minStart":17492,"nclist":[[0,17492,18347,-1,"lamu_GLEAN_10001339",0.846526,"scaffold182","GLEAN",[[1,18190,18347,-1,0,"scaffold182","GLEAN","CDS"],[1,17492,17638,-1,2,"scaffold182","GLEAN","CDS"]],"mRNA"],[0,22311,31237,1,"lamu_GLEAN_10001340",0.998745,"scaffold182","GLEAN",[[1,22311,23199,1,0,"scaffold182","GLEAN","CDS"],[1,24034,24162,1,0,"scaffold182","GLEAN","CDS"],[1,24961,25102,1,1,"scaffold182","GLEAN","CDS"],[1,25992,26079,1,1,"scaffold182","GLEAN","CDS"],[1,26220,26374,1,1,"scaffold182","GLEAN","CDS"],[1,27304,27364,1,0,"scaffold182","GLEAN","CDS"],[1,28470,28899,1,0,"scaffold182","GLEAN","CDS"],[1,29652,29948,1,0,"scaffold182","GLEAN","CDS"],[1,30165,30295,1,1,"scaffold182","GLEAN","CDS"],[1,30700,31237,1,0,"scaffold182","GLEAN","CDS"]],"mRNA"],[0,57498,57799,1,"lamu_GLEAN_10001341",0.786457,"scaffold182","GLEAN",[[1,57498,57717,1,0,"scaffold182","GLEAN","CDS"],[1,57778,57799,1,0,"scaffold182","GLEAN","CDS"]],"mRNA"],[0,92460,93334,1,"lamu_GLEAN_10001342",0.803162,"scaffold182","GLEAN",[[1,92460,93141,1,0,"scaffold182","GLEAN","CDS"],[1,93322,93334,1,0,"scaffold182","GLEAN","CDS"]],"mRNA"],[0,105788,108618,1,"lamu_GLEAN_10001343",0.999466,"scaffold182","GLEAN",[[1,105788,105890,1,0,"scaffold182","GLEAN","CDS"],[1,106379,106984,1,0,"scaffold182","GLEAN","CDS"],[1,107142,107374,1,1,"scaffold182","GLEAN","CDS"],[1,107475,108618,1,0,"scaffold182","GLEAN","CDS"]],"mRNA"],[0,134140,138716,-1,"lamu_GLEAN_10001344",0.85051,"scaffold182","GLEAN",[[1,138636,138716,-1,0,"scaffold182","GLEAN","CDS"],[1,138438,138533,-1,1,"scaffold182","GLEAN","CDS"],[1,138234,138337,-1,2,"scaffold182","GLEAN","CDS"],[1,136177,136261,-1,1,"scaffold182","GLEAN","CDS"],[1,135408,135448,-1,1,"scaffold182","GLEAN","CDS"],[1,134636,134705,-1,0,"scaffold182","GLEAN","CDS"],[1,134407,134517,-1,0,"scaffold182","GLEAN","CDS"],[1,134140,134288,-1,1,"scaffold182","GLEAN","CDS"]],"mRNA"],[0,145245,162784,-1,"lamu_GLEAN_10001345",0.999896,"scaffold182","GLEAN",[[1,162622,162784,-1,0,"scaffold182","GLEAN","CDS"],[1,162023,162119,-1,0,"scaffold182","GLEAN","CDS"],[1,159317,159523,-1,0,"scaffold182","GLEAN","CDS"],[1,158277,158523,-1,1,"scaffold182","GLEAN","CDS"],[1,157039,157178,-1,1,"scaffold182","GLEAN","CDS"],[1,156755,156968,-1,0,"scaffold182","GLEAN","CDS"],[1,155137,155343,-1,0,"scaffold182","GLEAN","CDS"],[1,154529,154590,-1,1,"scaffold182","GLEAN","CDS"],[1,146082,146192,-1,0,"scaffold182","GLEAN","CDS"],[1,145844,145991,-1,1,"scaffold182","GLEAN","CDS"],[1,145245,145363,-1,1,"scaffold182","GLEAN","CDS"]],"mRNA"],[0,164915,167057,-1,"lamu_GLEAN_10001346",0.933864,"scaffold182","GLEAN",[[1,166862,167057,-1,0,"scaffold182","GLEAN","CDS"],[1,166328,166452,-1,0,"scaffold182","GLEAN","CDS"],[1,164915,164935,-1,2,"scaffold182","GLEAN","CDS"]],"mRNA"],[0,197352,202662,1,"lamu_GLEAN_10001347",1,"scaffold182","GLEAN",[[1,197352,197418,1,0,"scaffold182","GLEAN","CDS"],[1,197510,197561,1,0,"scaffold182","GLEAN","CDS"],[1,200142,200235,1,0,"scaffold182","GLEAN","CDS"],[1,201879,201974,1,0,"scaffold182","GLEAN","CDS"],[1,202386,202501,1,1,"scaffold182","GLEAN","CDS"],[1,202596,202662,1,0,"scaffold182","GLEAN","CDS"]],"mRNA"],[0,203520,205032,-1,"lamu_GLEAN_10001348",0.999706,"scaffold182","GLEAN",[[1,203520,205032,-1,0,"scaffold182","GLEAN","CDS"]],"mRNA"],[0,233238,239611,-1,"lamu_GLEAN_10001349",0.999645,"scaffold182","GLEAN",[[1,239407,239611,-1,0,"scaffold182","GLEAN","CDS"],[1,239030,239123,-1,0,"scaffold182","GLEAN","CDS"],[1,238758,238834,-1,0,"scaffold182","GLEAN","CDS"],[1,236973,237083,-1,2,"scaffold182","GLEAN","CDS"],[1,234804,234896,-1,0,"scaffold182","GLEAN","CDS"],[1,234553,234727,-1,1,"scaffold182","GLEAN","CDS"],[1,234351,234445,-1,1,"scaffold182","GLEAN","CDS"],[1,233238,233322,-1,0,"scaffold182","GLEAN","CDS"]],"mRNA"]],"urlTemplate":"lf-{Chunk}.json"}}