{"featureCount":12,"formatVersion":1,"histograms":{"meta":[{"arrayParams":{"chunkSize":10000,"length":5,"urlTemplate":"hist-20000-{Chunk}.json"},"basesPerBin":"20000"}],"stats":[{"basesPerBin":"20000","max":4,"mean":2.4}]},"intervals":{"classes":[{"attributes":["Start","End","Strand","Id","Score","Seq_id","Source","Subfeatures","Type"],"isArrayAttr":{"Subfeatures":1}},{"attributes":["Start","End","Strand","Phase","Seq_id","Source","Type"],"isArrayAttr":{}},{"attributes":["Start","End","Chunk"],"isArrayAttr":{"Sublist":1}}],"count":12,"lazyClass":2,"maxEnd":89821,"minStart":13530,"nclist":[[0,13530,17122,1,"lamu_GLEAN_10000656",0.995466,"scaffold330","GLEAN",[[1,13530,13672,1,0,"scaffold330","GLEAN","CDS"],[1,13943,14121,1,2,"scaffold330","GLEAN","CDS"],[1,15004,15086,1,1,"scaffold330","GLEAN","CDS"],[1,15212,15467,1,0,"scaffold330","GLEAN","CDS"],[1,16030,16207,1,0,"scaffold330","GLEAN","CDS"],[1,16300,16468,1,0,"scaffold330","GLEAN","CDS"],[1,16930,17122,1,0,"scaffold330","GLEAN","CDS"]],"mRNA"],[0,17814,18789,-1,"lamu_GLEAN_10000657",1,"scaffold330","GLEAN",[[1,17814,18789,-1,0,"scaffold330","GLEAN","CDS"]],"mRNA"],[0,30337,33894,-1,"lamu_GLEAN_10000658",0.520976,"scaffold330","GLEAN",[[1,33069,33894,-1,0,"scaffold330","GLEAN","CDS"],[1,32198,32293,-1,0,"scaffold330","GLEAN","CDS"],[1,31881,32105,-1,1,"scaffold330","GLEAN","CDS"],[1,31333,31506,-1,2,"scaffold330","GLEAN","CDS"],[1,31062,31248,-1,0,"scaffold330","GLEAN","CDS"],[1,30797,30993,-1,0,"scaffold330","GLEAN","CDS"],[1,30337,30648,-1,2,"scaffold330","GLEAN","CDS"]],"mRNA"],[0,37816,39970,1,"lamu_GLEAN_10000659",1,"scaffold330","GLEAN",[[1,37816,37979,1,0,"scaffold330","GLEAN","CDS"],[1,38738,39049,1,2,"scaffold330","GLEAN","CDS"],[1,39150,39336,1,0,"scaffold330","GLEAN","CDS"],[1,39913,39970,1,0,"scaffold330","GLEAN","CDS"]],"mRNA"],[0,41371,42058,-1,"lamu_GLEAN_10000660",0.999857,"scaffold330","GLEAN",[[1,41859,42058,-1,0,"scaffold330","GLEAN","CDS"],[1,41371,41745,-1,2,"scaffold330","GLEAN","CDS"]],"mRNA"],[0,44202,44628,-1,"lamu_GLEAN_10000661",0.869378,"scaffold330","GLEAN",[[1,44202,44628,-1,0,"scaffold330","GLEAN","CDS"]],"mRNA"],[0,45285,45834,-1,"lamu_GLEAN_10000662",1,"scaffold330","GLEAN",[[1,45285,45834,-1,0,"scaffold330","GLEAN","CDS"]],"mRNA"],[0,48357,52195,-1,"lamu_GLEAN_10000663",0.937908,"scaffold330","GLEAN",[[1,52138,52195,-1,0,"scaffold330","GLEAN","CDS"],[1,51833,51972,-1,0,"scaffold330","GLEAN","CDS"],[1,49158,49236,-1,2,"scaffold330","GLEAN","CDS"],[1,48761,48943,-1,2,"scaffold330","GLEAN","CDS"],[1,48357,48468,-1,0,"scaffold330","GLEAN","CDS"]],"mRNA"],[0,66019,72809,1,"lamu_GLEAN_10000664",0.99157,"scaffold330","GLEAN",[[1,66019,66205,1,0,"scaffold330","GLEAN","CDS"],[1,67760,67841,1,0,"scaffold330","GLEAN","CDS"],[1,68058,68094,1,0,"scaffold330","GLEAN","CDS"],[1,68358,68598,1,0,"scaffold330","GLEAN","CDS"],[1,68674,68816,1,0,"scaffold330","GLEAN","CDS"],[1,69418,69741,1,2,"scaffold330","GLEAN","CDS"],[1,70335,70746,1,0,"scaffold330","GLEAN","CDS"],[1,70822,70951,1,0,"scaffold330","GLEAN","CDS"],[1,71063,71228,1,0,"scaffold330","GLEAN","CDS"],[1,72032,72338,1,0,"scaffold330","GLEAN","CDS"],[1,72668,72809,1,0,"scaffold330","GLEAN","CDS"]],"mRNA"],[0,73378,76135,1,"lamu_GLEAN_10000665",0.693547,"scaffold330","GLEAN",[[1,73378,73513,1,0,"scaffold330","GLEAN","CDS"],[1,73605,73701,1,0,"scaffold330","GLEAN","CDS"],[1,74071,74103,1,0,"scaffold330","GLEAN","CDS"],[1,74224,74387,1,1,"scaffold330","GLEAN","CDS"],[1,74951,75158,1,0,"scaffold330","GLEAN","CDS"],[1,75982,76135,1,0,"scaffold330","GLEAN","CDS"]],"mRNA"],[0,82227,86042,1,"lamu_GLEAN_10000666",0.560484,"scaffold330","GLEAN",[[1,82227,82425,1,0,"scaffold330","GLEAN","CDS"],[1,83111,83283,1,0,"scaffold330","GLEAN","CDS"],[1,83895,84049,1,2,"scaffold330","GLEAN","CDS"],[1,84139,84203,1,1,"scaffold330","GLEAN","CDS"],[1,84688,84796,1,0,"scaffold330","GLEAN","CDS"],[1,85507,85633,1,0,"scaffold330","GLEAN","CDS"],[1,85943,86042,1,0,"scaffold330","GLEAN","CDS"]],"mRNA"],[0,88942,89821,1,"lamu_GLEAN_10000667",0.999988,"scaffold330","GLEAN",[[1,88942,89821,1,0,"scaffold330","GLEAN","CDS"]],"mRNA"]],"urlTemplate":"lf-{Chunk}.json"}}