{"featureCount":5,"formatVersion":1,"histograms":{"meta":[{"arrayParams":{"chunkSize":10000,"length":2,"urlTemplate":"hist-200000-{Chunk}.json"},"basesPerBin":"200000"}],"stats":[{"basesPerBin":"200000","max":4,"mean":3}]},"intervals":{"classes":[{"attributes":["Start","End","Strand","Id","Score","Seq_id","Source","Subfeatures","Type"],"isArrayAttr":{"Subfeatures":1}},{"attributes":["Start","End","Strand","Phase","Seq_id","Source","Type"],"isArrayAttr":{}},{"attributes":["Start","End","Chunk"],"isArrayAttr":{"Sublist":1}}],"count":5,"lazyClass":2,"maxEnd":212279,"minStart":34592,"nclist":[[0,34592,38456,-1,"lamu_GLEAN_10001972",0.330535,"scaffold137","GLEAN",[[1,38402,38456,-1,0,"scaffold137","GLEAN","CDS"],[1,38146,38281,-1,0,"scaffold137","GLEAN","CDS"],[1,38015,38062,-1,0,"scaffold137","GLEAN","CDS"],[1,35998,36061,-1,1,"scaffold137","GLEAN","CDS"],[1,35797,35906,-1,1,"scaffold137","GLEAN","CDS"],[1,35237,35683,-1,0,"scaffold137","GLEAN","CDS"],[1,35055,35163,-1,1,"scaffold137","GLEAN","CDS"],[1,34592,34875,-1,1,"scaffold137","GLEAN","CDS"]],"mRNA"],[0,141176,148448,-1,"lamu_GLEAN_10001973",0.485984,"scaffold137","GLEAN",[[1,148082,148448,-1,0,"scaffold137","GLEAN","CDS"],[1,141852,141966,-1,0,"scaffold137","GLEAN","CDS"],[1,141176,141458,-1,0,"scaffold137","GLEAN","CDS"]],"mRNA"],[0,196369,196891,-1,"lamu_GLEAN_10001974",1,"scaffold137","GLEAN",[[1,196866,196891,-1,0,"scaffold137","GLEAN","CDS"],[1,196369,196758,-1,2,"scaffold137","GLEAN","CDS"]],"mRNA"],[0,198873,204666,-1,"lamu_GLEAN_10001975",0.995465,"scaffold137","GLEAN",[[1,204396,204666,-1,0,"scaffold137","GLEAN","CDS"],[1,203333,203390,-1,0,"scaffold137","GLEAN","CDS"],[1,203096,203225,-1,0,"scaffold137","GLEAN","CDS"],[1,202704,202782,-1,0,"scaffold137","GLEAN","CDS"],[1,202521,202592,-1,0,"scaffold137","GLEAN","CDS"],[1,202059,202109,-1,1,"scaffold137","GLEAN","CDS"],[1,201743,201942,-1,2,"scaffold137","GLEAN","CDS"],[1,200439,201010,-1,1,"scaffold137","GLEAN","CDS"],[1,200114,200258,-1,0,"scaffold137","GLEAN","CDS"],[1,198873,199020,-1,0,"scaffold137","GLEAN","CDS"]],"mRNA"],[0,209201,212279,1,"lamu_GLEAN_10001976",0.998792,"scaffold137","GLEAN",[[1,209201,212279,1,0,"scaffold137","GLEAN","CDS"]],"mRNA"]],"urlTemplate":"lf-{Chunk}.json"}}