{"featureCount":16,"formatVersion":1,"histograms":{"meta":[{"arrayParams":{"chunkSize":10000,"length":5,"urlTemplate":"hist-50000-{Chunk}.json"},"basesPerBin":"50000"}],"stats":[{"basesPerBin":"50000","max":5,"mean":3.4}]},"intervals":{"classes":[{"attributes":["Start","End","Strand","Id","Score","Seq_id","Source","Subfeatures","Type"],"isArrayAttr":{"Subfeatures":1}},{"attributes":["Start","End","Strand","Phase","Seq_id","Source","Type"],"isArrayAttr":{}},{"attributes":["Start","End","Chunk"],"isArrayAttr":{"Sublist":1}}],"count":16,"lazyClass":2,"maxEnd":217989,"minStart":9582,"nclist":[[0,9582,13439,1,"lamu_GLEAN_10001280",0.710399,"scaffold191","GLEAN",[[1,9582,9602,1,0,"scaffold191","GLEAN","CDS"],[1,9974,10365,1,1,"scaffold191","GLEAN","CDS"],[1,11088,11164,1,0,"scaffold191","GLEAN","CDS"],[1,11255,11344,1,2,"scaffold191","GLEAN","CDS"],[1,11473,11591,1,0,"scaffold191","GLEAN","CDS"],[1,11674,11778,1,2,"scaffold191","GLEAN","CDS"],[1,11869,12028,1,0,"scaffold191","GLEAN","CDS"],[1,12125,12350,1,0,"scaffold191","GLEAN","CDS"],[1,12443,12755,1,0,"scaffold191","GLEAN","CDS"],[1,13325,13439,1,0,"scaffold191","GLEAN","CDS"]],"mRNA"],[0,24935,29200,1,"lamu_GLEAN_10001281",1,"scaffold191","GLEAN",[[1,24935,25507,1,0,"scaffold191","GLEAN","CDS"],[1,27274,27374,1,1,"scaffold191","GLEAN","CDS"],[1,27476,27572,1,0,"scaffold191","GLEAN","CDS"],[1,27649,27730,1,0,"scaffold191","GLEAN","CDS"],[1,28963,29200,1,0,"scaffold191","GLEAN","CDS"]],"mRNA"],[0,30312,31435,-1,"lamu_GLEAN_10001282",0.782413,"scaffold191","GLEAN",[[1,31080,31435,-1,0,"scaffold191","GLEAN","CDS"],[1,30312,30863,-1,2,"scaffold191","GLEAN","CDS"]],"mRNA"],[0,33753,42977,1,"lamu_GLEAN_10001283",0.997786,"scaffold191","GLEAN",[[1,33753,34431,1,0,"scaffold191","GLEAN","CDS"],[1,34895,35846,1,0,"scaffold191","GLEAN","CDS"],[1,36512,36602,1,0,"scaffold191","GLEAN","CDS"],[1,36818,36887,1,0,"scaffold191","GLEAN","CDS"],[1,38596,38737,1,0,"scaffold191","GLEAN","CDS"],[1,40213,40262,1,0,"scaffold191","GLEAN","CDS"],[1,42118,42222,1,2,"scaffold191","GLEAN","CDS"],[1,42455,42977,1,0,"scaffold191","GLEAN","CDS"]],"mRNA"],[0,46480,54150,-1,"lamu_GLEAN_10001284",0.988022,"scaffold191","GLEAN",[[1,53981,54150,-1,0,"scaffold191","GLEAN","CDS"],[1,53358,53468,-1,2,"scaffold191","GLEAN","CDS"],[1,53159,53270,-1,0,"scaffold191","GLEAN","CDS"],[1,52146,52270,-1,0,"scaffold191","GLEAN","CDS"],[1,51654,51749,-1,2,"scaffold191","GLEAN","CDS"],[1,51406,51460,-1,0,"scaffold191","GLEAN","CDS"],[1,50458,50596,-1,0,"scaffold191","GLEAN","CDS"],[1,50034,50092,-1,0,"scaffold191","GLEAN","CDS"],[1,49784,49899,-1,2,"scaffold191","GLEAN","CDS"],[1,49505,49575,-1,1,"scaffold191","GLEAN","CDS"],[1,48961,49033,-1,0,"scaffold191","GLEAN","CDS"],[1,46931,47585,-1,0,"scaffold191","GLEAN","CDS"],[1,46480,46828,-1,0,"scaffold191","GLEAN","CDS"]],"mRNA"],[0,63603,64149,-1,"lamu_GLEAN_10001285",1,"scaffold191","GLEAN",[[1,63603,64149,-1,0,"scaffold191","GLEAN","CDS"]],"mRNA"],[0,65644,67233,-1,"lamu_GLEAN_10001286",0.998794,"scaffold191","GLEAN",[[1,66998,67233,-1,0,"scaffold191","GLEAN","CDS"],[1,66702,66848,-1,2,"scaffold191","GLEAN","CDS"],[1,65983,66473,-1,0,"scaffold191","GLEAN","CDS"],[1,65644,65886,-1,2,"scaffold191","GLEAN","CDS"]],"mRNA"],[0,106027,110766,-1,"lamu_GLEAN_10001287",0.997862,"scaffold191","GLEAN",[[1,110627,110766,-1,0,"scaffold191","GLEAN","CDS"],[1,110452,110549,-1,2,"scaffold191","GLEAN","CDS"],[1,110278,110364,-1,1,"scaffold191","GLEAN","CDS"],[1,110144,110189,-1,2,"scaffold191","GLEAN","CDS"],[1,107205,107336,-1,2,"scaffold191","GLEAN","CDS"],[1,106379,106490,-1,0,"scaffold191","GLEAN","CDS"],[1,106027,106285,-1,0,"scaffold191","GLEAN","CDS"]],"mRNA"],[0,133842,134450,-1,"lamu_GLEAN_10001288",0.997953,"scaffold191","GLEAN",[[1,134350,134450,-1,0,"scaffold191","GLEAN","CDS"],[1,133842,134114,-1,2,"scaffold191","GLEAN","CDS"]],"mRNA"],[0,154155,156938,-1,"lamu_GLEAN_10001289",0.997786,"scaffold191","GLEAN",[[1,156906,156938,-1,0,"scaffold191","GLEAN","CDS"],[1,156701,156772,-1,1,"scaffold191","GLEAN","CDS"],[1,156566,156616,-1,2,"scaffold191","GLEAN","CDS"],[1,156023,156097,-1,0,"scaffold191","GLEAN","CDS"],[1,155873,155936,-1,1,"scaffold191","GLEAN","CDS"],[1,155428,155516,-1,1,"scaffold191","GLEAN","CDS"],[1,154616,154679,-1,0,"scaffold191","GLEAN","CDS"],[1,154471,154551,-1,0,"scaffold191","GLEAN","CDS"],[1,154321,154393,-1,1,"scaffold191","GLEAN","CDS"],[1,154155,154237,-1,1,"scaffold191","GLEAN","CDS"]],"mRNA"],[0,161184,172534,1,"lamu_GLEAN_10001290",0.996608,"scaffold191","GLEAN",[[1,161184,161399,1,0,"scaffold191","GLEAN","CDS"],[1,166653,166678,1,1,"scaffold191","GLEAN","CDS"],[1,166760,166853,1,0,"scaffold191","GLEAN","CDS"],[1,167134,167316,1,0,"scaffold191","GLEAN","CDS"],[1,169523,169593,1,1,"scaffold191","GLEAN","CDS"],[1,169688,169757,1,0,"scaffold191","GLEAN","CDS"],[1,169852,169926,1,0,"scaffold191","GLEAN","CDS"],[1,170010,170161,1,1,"scaffold191","GLEAN","CDS"],[1,170592,170633,1,0,"scaffold191","GLEAN","CDS"],[1,171831,171978,1,1,"scaffold191","GLEAN","CDS"],[1,172053,172534,1,1,"scaffold191","GLEAN","CDS"]],"mRNA"],[0,174393,177173,-1,"lamu_GLEAN_10001291",0.50843,"scaffold191","GLEAN",[[1,176918,177173,-1,0,"scaffold191","GLEAN","CDS"],[1,175585,175657,-1,0,"scaffold191","GLEAN","CDS"],[1,175371,175439,-1,0,"scaffold191","GLEAN","CDS"],[1,175193,175281,-1,1,"scaffold191","GLEAN","CDS"],[1,174743,174824,-1,0,"scaffold191","GLEAN","CDS"],[1,174576,174666,-1,0,"scaffold191","GLEAN","CDS"],[1,174393,174483,-1,0,"scaffold191","GLEAN","CDS"]],"mRNA"],[0,187543,188515,1,"lamu_GLEAN_10001292",1,"scaffold191","GLEAN",[[1,187543,188515,1,0,"scaffold191","GLEAN","CDS"]],"mRNA"],[0,190570,195981,-1,"lamu_GLEAN_10001293",0.99691,"scaffold191","GLEAN",[[1,195924,195981,-1,0,"scaffold191","GLEAN","CDS"],[1,195609,195807,-1,0,"scaffold191","GLEAN","CDS"],[1,194640,194819,-1,0,"scaffold191","GLEAN","CDS"],[1,193637,193922,-1,1,"scaffold191","GLEAN","CDS"],[1,193485,193544,-1,1,"scaffold191","GLEAN","CDS"],[1,193340,193377,-1,2,"scaffold191","GLEAN","CDS"],[1,193173,193245,-1,1,"scaffold191","GLEAN","CDS"],[1,192360,192682,-1,1,"scaffold191","GLEAN","CDS"],[1,190570,190954,-1,0,"scaffold191","GLEAN","CDS"]],"mRNA"],[0,203904,204723,-1,"lamu_GLEAN_10001294",0.999998,"scaffold191","GLEAN",[[1,203904,204723,-1,0,"scaffold191","GLEAN","CDS"]],"mRNA"],[0,216645,217989,-1,"lamu_GLEAN_10001295",1,"scaffold191","GLEAN",[[1,216645,217989,-1,0,"scaffold191","GLEAN","CDS"]],"mRNA"]],"urlTemplate":"lf-{Chunk}.json"}}