{"featureCount":18,"formatVersion":1,"histograms":{"meta":[{"arrayParams":{"chunkSize":10000,"length":4,"urlTemplate":"hist-50000-{Chunk}.json"},"basesPerBin":"50000"}],"stats":[{"basesPerBin":"50000","max":6,"mean":5}]},"intervals":{"classes":[{"attributes":["Start","End","Strand","Id","Score","Seq_id","Source","Subfeatures","Type"],"isArrayAttr":{"Subfeatures":1}},{"attributes":["Start","End","Strand","Phase","Seq_id","Source","Type"],"isArrayAttr":{}},{"attributes":["Start","End","Chunk"],"isArrayAttr":{"Sublist":1}}],"count":18,"lazyClass":2,"maxEnd":194088,"minStart":1223,"nclist":[[0,1223,1664,-1,"lamu_GLEAN_10001183",0.631231,"scaffold204","GLEAN",[[1,1223,1664,-1,0,"scaffold204","GLEAN","CDS"]],"mRNA"],[0,18518,21976,1,"lamu_GLEAN_10001184",0.984518,"scaffold204","GLEAN",[[1,18518,18724,1,0,"scaffold204","GLEAN","CDS"],[1,19214,19384,1,1,"scaffold204","GLEAN","CDS"],[1,21566,21675,1,2,"scaffold204","GLEAN","CDS"],[1,21843,21976,1,1,"scaffold204","GLEAN","CDS"]],"mRNA"],[0,22774,23289,1,"lamu_GLEAN_10001185",0.769381,"scaffold204","GLEAN",[[1,22774,22792,1,0,"scaffold204","GLEAN","CDS"],[1,23181,23289,1,0,"scaffold204","GLEAN","CDS"]],"mRNA"],[0,27106,35984,1,"lamu_GLEAN_10001186",0.303856,"scaffold204","GLEAN",[[1,27106,27505,1,0,"scaffold204","GLEAN","CDS"],[1,27754,27880,1,0,"scaffold204","GLEAN","CDS"],[1,29426,29788,1,0,"scaffold204","GLEAN","CDS"],[1,30389,30663,1,1,"scaffold204","GLEAN","CDS"],[1,31969,32203,1,0,"scaffold204","GLEAN","CDS"],[1,33022,33550,1,0,"scaffold204","GLEAN","CDS"],[1,35328,35353,1,0,"scaffold204","GLEAN","CDS"],[1,35727,35984,1,2,"scaffold204","GLEAN","CDS"]],"mRNA"],[0,37875,39135,-1,"lamu_GLEAN_10001187",0.741958,"scaffold204","GLEAN",[[1,37875,39135,-1,0,"scaffold204","GLEAN","CDS"]],"mRNA"],[0,49310,50280,-1,"lamu_GLEAN_10001188",0.993937,"scaffold204","GLEAN",[[1,50195,50280,-1,0,"scaffold204","GLEAN","CDS"],[1,49850,50056,-1,2,"scaffold204","GLEAN","CDS"],[1,49310,49448,-1,0,"scaffold204","GLEAN","CDS"]],"mRNA"],[0,52646,53258,1,"lamu_GLEAN_10001189",0.999715,"scaffold204","GLEAN",[[1,52646,52715,1,0,"scaffold204","GLEAN","CDS"],[1,53117,53258,1,0,"scaffold204","GLEAN","CDS"]],"mRNA"],[0,62920,63322,1,"lamu_GLEAN_10001190",0.993667,"scaffold204","GLEAN",[[1,62920,63008,1,0,"scaffold204","GLEAN","CDS"],[1,63122,63322,1,2,"scaffold204","GLEAN","CDS"]],"mRNA"],[0,67104,84211,1,"lamu_GLEAN_10001191",0.0841776,"scaffold204","GLEAN",[[1,67104,67310,1,0,"scaffold204","GLEAN","CDS"],[1,67389,67464,1,1,"scaffold204","GLEAN","CDS"],[1,67542,67587,1,1,"scaffold204","GLEAN","CDS"],[1,68676,68920,1,1,"scaffold204","GLEAN","CDS"],[1,69008,69068,1,0,"scaffold204","GLEAN","CDS"],[1,69887,69955,1,0,"scaffold204","GLEAN","CDS"],[1,70549,70700,1,1,"scaffold204","GLEAN","CDS"],[1,70862,71318,1,0,"scaffold204","GLEAN","CDS"],[1,71606,72070,1,0,"scaffold204","GLEAN","CDS"],[1,72178,72192,1,1,"scaffold204","GLEAN","CDS"],[1,73217,73399,1,2,"scaffold204","GLEAN","CDS"],[1,73509,73902,1,0,"scaffold204","GLEAN","CDS"],[1,74178,74304,1,0,"scaffold204","GLEAN","CDS"],[1,74620,74686,1,0,"scaffold204","GLEAN","CDS"],[1,74772,76229,1,0,"scaffold204","GLEAN","CDS"],[1,76788,77068,1,1,"scaffold204","GLEAN","CDS"],[1,78776,79010,1,0,"scaffold204","GLEAN","CDS"],[1,82159,82687,1,0,"scaffold204","GLEAN","CDS"],[1,82814,82947,1,0,"scaffold204","GLEAN","CDS"],[1,83954,84211,1,2,"scaffold204","GLEAN","CDS"]],"mRNA"],[0,87242,92222,1,"lamu_GLEAN_10001192",1,"scaffold204","GLEAN",[[1,87242,87771,1,0,"scaffold204","GLEAN","CDS"],[1,88366,88807,1,2,"scaffold204","GLEAN","CDS"],[1,88998,89518,1,2,"scaffold204","GLEAN","CDS"],[1,90820,92222,1,1,"scaffold204","GLEAN","CDS"]],"mRNA"],[0,97086,99201,1,"lamu_GLEAN_10001193",1,"scaffold204","GLEAN",[[1,97086,97518,1,0,"scaffold204","GLEAN","CDS"],[1,99051,99201,1,0,"scaffold204","GLEAN","CDS"]],"mRNA"],[0,101161,103750,-1,"lamu_GLEAN_10001194",0.999799,"scaffold204","GLEAN",[[1,103312,103750,-1,0,"scaffold204","GLEAN","CDS"],[1,101161,102037,-1,0,"scaffold204","GLEAN","CDS"]],"mRNA"],[0,126089,127401,-1,"lamu_GLEAN_10001195",0.999981,"scaffold204","GLEAN",[[1,126929,127401,-1,0,"scaffold204","GLEAN","CDS"],[1,126089,126568,-1,2,"scaffold204","GLEAN","CDS"]],"mRNA"],[0,140466,145886,1,"lamu_GLEAN_10001196",0.954488,"scaffold204","GLEAN",[[1,140466,140474,1,0,"scaffold204","GLEAN","CDS"],[1,140597,140754,1,1,"scaffold204","GLEAN","CDS"],[1,142245,142324,1,0,"scaffold204","GLEAN","CDS"],[1,142448,142519,1,2,"scaffold204","GLEAN","CDS"],[1,142758,142847,1,0,"scaffold204","GLEAN","CDS"],[1,143494,143618,1,1,"scaffold204","GLEAN","CDS"],[1,143718,144002,1,0,"scaffold204","GLEAN","CDS"],[1,144908,145038,1,1,"scaffold204","GLEAN","CDS"],[1,145268,145886,1,0,"scaffold204","GLEAN","CDS"]],"mRNA"],[0,148013,155465,-1,"lamu_GLEAN_10001197",0.99771,"scaffold204","GLEAN",[[1,155135,155465,-1,0,"scaffold204","GLEAN","CDS"],[1,154948,155041,-1,0,"scaffold204","GLEAN","CDS"],[1,154446,154551,-1,0,"scaffold204","GLEAN","CDS"],[1,152680,152833,-1,0,"scaffold204","GLEAN","CDS"],[1,151478,151577,-1,0,"scaffold204","GLEAN","CDS"],[1,151269,151398,-1,0,"scaffold204","GLEAN","CDS"],[1,149465,149645,-1,0,"scaffold204","GLEAN","CDS"],[1,148785,148902,-1,0,"scaffold204","GLEAN","CDS"],[1,148013,148178,-1,0,"scaffold204","GLEAN","CDS"]],"mRNA"],[0,169409,170642,-1,"lamu_GLEAN_10001198",1,"scaffold204","GLEAN",[[1,169409,170642,-1,0,"scaffold204","GLEAN","CDS"]],"mRNA"],[0,174392,181686,-1,"lamu_GLEAN_10001199",0.999525,"scaffold204","GLEAN",[[1,181518,181686,-1,0,"scaffold204","GLEAN","CDS"],[1,180166,180326,-1,0,"scaffold204","GLEAN","CDS"],[1,178848,178944,-1,2,"scaffold204","GLEAN","CDS"],[1,177956,178033,-1,2,"scaffold204","GLEAN","CDS"],[1,177378,177458,-1,0,"scaffold204","GLEAN","CDS"],[1,176938,176999,-1,1,"scaffold204","GLEAN","CDS"],[1,176213,176281,-1,0,"scaffold204","GLEAN","CDS"],[1,176043,176125,-1,1,"scaffold204","GLEAN","CDS"],[1,175826,175910,-1,0,"scaffold204","GLEAN","CDS"],[1,175659,175737,-1,0,"scaffold204","GLEAN","CDS"],[1,175257,175377,-1,0,"scaffold204","GLEAN","CDS"],[1,174392,174569,-1,0,"scaffold204","GLEAN","CDS"]],"mRNA"],[0,189015,194088,1,"lamu_GLEAN_10001200",0.995574,"scaffold204","GLEAN",[[1,189015,189201,1,0,"scaffold204","GLEAN","CDS"],[1,191342,191549,1,0,"scaffold204","GLEAN","CDS"],[1,192320,192501,1,0,"scaffold204","GLEAN","CDS"],[1,193264,193413,1,2,"scaffold204","GLEAN","CDS"],[1,193703,193931,1,0,"scaffold204","GLEAN","CDS"],[1,194058,194088,1,0,"scaffold204","GLEAN","CDS"]],"mRNA"]],"urlTemplate":"lf-{Chunk}.json"}}