{"featureCount":9,"formatVersion":1,"histograms":{"meta":[{"arrayParams":{"chunkSize":10000,"length":3,"urlTemplate":"hist-50000-{Chunk}.json"},"basesPerBin":"50000"}],"stats":[{"basesPerBin":"50000","max":6,"mean":3}]},"intervals":{"classes":[{"attributes":["Start","End","Strand","Id","Score","Seq_id","Source","Subfeatures","Type"],"isArrayAttr":{"Subfeatures":1}},{"attributes":["Start","End","Strand","Phase","Seq_id","Source","Type"],"isArrayAttr":{}},{"attributes":["Start","End","Chunk"],"isArrayAttr":{"Sublist":1}}],"count":9,"lazyClass":2,"maxEnd":107497,"minStart":5151,"nclist":[[0,5151,7501,1,"lamu_GLEAN_10000768",0.218924,"scaffold334","GLEAN",[[1,5151,6261,1,0,"scaffold334","GLEAN","CDS"],[1,6383,6885,1,0,"scaffold334","GLEAN","CDS"],[1,7068,7327,1,2,"scaffold334","GLEAN","CDS"],[1,7431,7501,1,1,"scaffold334","GLEAN","CDS"]],"mRNA"],[0,19681,21037,1,"lamu_GLEAN_10000769",0.993222,"scaffold334","GLEAN",[[1,19681,21037,1,0,"scaffold334","GLEAN","CDS"]],"mRNA"],[0,21966,31230,-1,"lamu_GLEAN_10000770",0.5179,"scaffold334","GLEAN",[[1,30708,31230,-1,0,"scaffold334","GLEAN","CDS"],[1,27645,28399,-1,0,"scaffold334","GLEAN","CDS"],[1,26856,27439,-1,2,"scaffold334","GLEAN","CDS"],[1,26628,26770,-1,1,"scaffold334","GLEAN","CDS"],[1,26440,26548,-1,0,"scaffold334","GLEAN","CDS"],[1,24779,24992,-1,0,"scaffold334","GLEAN","CDS"],[1,24591,24702,-1,0,"scaffold334","GLEAN","CDS"],[1,23642,23837,-1,0,"scaffold334","GLEAN","CDS"],[1,22094,22269,-1,0,"scaffold334","GLEAN","CDS"],[1,21966,22004,-1,2,"scaffold334","GLEAN","CDS"]],"mRNA"],[0,44430,44790,-1,"lamu_GLEAN_10000771",0.970785,"scaffold334","GLEAN",[[1,44775,44790,-1,0,"scaffold334","GLEAN","CDS"],[1,44430,44535,-1,0,"scaffold334","GLEAN","CDS"]],"mRNA"],[0,47626,47968,-1,"lamu_GLEAN_10000772",0.999995,"scaffold334","GLEAN",[[1,47626,47968,-1,0,"scaffold334","GLEAN","CDS"]],"mRNA"],[0,49492,49834,-1,"lamu_GLEAN_10000773",0.999996,"scaffold334","GLEAN",[[1,49492,49834,-1,0,"scaffold334","GLEAN","CDS"]],"mRNA"],[0,62046,69192,-1,"lamu_GLEAN_10000774",0.997715,"scaffold334","GLEAN",[[1,69007,69192,-1,0,"scaffold334","GLEAN","CDS"],[1,67689,68003,-1,1,"scaffold334","GLEAN","CDS"],[1,66588,66803,-1,2,"scaffold334","GLEAN","CDS"],[1,66073,66097,-1,0,"scaffold334","GLEAN","CDS"],[1,64635,64816,-1,0,"scaffold334","GLEAN","CDS"],[1,64146,64366,-1,2,"scaffold334","GLEAN","CDS"],[1,63748,63884,-1,1,"scaffold334","GLEAN","CDS"],[1,62808,62959,-1,0,"scaffold334","GLEAN","CDS"],[1,62589,62633,-1,2,"scaffold334","GLEAN","CDS"],[1,62233,62296,-1,0,"scaffold334","GLEAN","CDS"],[1,62046,62145,-1,0,"scaffold334","GLEAN","CDS"]],"mRNA"],[0,78697,82235,-1,"lamu_GLEAN_10000775",0.992485,"scaffold334","GLEAN",[[1,81962,82235,-1,0,"scaffold334","GLEAN","CDS"],[1,80263,80356,-1,0,"scaffold334","GLEAN","CDS"],[1,79878,79953,-1,0,"scaffold334","GLEAN","CDS"],[1,79085,79184,-1,0,"scaffold334","GLEAN","CDS"],[1,78697,78793,-1,0,"scaffold334","GLEAN","CDS"]],"mRNA"],[0,107188,107497,1,"lamu_GLEAN_10000776",1,"scaffold334","GLEAN",[[1,107188,107497,1,0,"scaffold334","GLEAN","CDS"]],"mRNA"]],"urlTemplate":"lf-{Chunk}.json"}}