{"featureCount":25,"formatVersion":1,"histograms":{"meta":[{"arrayParams":{"chunkSize":10000,"length":7,"urlTemplate":"hist-50000-{Chunk}.json"},"basesPerBin":"50000"}],"stats":[{"basesPerBin":"50000","max":6,"mean":3.71428571428571}]},"intervals":{"classes":[{"attributes":["Start","End","Strand","Id","Score","Seq_id","Source","Subfeatures","Type"],"isArrayAttr":{"Subfeatures":1}},{"attributes":["Start","End","Strand","Phase","Seq_id","Source","Type"],"isArrayAttr":{}},{"attributes":["Start","End","Chunk"],"isArrayAttr":{"Sublist":1}}],"count":25,"lazyClass":2,"maxEnd":331870,"minStart":7215,"nclist":[[0,7215,8007,1,"lamu_GLEAN_10001912",1,"scaffold142","GLEAN",[[1,7215,7731,1,0,"scaffold142","GLEAN","CDS"],[1,7836,8007,1,0,"scaffold142","GLEAN","CDS"]],"mRNA"],[0,8500,11014,-1,"lamu_GLEAN_10001913",0.999999,"scaffold142","GLEAN",[[1,10867,11014,-1,0,"scaffold142","GLEAN","CDS"],[1,10649,10759,-1,0,"scaffold142","GLEAN","CDS"],[1,10289,10560,-1,1,"scaffold142","GLEAN","CDS"],[1,10062,10189,-1,0,"scaffold142","GLEAN","CDS"],[1,9610,9971,-1,2,"scaffold142","GLEAN","CDS"],[1,9117,9489,-1,1,"scaffold142","GLEAN","CDS"],[1,8673,8930,-1,1,"scaffold142","GLEAN","CDS"],[1,8500,8565,-1,2,"scaffold142","GLEAN","CDS"]],"mRNA"],[0,12217,15728,-1,"lamu_GLEAN_10001914",0.997368,"scaffold142","GLEAN",[[1,15583,15728,-1,0,"scaffold142","GLEAN","CDS"],[1,14056,14125,-1,2,"scaffold142","GLEAN","CDS"],[1,13887,13953,-1,2,"scaffold142","GLEAN","CDS"],[1,13370,13492,-1,2,"scaffold142","GLEAN","CDS"],[1,13106,13235,-1,0,"scaffold142","GLEAN","CDS"],[1,12784,12969,-1,0,"scaffold142","GLEAN","CDS"],[1,12618,12679,-1,1,"scaffold142","GLEAN","CDS"],[1,12217,12325,-1,0,"scaffold142","GLEAN","CDS"]],"mRNA"],[0,26917,30922,1,"lamu_GLEAN_10001915",0.810284,"scaffold142","GLEAN",[[1,26917,26966,1,0,"scaffold142","GLEAN","CDS"],[1,27859,27891,1,2,"scaffold142","GLEAN","CDS"],[1,30259,30922,1,0,"scaffold142","GLEAN","CDS"]],"mRNA"],[0,34026,36311,1,"lamu_GLEAN_10001916",0.815217,"scaffold142","GLEAN",[[1,34026,34086,1,0,"scaffold142","GLEAN","CDS"],[1,35023,35539,1,0,"scaffold142","GLEAN","CDS"],[1,35626,35741,1,0,"scaffold142","GLEAN","CDS"],[1,35901,36311,1,2,"scaffold142","GLEAN","CDS"]],"mRNA"],[0,37594,42226,-1,"lamu_GLEAN_10001917",0.997786,"scaffold142","GLEAN",[[1,42062,42226,-1,0,"scaffold142","GLEAN","CDS"],[1,41868,41962,-1,1,"scaffold142","GLEAN","CDS"],[1,41318,41405,-1,0,"scaffold142","GLEAN","CDS"],[1,40645,40730,-1,0,"scaffold142","GLEAN","CDS"],[1,39945,40127,-1,2,"scaffold142","GLEAN","CDS"],[1,39793,39864,-1,0,"scaffold142","GLEAN","CDS"],[1,39586,39677,-1,1,"scaffold142","GLEAN","CDS"],[1,39402,39477,-1,0,"scaffold142","GLEAN","CDS"],[1,39217,39319,-1,0,"scaffold142","GLEAN","CDS"],[1,38945,39068,-1,0,"scaffold142","GLEAN","CDS"],[1,38436,38505,-1,0,"scaffold142","GLEAN","CDS"],[1,38285,38354,-1,0,"scaffold142","GLEAN","CDS"],[1,37736,37790,-1,0,"scaffold142","GLEAN","CDS"],[1,37594,37648,-1,0,"scaffold142","GLEAN","CDS"]],"mRNA"],[0,50367,52364,1,"lamu_GLEAN_10001918",1,"scaffold142","GLEAN",[[1,50367,51786,1,0,"scaffold142","GLEAN","CDS"],[1,51879,51947,1,0,"scaffold142","GLEAN","CDS"],[1,52033,52136,1,1,"scaffold142","GLEAN","CDS"],[1,52238,52364,1,0,"scaffold142","GLEAN","CDS"]],"mRNA"],[0,52998,56756,-1,"lamu_GLEAN_10001919",0.236946,"scaffold142","GLEAN",[[1,56689,56756,-1,0,"scaffold142","GLEAN","CDS"],[1,56351,56449,-1,2,"scaffold142","GLEAN","CDS"],[1,55955,56033,-1,0,"scaffold142","GLEAN","CDS"],[1,55747,55864,-1,0,"scaffold142","GLEAN","CDS"],[1,55557,55624,-1,0,"scaffold142","GLEAN","CDS"],[1,55381,55443,-1,2,"scaffold142","GLEAN","CDS"],[1,55039,55179,-1,0,"scaffold142","GLEAN","CDS"],[1,54836,54963,-1,1,"scaffold142","GLEAN","CDS"],[1,54484,54599,-1,0,"scaffold142","GLEAN","CDS"],[1,54292,54381,-1,2,"scaffold142","GLEAN","CDS"],[1,53894,53978,-1,0,"scaffold142","GLEAN","CDS"],[1,53458,53623,-1,0,"scaffold142","GLEAN","CDS"],[1,53308,53368,-1,0,"scaffold142","GLEAN","CDS"],[1,52998,53169,-1,0,"scaffold142","GLEAN","CDS"]],"mRNA"],[0,74193,81864,-1,"lamu_GLEAN_10001920",0.999856,"scaffold142","GLEAN",[[1,81779,81864,-1,0,"scaffold142","GLEAN","CDS"],[1,79628,79867,-1,2,"scaffold142","GLEAN","CDS"],[1,79357,79464,-1,0,"scaffold142","GLEAN","CDS"],[1,77663,77857,-1,1,"scaffold142","GLEAN","CDS"],[1,75832,75957,-1,2,"scaffold142","GLEAN","CDS"],[1,74526,74622,-1,0,"scaffold142","GLEAN","CDS"],[1,74385,74447,-1,0,"scaffold142","GLEAN","CDS"],[1,74193,74290,-1,1,"scaffold142","GLEAN","CDS"]],"mRNA"],[0,89939,94766,-1,"lamu_GLEAN_10001921",0.609973,"scaffold142","GLEAN",[[1,94756,94766,-1,0,"scaffold142","GLEAN","CDS"],[1,94566,94646,-1,2,"scaffold142","GLEAN","CDS"],[1,94069,94186,-1,0,"scaffold142","GLEAN","CDS"],[1,93873,93977,-1,0,"scaffold142","GLEAN","CDS"],[1,92921,92988,-1,1,"scaffold142","GLEAN","CDS"],[1,92160,92294,-1,0,"scaffold142","GLEAN","CDS"],[1,92022,92071,-1,1,"scaffold142","GLEAN","CDS"],[1,91349,91451,-1,0,"scaffold142","GLEAN","CDS"],[1,91208,91276,-1,0,"scaffold142","GLEAN","CDS"],[1,89939,90192,-1,1,"scaffold142","GLEAN","CDS"]],"mRNA"],[0,98558,103910,-1,"lamu_GLEAN_10001922",0.469367,"scaffold142","GLEAN",[[1,103855,103910,-1,0,"scaffold142","GLEAN","CDS"],[1,101051,101249,-1,2,"scaffold142","GLEAN","CDS"],[1,99758,99954,-1,2,"scaffold142","GLEAN","CDS"],[1,98558,99423,-1,1,"scaffold142","GLEAN","CDS"]],"mRNA"],[0,104149,107454,1,"lamu_GLEAN_10001923",0.553523,"scaffold142","GLEAN",[[1,104149,104339,1,0,"scaffold142","GLEAN","CDS"],[1,104489,104680,1,2,"scaffold142","GLEAN","CDS"],[1,104928,104974,1,0,"scaffold142","GLEAN","CDS"],[1,106102,106185,1,2,"scaffold142","GLEAN","CDS"],[1,106273,106390,1,0,"scaffold142","GLEAN","CDS"],[1,107382,107454,1,0,"scaffold142","GLEAN","CDS"]],"mRNA"],[0,126883,131914,1,"lamu_GLEAN_10001924",0.998792,"scaffold142","GLEAN",[[1,126883,128050,1,0,"scaffold142","GLEAN","CDS"],[1,129489,129608,1,0,"scaffold142","GLEAN","CDS"],[1,129980,130601,1,1,"scaffold142","GLEAN","CDS"],[1,130697,131010,1,1,"scaffold142","GLEAN","CDS"],[1,131276,131442,1,0,"scaffold142","GLEAN","CDS"],[1,131602,131705,1,2,"scaffold142","GLEAN","CDS"],[1,131796,131914,1,1,"scaffold142","GLEAN","CDS"]],"mRNA"],[0,142397,144638,1,"lamu_GLEAN_10001925",1,"scaffold142","GLEAN",[[1,142397,142487,1,0,"scaffold142","GLEAN","CDS"],[1,143770,144042,1,0,"scaffold142","GLEAN","CDS"],[1,144264,144468,1,1,"scaffold142","GLEAN","CDS"],[1,144583,144638,1,1,"scaffold142","GLEAN","CDS"]],"mRNA"],[0,153183,162086,-1,"lamu_GLEAN_10001926",0.986966,"scaffold142","GLEAN",[[1,162005,162086,-1,0,"scaffold142","GLEAN","CDS"],[1,161042,161240,-1,0,"scaffold142","GLEAN","CDS"],[1,159129,159167,-1,0,"scaffold142","GLEAN","CDS"],[1,158892,159046,-1,1,"scaffold142","GLEAN","CDS"],[1,154069,158071,-1,0,"scaffold142","GLEAN","CDS"],[1,153892,153985,-1,0,"scaffold142","GLEAN","CDS"],[1,153630,153771,-1,0,"scaffold142","GLEAN","CDS"],[1,153183,153405,-1,0,"scaffold142","GLEAN","CDS"]],"mRNA"],[0,169012,170606,-1,"lamu_GLEAN_10001927",1,"scaffold142","GLEAN",[[1,170522,170606,-1,0,"scaffold142","GLEAN","CDS"],[1,169435,169552,-1,0,"scaffold142","GLEAN","CDS"],[1,169012,169153,-1,0,"scaffold142","GLEAN","CDS"]],"mRNA"],[0,183536,183908,-1,"lamu_GLEAN_10001928",1,"scaffold142","GLEAN",[[1,183536,183908,-1,0,"scaffold142","GLEAN","CDS"]],"mRNA"],[0,191630,194263,-1,"lamu_GLEAN_10001929",0.996057,"scaffold142","GLEAN",[[1,194129,194263,-1,0,"scaffold142","GLEAN","CDS"],[1,192540,193504,-1,1,"scaffold142","GLEAN","CDS"],[1,191877,192047,-1,0,"scaffold142","GLEAN","CDS"],[1,191630,191739,-1,1,"scaffold142","GLEAN","CDS"]],