{"featureCount":35,"formatVersion":1,"histograms":{"meta":[{"arrayParams":{"chunkSize":10000,"length":8,"urlTemplate":"hist-50000-{Chunk}.json"},"basesPerBin":"50000"}],"stats":[{"basesPerBin":"50000","max":8,"mean":4.75}]},"intervals":{"classes":[{"attributes":["Start","End","Strand","Id","Score","Seq_id","Source","Subfeatures","Type"],"isArrayAttr":{"Subfeatures":1}},{"attributes":["Start","End","Strand","Phase","Seq_id","Source","Type"],"isArrayAttr":{}},{"attributes":["Start","End","Chunk"],"isArrayAttr":{"Sublist":1}}],"count":35,"lazyClass":2,"maxEnd":382201,"minStart":5937,"nclist":[[0,5937,6230,1,"lamu_GLEAN_10002316",0.786371,"scaffold194","GLEAN",[[1,5937,6033,1,0,"scaffold194","GLEAN","CDS"],[1,6188,6230,1,0,"scaffold194","GLEAN","CDS"]],"mRNA"],[0,27590,32537,1,"lamu_GLEAN_10002317",0.303376,"scaffold194","GLEAN",[[1,27590,27807,1,0,"scaffold194","GLEAN","CDS"],[1,29489,31392,1,2,"scaffold194","GLEAN","CDS"],[1,32311,32537,1,1,"scaffold194","GLEAN","CDS"]],"mRNA"],[0,32880,34845,-1,"lamu_GLEAN_10002318",1,"scaffold194","GLEAN",[[1,32880,34845,-1,0,"scaffold194","GLEAN","CDS"]],"mRNA"],[0,36871,37328,1,"lamu_GLEAN_10002319",0.500267,"scaffold194","GLEAN",[[1,36871,36992,1,0,"scaffold194","GLEAN","CDS"],[1,37080,37328,1,2,"scaffold194","GLEAN","CDS"]],"mRNA"],[0,37930,41052,-1,"lamu_GLEAN_10002320",0.629979,"scaffold194","GLEAN",[[1,40671,41052,-1,0,"scaffold194","GLEAN","CDS"],[1,37930,38830,-1,0,"scaffold194","GLEAN","CDS"]],"mRNA"],[0,48750,58002,1,"lamu_GLEAN_10002321",0.997786,"scaffold194","GLEAN",[[1,48750,48867,1,0,"scaffold194","GLEAN","CDS"],[1,49915,49979,1,0,"scaffold194","GLEAN","CDS"],[1,51644,51753,1,2,"scaffold194","GLEAN","CDS"],[1,52335,52489,1,1,"scaffold194","GLEAN","CDS"],[1,55038,55164,1,0,"scaffold194","GLEAN","CDS"],[1,55809,55933,1,0,"scaffold194","GLEAN","CDS"],[1,56046,56123,1,2,"scaffold194","GLEAN","CDS"],[1,56693,56746,1,0,"scaffold194","GLEAN","CDS"],[1,57610,57665,1,1,"scaffold194","GLEAN","CDS"],[1,57789,58002,1,0,"scaffold194","GLEAN","CDS"]],"mRNA"],[0,62247,63395,1,"lamu_GLEAN_10002322",1,"scaffold194","GLEAN",[[1,62247,62460,1,0,"scaffold194","GLEAN","CDS"],[1,62589,62658,1,0,"scaffold194","GLEAN","CDS"],[1,63209,63395,1,0,"scaffold194","GLEAN","CDS"]],"mRNA"],[0,64491,70512,-1,"lamu_GLEAN_10002323",0.766501,"scaffold194","GLEAN",[[1,70330,70512,-1,0,"scaffold194","GLEAN","CDS"],[1,69579,69673,-1,1,"scaffold194","GLEAN","CDS"],[1,68828,69012,-1,0,"scaffold194","GLEAN","CDS"],[1,68492,68734,-1,2,"scaffold194","GLEAN","CDS"],[1,66798,66894,-1,0,"scaffold194","GLEAN","CDS"],[1,66164,66623,-1,0,"scaffold194","GLEAN","CDS"],[1,65660,65798,-1,0,"scaffold194","GLEAN","CDS"],[1,64999,65229,-1,0,"scaffold194","GLEAN","CDS"],[1,64491,64522,-1,1,"scaffold194","GLEAN","CDS"]],"mRNA"],[0,75864,80533,1,"lamu_GLEAN_10002324",0.999177,"scaffold194","GLEAN",[[1,75864,76449,1,0,"scaffold194","GLEAN","CDS"],[1,78508,78637,1,0,"scaffold194","GLEAN","CDS"],[1,78720,79056,1,0,"scaffold194","GLEAN","CDS"],[1,79156,79204,1,0,"scaffold194","GLEAN","CDS"],[1,79664,79804,1,0,"scaffold194","GLEAN","CDS"],[1,80358,80533,1,1,"scaffold194","GLEAN","CDS"]],"mRNA"],[0,104725,105641,1,"lamu_GLEAN_10002325",0.980232,"scaffold194","GLEAN",[[1,104725,104787,1,0,"scaffold194","GLEAN","CDS"],[1,105559,105641,1,1,"scaffold194","GLEAN","CDS"]],"mRNA"],[0,106918,107314,1,"lamu_GLEAN_10002326",0.998748,"scaffold194","GLEAN",[[1,106918,107314,1,0,"scaffold194","GLEAN","CDS"]],"mRNA"],[0,109054,113098,1,"lamu_GLEAN_10002327",0.957565,"scaffold194","GLEAN",[[1,109054,109216,1,0,"scaffold194","GLEAN","CDS"],[1,109322,109388,1,0,"scaffold194","GLEAN","CDS"],[1,109789,109832,1,0,"scaffold194","GLEAN","CDS"],[1,110926,111000,1,2,"scaffold194","GLEAN","CDS"],[1,111804,111872,1,0,"scaffold194","GLEAN","CDS"],[1,112337,112446,1,1,"scaffold194","GLEAN","CDS"],[1,112984,113098,1,0,"scaffold194","GLEAN","CDS"]],"mRNA"],[0,115024,121275,-1,"lamu_GLEAN_10002328",0.499689,"scaffold194","GLEAN",[[1,121080,121275,-1,0,"scaffold194","GLEAN","CDS"],[1,119622,120435,-1,0,"scaffold194","GLEAN","CDS"],[1,119306,119496,-1,0,"scaffold194","GLEAN","CDS"],[1,117991,118095,-1,2,"scaffold194","GLEAN","CDS"],[1,117747,117850,-1,0,"scaffold194","GLEAN","CDS"],[1,117609,117666,-1,2,"scaffold194","GLEAN","CDS"],[1,117358,117480,-1,2,"scaffold194","GLEAN","CDS"],[1,115905,116211,-1,0,"scaffold194","GLEAN","CDS"],[1,115024,115402,-1,0,"scaffold194","GLEAN","CDS"]],"mRNA"],[0,124425,130115,1,"lamu_GLEAN_10002329",0.9962,"scaffold194","GLEAN",[[1,124425,125512,1,0,"scaffold194","GLEAN","CDS"],[1,126541,126634,1,2,"scaffold194","GLEAN","CDS"],[1,127988,128036,1,2,"scaffold194","GLEAN","CDS"],[1,128720,129191,1,2,"scaffold194","GLEAN","CDS"],[1,129894,130115,1,2,"scaffold194","GLEAN","CDS"]],"mRNA"],[0,134763,137305,1,"lamu_GLEAN_10002330",0.999632,"scaffold194","GLEAN",[[1,134763,134857,1,0,"scaffold194","GLEAN","CDS"],[1,136703,137014,1,2,"scaffold194","GLEAN","CDS"],[1,137119,137305,1,0,"scaffold194","GLEAN","CDS"]],"mRNA"],[0,138998,143537,-1,"lamu_GLEAN_10002331",0.733188,"scaffold194","GLEAN",[[1,143331,143537,-1,0,"scaffold194","GLEAN","CDS"],[1,143140,143252,-1,1,"scaffold194","GLEAN","CDS"],[1,142827,142929,-1,0,"scaffold194","GLEAN","CDS"],[1,142010,142271,-1,0,"scaffold194","GLEAN","CDS"],[1,141755,141929,-1,0,"scaffold194","GLEAN","CDS"],[1,141502,141609,-1,0,"scaffold194","GLEAN","CDS"],[1,139960,140289,-1,1,"scaffold194","GLEAN","CDS"],[1,138998,139576,-1,2,"scaffold194","GLEAN","CDS"]],"mRNA"],[0,144600,152268,-1,"lamu_GLEAN_10002332",0.767371,"scaffold194","GLEAN",[[1,151782,152268,-1,0,"scaffold194","GLEAN","CDS"],[1,150353,150473,-1,0,"scaffold194","GLEAN","CDS"],[1,150155,150193,-1,0,"scaffold194","GLEAN","CDS"],[1,149604,149669,-1,1,"scaffold194","GLEAN","CDS"],[1,148403,148472,-1,2,"scaffold194","GLEAN","CDS"],[1,146240,146374,-1,2,"scaffold194","GLEAN","CDS"],[1,145498,145639,-1,0,"scaffold194","GLEAN","CDS"],[1,144600,144708,-1,0,"scaffold194","GLEAN","CDS"]],"mRNA"],[0,153697,154126,-1,"lamu_GLEAN_10002333",0.898092,"scaffold194","GLEAN",[[1,153697,154126,-1,0,"scaffold194","GLEAN","CDS"]],"mRNA"],[0,161826,168613,1,"lamu_GLEAN_10002334",0.826878,"scaffold194","GLEAN",[[1,161826,161832,1,0,"scaffold194","GLEAN","CDS"],[1,162832,162931,1,0,"scaffold194","GLEAN","CDS"],[1,163002,163235,1,0,"scaffold194","GLEAN","CDS"],[1,163757,163830,1,1,"scaffold194","GLEAN","CDS"],[1,164157,164232,1,0,"scaffold194","GLEAN","CDS"],[1,164312,164423,1,0,"scaffold194","GLEAN","CDS"],[1,164561,164604,1,0,"scaffold194","GLEAN","CDS"],[1,165260,165357,1,2,"scaffold194","GLEAN","CDS"],[1,166116,166219,1,1,"scaffold194","GLEAN","CDS"],[1,166297,166393,1,0,"scaffold194","GLEAN","CDS"],[1,166518,166554,1,0,"scaffold194","GLEAN","CDS"],[1,167874,167974,1,0,"scaffold194","GLEAN","CDS"],[1,168301,168386,1,2,"scaffold194","GLEAN","CDS"],[1,168507,168613,1,1,"scaffold194","GLEAN","CDS"]],"mRNA"],[0,170366,172157,-1,"lamu_GLEAN_10002335",0.999821,"scaffold194","GLEAN",[[1,170366,172157,-1,0,"scaffold194","GLEAN","CDS"]],"mRNA"],[0,181149,186943,-1,"lamu_GLEAN_10002336",0.586179,"scaffold194","GLEAN",[[1,186510,186943,-1,0,"scaffold194","GLEAN","CDS"],[1,186331,186417,-1,2,"scaffold194","GLEAN","CDS"],[1,185194,185204,-1,0,"scaffold194","GLEAN","CDS"],[1,184846,184909,-1,2,"scaffold194","GLEAN","CDS"],[1,184316,184430,-1,2,"scaffold194","GLEAN","CDS"],[1,183875,183937,-1,2,"scaffold194","GLEAN","CDS"],[1,183118,183173,-1,0,"scaffold194","GLEAN","CDS"],[1,182722,182924,-1,2,"scaffold194","GLEAN","CDS"],[1,182260,182367,-1,1,"scaffold194","GLEAN","CDS"],[1,182060,182116,-1,2,"scaffold194","GLEAN","CDS"],[1,181660,181753,-1,0,"scaffold194","GLEAN","CDS"],[1,181149,181257,-1,0,"scaffold194","GLEAN","CDS"]],"mRNA"],[0,188702,189920,-1,"lamu_GLEAN_10002337",1,"scaffold194","GLEAN",[[1,189078,189920,-1,0,"scaffold194","GLEAN","CDS"],[1,188702,188775,-1,1,"scaffold194","GLEAN","CDS"]],