{"featureCount":12,"formatVersion":1,"histograms":{"meta":[{"arrayParams":{"chunkSize":10000,"length":3,"urlTemplate":"hist-50000-{Chunk}.json"},"basesPerBin":"50000"}],"stats":[{"basesPerBin":"50000","max":6,"mean":4.66666666666667}]},"intervals":{"classes":[{"attributes":["Start","End","Strand","Id","Score","Seq_id","Source","Subfeatures","Type"],"isArrayAttr":{"Subfeatures":1}},{"attributes":["Start","End","Strand","Phase","Seq_id","Source","Type"],"isArrayAttr":{}},{"attributes":["Start","End","Chunk"],"isArrayAttr":{"Sublist":1}}],"count":12,"lazyClass":2,"maxEnd":131880,"minStart":17958,"nclist":[[0,17958,21884,-1,"lamu_GLEAN_10000876",0.999995,"scaffold253","GLEAN",[[1,21563,21884,-1,0,"scaffold253","GLEAN","CDS"],[1,17958,18111,-1,0,"scaffold253","GLEAN","CDS"]],"mRNA"],[0,31177,31909,1,"lamu_GLEAN_10000877",1,"scaffold253","GLEAN",[[1,31177,31909,1,0,"scaffold253","GLEAN","CDS"]],"mRNA"],[0,36503,36824,-1,"lamu_GLEAN_10000878",0.999772,"scaffold253","GLEAN",[[1,36503,36824,-1,0,"scaffold253","GLEAN","CDS"]],"mRNA"],[0,38972,53048,1,"lamu_GLEAN_10000879",0.490962,"scaffold253","GLEAN",[[1,38972,39040,1,0,"scaffold253","GLEAN","CDS"],[1,39664,39751,1,1,"scaffold253","GLEAN","CDS"],[1,39849,39925,1,1,"scaffold253","GLEAN","CDS"],[1,40020,40095,1,0,"scaffold253","GLEAN","CDS"],[1,40234,40288,1,0,"scaffold253","GLEAN","CDS"],[1,41858,41918,1,0,"scaffold253","GLEAN","CDS"],[1,42233,42406,1,0,"scaffold253","GLEAN","CDS"],[1,43538,43741,1,1,"scaffold253","GLEAN","CDS"],[1,47473,47571,1,2,"scaffold253","GLEAN","CDS"],[1,47809,47913,1,0,"scaffold253","GLEAN","CDS"],[1,47992,48158,1,1,"scaffold253","GLEAN","CDS"],[1,48340,48463,1,0,"scaffold253","GLEAN","CDS"],[1,49048,49131,1,0,"scaffold253","GLEAN","CDS"],[1,51125,51195,1,1,"scaffold253","GLEAN","CDS"],[1,51916,51987,1,0,"scaffold253","GLEAN","CDS"],[1,52402,53048,1,1,"scaffold253","GLEAN","CDS"]],"mRNA"],[0,56773,62532,-1,"lamu_GLEAN_10000880",0.399552,"scaffold253","GLEAN",[[1,62438,62532,-1,0,"scaffold253","GLEAN","CDS"],[1,60148,60349,-1,2,"scaffold253","GLEAN","CDS"],[1,57875,58027,-1,2,"scaffold253","GLEAN","CDS"],[1,57077,57143,-1,0,"scaffold253","GLEAN","CDS"],[1,56773,56857,-1,0,"scaffold253","GLEAN","CDS"]],"mRNA"],[0,72806,77099,1,"lamu_GLEAN_10000881",0.999312,"scaffold253","GLEAN",[[1,72806,72830,1,0,"scaffold253","GLEAN","CDS"],[1,73020,73077,1,0,"scaffold253","GLEAN","CDS"],[1,74528,74861,1,0,"scaffold253","GLEAN","CDS"],[1,75196,75416,1,0,"scaffold253","GLEAN","CDS"],[1,76680,77099,1,2,"scaffold253","GLEAN","CDS"]],"mRNA"],[0,85692,87304,1,"lamu_GLEAN_10000882",0.771276,"scaffold253","GLEAN",[[1,85692,85722,1,0,"scaffold253","GLEAN","CDS"],[1,86705,86801,1,0,"scaffold253","GLEAN","CDS"],[1,87022,87304,1,0,"scaffold253","GLEAN","CDS"]],"mRNA"],[0,90170,90602,-1,"lamu_GLEAN_10000883",0.73074,"scaffold253","GLEAN",[[1,90170,90602,-1,0,"scaffold253","GLEAN","CDS"]],"mRNA"],[0,96214,102792,1,"lamu_GLEAN_10000884",0.568247,"scaffold253","GLEAN",[[1,96214,96324,1,0,"scaffold253","GLEAN","CDS"],[1,97965,98038,1,1,"scaffold253","GLEAN","CDS"],[1,99023,99192,1,0,"scaffold253","GLEAN","CDS"],[1,99321,99420,1,2,"scaffold253","GLEAN","CDS"],[1,99858,99956,1,2,"scaffold253","GLEAN","CDS"],[1,100199,100393,1,0,"scaffold253","GLEAN","CDS"],[1,100834,100962,1,1,"scaffold253","GLEAN","CDS"],[1,101993,102382,1,2,"scaffold253","GLEAN","CDS"],[1,102546,102792,1,0,"scaffold253","GLEAN","CDS"]],"mRNA"],[0,103861,105172,-1,"lamu_GLEAN_10000885",0.988919,"scaffold253","GLEAN",[[1,104310,105172,-1,0,"scaffold253","GLEAN","CDS"],[1,103861,103968,-1,2,"scaffold253","GLEAN","CDS"]],"mRNA"],[0,117288,123964,1,"lamu_GLEAN_10000886",0.993023,"scaffold253","GLEAN",[[1,117288,119367,1,0,"scaffold253","GLEAN","CDS"],[1,119559,119753,1,0,"scaffold253","GLEAN","CDS"],[1,121089,121216,1,1,"scaffold253","GLEAN","CDS"],[1,122752,122854,1,0,"scaffold253","GLEAN","CDS"],[1,123901,123964,1,0,"scaffold253","GLEAN","CDS"]],"mRNA"],[0,127447,131880,-1,"lamu_GLEAN_10000887",1,"scaffold253","GLEAN",[[1,131645,131880,-1,0,"scaffold253","GLEAN","CDS"],[1,130458,130606,-1,2,"scaffold253","GLEAN","CDS"],[1,128867,129059,-1,1,"scaffold253","GLEAN","CDS"],[1,128253,128382,-1,1,"scaffold253","GLEAN","CDS"],[1,127447,127634,-1,1,"scaffold253","GLEAN","CDS"]],"mRNA"]],"urlTemplate":"lf-{Chunk}.json"}}