{"featureCount":4,"formatVersion":1,"histograms":{"meta":[{"arrayParams":{"chunkSize":10000,"length":2,"urlTemplate":"hist-200000-{Chunk}.json"},"basesPerBin":"200000"}],"stats":[{"basesPerBin":"200000","max":4,"mean":2.5}]},"intervals":{"classes":[{"attributes":["Start","End","Strand","Id","Score","Seq_id","Source","Subfeatures","Type"],"isArrayAttr":{"Subfeatures":1}},{"attributes":["Start","End","Strand","Phase","Seq_id","Source","Type"],"isArrayAttr":{}},{"attributes":["Start","End","Chunk"],"isArrayAttr":{"Sublist":1}}],"count":4,"lazyClass":2,"maxEnd":204373,"minStart":21248,"nclist":[[0,21248,21581,1,"lamu_GLEAN_10002706",0.863206,"scaffold112","GLEAN",[[1,21248,21581,1,0,"scaffold112","GLEAN","CDS"]],"mRNA"],[0,40060,45063,-1,"lamu_GLEAN_10002707",0.570416,"scaffold112","GLEAN",[[1,44900,45063,-1,0,"scaffold112","GLEAN","CDS"],[1,44142,44222,-1,2,"scaffold112","GLEAN","CDS"],[1,43477,43594,-1,0,"scaffold112","GLEAN","CDS"],[1,43327,43378,-1,0,"scaffold112","GLEAN","CDS"],[1,43104,43222,-1,0,"scaffold112","GLEAN","CDS"],[1,42952,43021,-1,2,"scaffold112","GLEAN","CDS"],[1,42797,42862,-1,2,"scaffold112","GLEAN","CDS"],[1,42600,42684,-1,0,"scaffold112","GLEAN","CDS"],[1,42444,42495,-1,0,"scaffold112","GLEAN","CDS"],[1,42269,42332,-1,0,"scaffold112","GLEAN","CDS"],[1,42126,42173,-1,0,"scaffold112","GLEAN","CDS"],[1,41953,42023,-1,1,"scaffold112","GLEAN","CDS"],[1,41804,41867,-1,0,"scaffold112","GLEAN","CDS"],[1,41515,41605,-1,0,"scaffold112","GLEAN","CDS"],[1,41390,41429,-1,0,"scaffold112","GLEAN","CDS"],[1,41054,41282,-1,0,"scaffold112","GLEAN","CDS"],[1,40886,40972,-1,0,"scaffold112","GLEAN","CDS"],[1,40705,40754,-1,1,"scaffold112","GLEAN","CDS"],[1,40531,40612,-1,0,"scaffold112","GLEAN","CDS"],[1,40348,40442,-1,0,"scaffold112","GLEAN","CDS"],[1,40060,40248,-1,2,"scaffold112","GLEAN","CDS"]],"mRNA"],[0,126447,128494,-1,"lamu_GLEAN_10002708",0.481956,"scaffold112","GLEAN",[[1,128282,128494,-1,0,"scaffold112","GLEAN","CDS"],[1,127973,128139,-1,1,"scaffold112","GLEAN","CDS"],[1,127767,127859,-1,0,"scaffold112","GLEAN","CDS"],[1,127371,127519,-1,1,"scaffold112","GLEAN","CDS"],[1,126892,127042,-1,0,"scaffold112","GLEAN","CDS"],[1,126624,126780,-1,0,"scaffold112","GLEAN","CDS"],[1,126447,126531,-1,0,"scaffold112","GLEAN","CDS"]],"mRNA"],[0,193063,204373,-1,"lamu_GLEAN_10002709",0.471944,"scaffold112","GLEAN",[[1,204252,204373,-1,0,"scaffold112","GLEAN","CDS"],[1,203633,203768,-1,2,"scaffold112","GLEAN","CDS"],[1,202510,202587,-1,2,"scaffold112","GLEAN","CDS"],[1,200883,200965,-1,0,"scaffold112","GLEAN","CDS"],[1,200724,200780,-1,2,"scaffold112","GLEAN","CDS"],[1,198762,198849,-1,0,"scaffold112","GLEAN","CDS"],[1,193402,193493,-1,0,"scaffold112","GLEAN","CDS"],[1,193063,193185,-1,2,"scaffold112","GLEAN","CDS"]],"mRNA"]],"urlTemplate":"lf-{Chunk}.json"}}