{"featureCount":32,"formatVersion":1,"histograms":{"meta":[{"arrayParams":{"chunkSize":10000,"length":10,"urlTemplate":"hist-20000-{Chunk}.json"},"basesPerBin":"20000"}],"stats":[{"basesPerBin":"20000","max":5,"mean":3.7}]},"intervals":{"classes":[{"attributes":["Start","End","Strand","Id","Score","Seq_id","Source","Subfeatures","Type"],"isArrayAttr":{"Subfeatures":1}},{"attributes":["Start","End","Strand","Phase","Seq_id","Source","Type"],"isArrayAttr":{}},{"attributes":["Start","End","Chunk"],"isArrayAttr":{"Sublist":1}}],"count":32,"lazyClass":2,"maxEnd":180017,"minStart":366,"nclist":[[0,366,4102,1,"lamu_GLEAN_10001034",1,"scaffold224","GLEAN",[[1,366,594,1,0,"scaffold224","GLEAN","CDS"],[1,1187,1275,1,0,"scaffold224","GLEAN","CDS"],[1,1356,1448,1,2,"scaffold224","GLEAN","CDS"],[1,1547,1679,1,0,"scaffold224","GLEAN","CDS"],[1,1801,1987,1,0,"scaffold224","GLEAN","CDS"],[1,2092,2256,1,0,"scaffold224","GLEAN","CDS"],[1,2354,2433,1,1,"scaffold224","GLEAN","CDS"],[1,3142,3271,1,0,"scaffold224","GLEAN","CDS"],[1,3504,3632,1,0,"scaffold224","GLEAN","CDS"],[1,3726,4102,1,1,"scaffold224","GLEAN","CDS"]],"mRNA"],[0,6294,7737,1,"lamu_GLEAN_10001035",0.99993,"scaffold224","GLEAN",[[1,6294,6700,1,0,"scaffold224","GLEAN","CDS"],[1,6822,7206,1,2,"scaffold224","GLEAN","CDS"],[1,7375,7737,1,2,"scaffold224","GLEAN","CDS"]],"mRNA"],[0,9543,10038,1,"lamu_GLEAN_10001036",1,"scaffold224","GLEAN",[[1,9543,9561,1,0,"scaffold224","GLEAN","CDS"],[1,9645,9738,1,0,"scaffold224","GLEAN","CDS"],[1,9840,10038,1,0,"scaffold224","GLEAN","CDS"]],"mRNA"],[0,10913,14825,1,"lamu_GLEAN_10001037",0.9777,"scaffold224","GLEAN",[[1,10913,11057,1,0,"scaffold224","GLEAN","CDS"],[1,11138,11673,1,0,"scaffold224","GLEAN","CDS"],[1,12824,12916,1,2,"scaffold224","GLEAN","CDS"],[1,14098,14212,1,0,"scaffold224","GLEAN","CDS"],[1,14294,14825,1,0,"scaffold224","GLEAN","CDS"]],"mRNA"],[0,17488,17899,1,"lamu_GLEAN_10001038",0.812477,"scaffold224","GLEAN",[[1,17488,17899,1,0,"scaffold224","GLEAN","CDS"]],"mRNA"],[0,23337,24417,1,"lamu_GLEAN_10001039",0.998946,"scaffold224","GLEAN",[[1,23337,24417,1,0,"scaffold224","GLEAN","CDS"]],"mRNA"],[0,27694,28842,-1,"lamu_GLEAN_10001040",0.999979,"scaffold224","GLEAN",[[1,28641,28842,-1,0,"scaffold224","GLEAN","CDS"],[1,27694,28159,-1,0,"scaffold224","GLEAN","CDS"]],"mRNA"],[0,29917,33833,-1,"lamu_GLEAN_10001041",0.320558,"scaffold224","GLEAN",[[1,32901,33833,-1,0,"scaffold224","GLEAN","CDS"],[1,31784,32589,-1,1,"scaffold224","GLEAN","CDS"],[1,30969,31693,-1,0,"scaffold224","GLEAN","CDS"],[1,29917,30861,-1,2,"scaffold224","GLEAN","CDS"]],"mRNA"],[0,35813,38355,1,"lamu_GLEAN_10001042",0.999999,"scaffold224","GLEAN",[[1,35813,36366,1,0,"scaffold224","GLEAN","CDS"],[1,36946,38355,1,2,"scaffold224","GLEAN","CDS"]],"mRNA"],[0,38855,41482,-1,"lamu_GLEAN_10001043",0.665403,"scaffold224","GLEAN",[[1,41462,41482,-1,0,"scaffold224","GLEAN","CDS"],[1,41210,41395,-1,1,"scaffold224","GLEAN","CDS"],[1,40674,40827,-1,2,"scaffold224","GLEAN","CDS"],[1,40205,40583,-1,2,"scaffold224","GLEAN","CDS"],[1,39907,39996,-1,2,"scaffold224","GLEAN","CDS"],[1,39155,39805,-1,0,"scaffold224","GLEAN","CDS"],[1,38855,38916,-1,1,"scaffold224","GLEAN","CDS"]],"mRNA"],[0,45654,49456,-1,"lamu_GLEAN_10001044",0.397545,"scaffold224","GLEAN",[[1,49181,49456,-1,0,"scaffold224","GLEAN","CDS"],[1,48002,48279,-1,1,"scaffold224","GLEAN","CDS"],[1,47354,47444,-1,0,"scaffold224","GLEAN","CDS"],[1,47099,47174,-1,0,"scaffold224","GLEAN","CDS"],[1,46051,46132,-1,0,"scaffold224","GLEAN","CDS"],[1,45654,45876,-1,0,"scaffold224","GLEAN","CDS"]],"mRNA"],[0,54582,55702,1,"lamu_GLEAN_10001045",1,"scaffold224","GLEAN",[[1,54582,54866,1,0,"scaffold224","GLEAN","CDS"],[1,55593,55702,1,1,"scaffold224","GLEAN","CDS"]],"mRNA"],[0,56446,61551,-1,"lamu_GLEAN_10001046",0.273657,"scaffold224","GLEAN",[[1,61501,61551,-1,0,"scaffold224","GLEAN","CDS"],[1,61308,61400,-1,1,"scaffold224","GLEAN","CDS"],[1,59706,59821,-1,2,"scaffold224","GLEAN","CDS"],[1,58507,58847,-1,1,"scaffold224","GLEAN","CDS"],[1,58206,58272,-1,0,"scaffold224","GLEAN","CDS"],[1,58079,58125,-1,0,"scaffold224","GLEAN","CDS"],[1,57306,57812,-1,2,"scaffold224","GLEAN","CDS"],[1,56446,56998,-1,0,"scaffold224","GLEAN","CDS"]],"mRNA"],[0,69230,73801,1,"lamu_GLEAN_10001047",0.835741,"scaffold224","GLEAN",[[1,69230,69300,1,0,"scaffold224","GLEAN","CDS"],[1,69583,69679,1,2,"scaffold224","GLEAN","CDS"],[1,69770,69851,1,2,"scaffold224","GLEAN","CDS"],[1,70000,70107,1,2,"scaffold224","GLEAN","CDS"],[1,70573,70678,1,0,"scaffold224","GLEAN","CDS"],[1,71523,71569,1,0,"scaffold224","GLEAN","CDS"],[1,71683,71793,1,2,"scaffold224","GLEAN","CDS"],[1,73564,73801,1,0,"scaffold224","GLEAN","CDS"]],"mRNA"],[0,82607,91034,1,"lamu_GLEAN_10001048",0.314769,"scaffold224","GLEAN",[[1,82607,82725,1,0,"scaffold224","GLEAN","CDS"],[1,83429,83596,1,2,"scaffold224","GLEAN","CDS"],[1,83694,83838,1,0,"scaffold224","GLEAN","CDS"],[1,83979,84216,1,0,"scaffold224","GLEAN","CDS"],[1,84304,84370,1,0,"scaffold224","GLEAN","CDS"],[1,84703,84772,1,0,"scaffold224","GLEAN","CDS"],[1,84899,84977,1,0,"scaffold224","GLEAN","CDS"],[1,85102,85234,1,0,"scaffold224","GLEAN","CDS"],[1,85317,85399,1,0,"scaffold224","GLEAN","CDS"],[1,85551,85647,1,2,"scaffold224","GLEAN","CDS"],[1,85734,85908,1,2,"scaffold224","GLEAN","CDS"],[1,86000,86107,1,2,"scaffold224","GLEAN","CDS"],[1,86205,86374,1,0,"scaffold224","GLEAN","CDS"],[1,86640,86824,1,2,"scaffold224","GLEAN","CDS"],[1,86912,87166,1,1,"scaffold224","GLEAN","CDS"],[1,87271,87435,1,2,"scaffold224","GLEAN","CDS"],[1,87536,87606,1,0,"scaffold224","GLEAN","CDS"],[1,88371,88421,1,2,"scaffold224","GLEAN","CDS"],[1,88527,89015,1,0,"scaffold224","GLEAN","CDS"],[1,89123,89199,1,1,"scaffold224","GLEAN","CDS"],[1,90171,90216,1,0,"scaffold224","GLEAN","CDS"],[1,90329,90411,1,0,"scaffold224","GLEAN","CDS"],[1,90546,90620,1,2,"scaffold224","GLEAN","CDS"],[1,90713,90770,1,0,"scaffold224","GLEAN","CDS"],[1,90905,91034,1,0,"scaffold224","GLEAN","CDS"]],"mRNA"],[0,92249,92570,1,"lamu_GLEAN_10001049",1,"scaffold224","GLEAN",[[1,92249,92570,1,0,"scaffold224","GLEAN","CDS"]],"mRNA"],[0,94877,96188,1,"lamu_GLEAN_10001050",0.986825,"scaffold224","GLEAN",[[1,94877,94967,1,0,"scaffold224","GLEAN","CDS"],[1,95298,95432,1,0,"scaffold224","GLEAN","CDS"],[1,95544,95674,1,1,"scaffold224","GLEAN","CDS"],[1,96038,96188,1,0,"scaffold224","GLEAN","CDS"]],"mRNA"],[0,97504,98068,1,"lamu_GLEAN_10001051",0.99999,"scaffold224","GLEAN",[[1,97504,97657,1,0,"scaffold224","GLEAN","CDS"],[1,97900,98068,1,0,"scaffold224","GLEAN","CDS"]],"mRNA"],[0,98810,101683,-1,"lamu_GLEAN_10001052",0.999938,"scaffold224","GLEAN",[[1,101494,101683,-1,0,"scaffold224","GLEAN","CDS"],[1,100904,101031,-1,0,"scaffold224","GLEAN","CDS"],[1,100478,100711,-1,2,"scaffold224","GLEAN","CDS"],[1,98810,99212,-1,0,"scaffold224","GLEAN","CDS"]],"mRNA"],[0,104356,109616,1,"lamu_GLEAN_10001053",0.766323,"scaffold224","GLEAN",[[1,104356,104499,1,0,"scaffold224","GLEAN","CDS"],[1,104654,104772,1,1,"scaffold224","GLEAN","CDS"],[1,104950,105100,1,0,"scaffold224","GLEAN","CDS"],[1,105642,105753,1,0,"scaffold224","GLEAN","CDS"],[1,105936,106020,1,0,"scaffold224","GLEAN","CDS"],[1,106492,106591,1,0,"scaffold224","GLEAN","CDS"],[1,106727,106778,1,0,"scaffold224","GLEAN","CDS"],[1,106875,106925,1,0,"scaffold224","GLEAN","CDS"],[1,107761,107843,1,1,"scaffold224","GLEAN","CDS"],[1,107991,108086,1,0,"scaffold224","GLEAN","CDS"],[1,108167,108234,1,1,"scaffold224","GLEAN","CDS"],[1,108305,108389,1,0,"scaffold224","GLEAN","CDS"],[1,108611,108707,1,0,"scaffold224","GLEAN","CDS"],[1,109187,109286,1,0,"scaffold224","GLEAN","CDS"],[1,109400,109430,1,0,"scaffold224","GLEAN","CDS"],[1,109514,109616,1,0,"scaffold224","GLEAN","CDS"]],"mRNA"],[0,111035,112004,-1,"lamu_GLEAN_10001054",1,"scaffold224","GLEAN",[[1,111035,112004,-1,0,"scaffold224","GLEAN","CDS"]],