{"featureCount":26,"formatVersion":1,"histograms":{"meta":[{"arrayParams":{"chunkSize":10000,"length":8,"urlTemplate":"hist-50000-{Chunk}.json"},"basesPerBin":"50000"}],"stats":[{"basesPerBin":"50000","max":6,"mean":3.375}]},"intervals":{"classes":[{"attributes":["Start","End","Strand","Id","Score","Seq_id","Source","Subfeatures","Type"],"isArrayAttr":{"Subfeatures":1}},{"attributes":["Start","End","Strand","Phase","Seq_id","Source","Type"],"isArrayAttr":{}},{"attributes":["Start","End","Chunk"],"isArrayAttr":{"Sublist":1}}],"count":26,"lazyClass":2,"maxEnd":371383,"minStart":15962,"nclist":[[0,15962,18060,-1,"lamu_GLEAN_10002008",0.944209,"scaffold134","GLEAN",[[1,17914,18060,-1,0,"scaffold134","GLEAN","CDS"],[1,17163,17245,-1,1,"scaffold134","GLEAN","CDS"],[1,16671,16876,-1,0,"scaffold134","GLEAN","CDS"],[1,16227,16304,-1,2,"scaffold134","GLEAN","CDS"],[1,15962,16103,-1,0,"scaffold134","GLEAN","CDS"]],"mRNA"],[0,62164,63378,1,"lamu_GLEAN_10002009",0.590197,"scaffold134","GLEAN",[[1,62164,62772,1,0,"scaffold134","GLEAN","CDS"],[1,63359,63378,1,1,"scaffold134","GLEAN","CDS"]],"mRNA"],[0,107523,109308,1,"lamu_GLEAN_10002010",0.568206,"scaffold134","GLEAN",[[1,107523,109308,1,0,"scaffold134","GLEAN","CDS"]],"mRNA"],[0,125008,129018,-1,"lamu_GLEAN_10002011",0.500803,"scaffold134","GLEAN",[[1,128918,129018,-1,0,"scaffold134","GLEAN","CDS"],[1,128093,128188,-1,2,"scaffold134","GLEAN","CDS"],[1,127562,127649,-1,0,"scaffold134","GLEAN","CDS"],[1,126348,126411,-1,0,"scaffold134","GLEAN","CDS"],[1,126003,126041,-1,0,"scaffold134","GLEAN","CDS"],[1,125789,125836,-1,1,"scaffold134","GLEAN","CDS"],[1,125546,125577,-1,2,"scaffold134","GLEAN","CDS"],[1,125008,125156,-1,1,"scaffold134","GLEAN","CDS"]],"mRNA"],[0,148724,152701,1,"lamu_GLEAN_10002012",0.996378,"scaffold134","GLEAN",[[1,148724,148802,1,0,"scaffold134","GLEAN","CDS"],[1,148921,149139,1,0,"scaffold134","GLEAN","CDS"],[1,149844,149962,1,1,"scaffold134","GLEAN","CDS"],[1,150130,150325,1,0,"scaffold134","GLEAN","CDS"],[1,150408,150789,1,0,"scaffold134","GLEAN","CDS"],[1,150879,150981,1,0,"scaffold134","GLEAN","CDS"],[1,151078,151288,1,0,"scaffold134","GLEAN","CDS"],[1,151463,151638,1,0,"scaffold134","GLEAN","CDS"],[1,151721,151993,1,2,"scaffold134","GLEAN","CDS"],[1,152090,152177,1,0,"scaffold134","GLEAN","CDS"],[1,152320,152701,1,0,"scaffold134","GLEAN","CDS"]],"mRNA"],[0,154409,154874,-1,"lamu_GLEAN_10002013",0.99993,"scaffold134","GLEAN",[[1,154409,154874,-1,0,"scaffold134","GLEAN","CDS"]],"mRNA"],[0,163365,164807,1,"lamu_GLEAN_10002014",1,"scaffold134","GLEAN",[[1,163365,163493,1,0,"scaffold134","GLEAN","CDS"],[1,163567,163694,1,1,"scaffold134","GLEAN","CDS"],[1,164627,164807,1,0,"scaffold134","GLEAN","CDS"]],"mRNA"],[0,165100,167147,-1,"lamu_GLEAN_10002015",0.244199,"scaffold134","GLEAN",[[1,167027,167147,-1,0,"scaffold134","GLEAN","CDS"],[1,166883,166961,-1,0,"scaffold134","GLEAN","CDS"],[1,166509,166782,-1,0,"scaffold134","GLEAN","CDS"],[1,166275,166416,-1,0,"scaffold134","GLEAN","CDS"],[1,166008,166065,-1,0,"scaffold134","GLEAN","CDS"],[1,165100,165769,-1,0,"scaffold134","GLEAN","CDS"]],"mRNA"],[0,182069,184660,-1,"lamu_GLEAN_10002016",0.521835,"scaffold134","GLEAN",[[1,184299,184660,-1,0,"scaffold134","GLEAN","CDS"],[1,184098,184215,-1,2,"scaffold134","GLEAN","CDS"],[1,183754,183909,-1,2,"scaffold134","GLEAN","CDS"],[1,183598,183673,-1,0,"scaffold134","GLEAN","CDS"],[1,183224,183497,-1,0,"scaffold134","GLEAN","CDS"],[1,182811,183132,-1,0,"scaffold134","GLEAN","CDS"],[1,182069,182477,-1,0,"scaffold134","GLEAN","CDS"]],"mRNA"],[0,187372,190619,1,"lamu_GLEAN_10002017",1,"scaffold134","GLEAN",[[1,187372,187795,1,0,"scaffold134","GLEAN","CDS"],[1,190100,190619,1,0,"scaffold134","GLEAN","CDS"]],"mRNA"],[0,202845,203391,1,"lamu_GLEAN_10002018",0.736913,"scaffold134","GLEAN",[[1,202845,203391,1,0,"scaffold134","GLEAN","CDS"]],"mRNA"],[0,218875,219367,-1,"lamu_GLEAN_10002019",1,"scaffold134","GLEAN",[[1,219229,219367,-1,0,"scaffold134","GLEAN","CDS"],[1,218875,219031,-1,0,"scaffold134","GLEAN","CDS"]],"mRNA"],[0,220243,226396,-1,"lamu_GLEAN_10002020",0.453624,"scaffold134","GLEAN",[[1,226386,226396,-1,0,"scaffold134","GLEAN","CDS"],[1,226111,226254,-1,2,"scaffold134","GLEAN","CDS"],[1,224205,224354,-1,0,"scaffold134","GLEAN","CDS"],[1,223115,223187,-1,1,"scaffold134","GLEAN","CDS"],[1,222953,223024,-1,1,"scaffold134","GLEAN","CDS"],[1,222564,222845,-1,2,"scaffold134","GLEAN","CDS"],[1,222019,222130,-1,0,"scaffold134","GLEAN","CDS"],[1,220243,220387,-1,0,"scaffold134","GLEAN","CDS"]],"mRNA"],[0,237780,240289,1,"lamu_GLEAN_10002021",1,"scaffold134","GLEAN",[[1,237780,238233,1,0,"scaffold134","GLEAN","CDS"],[1,239606,239792,1,0,"scaffold134","GLEAN","CDS"],[1,240010,240289,1,0,"scaffold134","GLEAN","CDS"]],"mRNA"],[0,241449,249687,1,"lamu_GLEAN_10002022",0.631261,"scaffold134","GLEAN",[[1,241449,241979,1,0,"scaffold134","GLEAN","CDS"],[1,242277,242407,1,1,"scaffold134","GLEAN","CDS"],[1,243556,243722,1,0,"scaffold134","GLEAN","CDS"],[1,243927,244046,1,2,"scaffold134","GLEAN","CDS"],[1,247708,247789,1,0,"scaffold134","GLEAN","CDS"],[1,247867,247957,1,0,"scaffold134","GLEAN","CDS"],[1,248068,248140,1,0,"scaffold134","GLEAN","CDS"],[1,248221,248290,1,0,"scaffold134","GLEAN","CDS"],[1,248542,248623,1,0,"scaffold134","GLEAN","CDS"],[1,248944,249079,1,0,"scaffold134","GLEAN","CDS"],[1,249439,249493,1,0,"scaffold134","GLEAN","CDS"],[1,249591,249687,1,0,"scaffold134","GLEAN","CDS"]],"mRNA"],[0,250975,253803,-1,"lamu_GLEAN_10002023",0.99986,"scaffold134","GLEAN",[[1,253584,253803,-1,0,"scaffold134","GLEAN","CDS"],[1,253224,253384,-1,0,"scaffold134","GLEAN","CDS"],[1,252795,252996,-1,2,"scaffold134","GLEAN","CDS"],[1,252639,252704,-1,2,"scaffold134","GLEAN","CDS"],[1,252514,252542,-1,0,"scaffold134","GLEAN","CDS"],[1,252334,252429,-1,2,"scaffold134","GLEAN","CDS"],[1,252144,252231,-1,0,"scaffold134","GLEAN","CDS"],[1,251976,252027,-1,0,"scaffold134","GLEAN","CDS"],[1,251672,251894,-1,0,"scaffold134","GLEAN","CDS"],[1,251399,251493,-1,0,"scaffold134","GLEAN","CDS"],[1,251152,251293,-1,2,"scaffold134","GLEAN","CDS"],[1,250975,251061,-1,2,"scaffold134","GLEAN","CDS"]],"mRNA"],[0,265134,266715,-1,"lamu_GLEAN_10002024",0.784772,"scaffold134","GLEAN",[[1,266249,266715,-1,0,"scaffold134","GLEAN","CDS"],[1,265643,265716,-1,2,"scaffold134","GLEAN","CDS"],[1,265134,265237,-1,1,"scaffold134","GLEAN","CDS"]],"mRNA"],[0,269008,271672,-1,"lamu_GLEAN_10002025",0.661362,"scaffold134","GLEAN",[[1,271643,271672,-1,0,"scaffold134","GLEAN","CDS"],[1,271465,271565,-1,1,"scaffold134","GLEAN","CDS"],[1,270204,270351,-1,0,"scaffold134","GLEAN","CDS"],[1,270038,270119,-1,0,"scaffold134","GLEAN","CDS"],[1,269762,269908,-1,0,"scaffold134","GLEAN","CDS"],[1,269008,269078,-1,1,"scaffold134","GLEAN","CDS"]],"mRNA"],[0,286187,289909,-1,"lamu_GLEAN_10002026",0.929483,"scaffold134","GLEAN",[[1,289902,289909,-1,0,"scaffold134","GLEAN","CDS"],[1,289431,289791,-1,2,"scaffold134","GLEAN","CDS"],[1,288492,288579,-1,2,"scaffold134","GLEAN","CDS"],[1,288313,288384,-1,2,"scaffold134","GLEAN","CDS"],[1,287660,287737,-1,0,"scaffold134","GLEAN","CDS"],[1,287326,287474,-1,1,"scaffold134","GLEAN","CDS"],[1,286740,286902,-1,0,"scaffold134","GLEAN","CDS"],[1,286187,286496,-1,0,"scaffold134","GLEAN","CDS"]],"mRNA"],[0,292996,293473,-1,"lamu_GLEAN_10002027",0.990501,"scaffold134","GLEAN",[[1,292996,293473,-1,0,"scaffold134","GLEAN","CDS"]],