{"featureCount":12,"formatVersion":1,"histograms":{"meta":[{"arrayParams":{"chunkSize":10000,"length":5,"urlTemplate":"hist-50000-{Chunk}.json"},"basesPerBin":"50000"}],"stats":[{"basesPerBin":"50000","max":4,"mean":2.6}]},"intervals":{"classes":[{"attributes":["Start","End","Strand","Id","Score","Seq_id","Source","Subfeatures","Type"],"isArrayAttr":{"Subfeatures":1}},{"attributes":["Start","End","Strand","Phase","Seq_id","Source","Type"],"isArrayAttr":{}},{"attributes":["Start","End","Chunk"],"isArrayAttr":{"Sublist":1}}],"count":12,"lazyClass":2,"maxEnd":228678,"minStart":50075,"nclist":[[0,50075,51159,-1,"lamu_GLEAN_10001353",0.999355,"scaffold185","GLEAN",[[1,50967,51159,-1,0,"scaffold185","GLEAN","CDS"],[1,50075,50369,-1,0,"scaffold185","GLEAN","CDS"]],"mRNA"],[0,55827,73654,-1,"lamu_GLEAN_10001354",0.852551,"scaffold185","GLEAN",[[1,73326,73654,-1,0,"scaffold185","GLEAN","CDS"],[1,71833,71892,-1,2,"scaffold185","GLEAN","CDS"],[1,71624,71756,-1,0,"scaffold185","GLEAN","CDS"],[1,70971,71112,-1,0,"scaffold185","GLEAN","CDS"],[1,69745,69802,-1,0,"scaffold185","GLEAN","CDS"],[1,69148,69243,-1,0,"scaffold185","GLEAN","CDS"],[1,68524,68657,-1,1,"scaffold185","GLEAN","CDS"],[1,66315,66492,-1,0,"scaffold185","GLEAN","CDS"],[1,65068,65259,-1,0,"scaffold185","GLEAN","CDS"],[1,64834,64901,-1,1,"scaffold185","GLEAN","CDS"],[1,63198,63294,-1,0,"scaffold185","GLEAN","CDS"],[1,62879,63013,-1,0,"scaffold185","GLEAN","CDS"],[1,62466,62533,-1,1,"scaffold185","GLEAN","CDS"],[1,60923,60986,-1,0,"scaffold185","GLEAN","CDS"],[1,60593,60838,-1,0,"scaffold185","GLEAN","CDS"],[1,60385,60515,-1,1,"scaffold185","GLEAN","CDS"],[1,55827,55953,-1,0,"scaffold185","GLEAN","CDS"]],"mRNA"],[0,86733,88029,1,"lamu_GLEAN_10001355",0.486439,"scaffold185","GLEAN",[[1,86733,86850,1,0,"scaffold185","GLEAN","CDS"],[1,87753,88029,1,0,"scaffold185","GLEAN","CDS"]],"mRNA"],[0,92711,93113,-1,"lamu_GLEAN_10001356",1,"scaffold185","GLEAN",[[1,92711,93113,-1,0,"scaffold185","GLEAN","CDS"]],"mRNA"],[0,100535,116397,1,"lamu_GLEAN_10001357",0.778583,"scaffold185","GLEAN",[[1,100535,100706,1,0,"scaffold185","GLEAN","CDS"],[1,101748,101841,1,0,"scaffold185","GLEAN","CDS"],[1,101940,102015,1,0,"scaffold185","GLEAN","CDS"],[1,102877,102970,1,0,"scaffold185","GLEAN","CDS"],[1,103109,103184,1,0,"scaffold185","GLEAN","CDS"],[1,103325,103418,1,0,"scaffold185","GLEAN","CDS"],[1,106231,106295,1,0,"scaffold185","GLEAN","CDS"],[1,106412,106497,1,2,"scaffold185","GLEAN","CDS"],[1,107503,107576,1,1,"scaffold185","GLEAN","CDS"],[1,107662,107731,1,0,"scaffold185","GLEAN","CDS"],[1,107825,107906,1,0,"scaffold185","GLEAN","CDS"],[1,108117,108199,1,0,"scaffold185","GLEAN","CDS"],[1,108290,108440,1,2,"scaffold185","GLEAN","CDS"],[1,109230,109369,1,2,"scaffold185","GLEAN","CDS"],[1,110309,110481,1,1,"scaffold185","GLEAN","CDS"],[1,110853,110952,1,0,"scaffold185","GLEAN","CDS"],[1,111035,111581,1,0,"scaffold185","GLEAN","CDS"],[1,111740,112901,1,0,"scaffold185","GLEAN","CDS"],[1,113268,113502,1,0,"scaffold185","GLEAN","CDS"],[1,115053,115197,1,0,"scaffold185","GLEAN","CDS"],[1,115386,115467,1,0,"scaffold185","GLEAN","CDS"],[1,115585,115774,1,0,"scaffold185","GLEAN","CDS"],[1,116151,116397,1,0,"scaffold185","GLEAN","CDS"]],"mRNA"],[0,124310,136035,1,"lamu_GLEAN_10001358",0.996148,"scaffold185","GLEAN",[[1,124310,124390,1,0,"scaffold185","GLEAN","CDS"],[1,124808,124988,1,1,"scaffold185","GLEAN","CDS"],[1,125233,125347,1,1,"scaffold185","GLEAN","CDS"],[1,125434,125593,1,1,"scaffold185","GLEAN","CDS"],[1,125808,125989,1,1,"scaffold185","GLEAN","CDS"],[1,126070,126197,1,0,"scaffold185","GLEAN","CDS"],[1,126302,126412,1,2,"scaffold185","GLEAN","CDS"],[1,126570,126709,1,0,"scaffold185","GLEAN","CDS"],[1,126799,126909,1,2,"scaffold185","GLEAN","CDS"],[1,127213,127283,1,0,"scaffold185","GLEAN","CDS"],[1,127382,127456,1,2,"scaffold185","GLEAN","CDS"],[1,127536,127632,1,0,"scaffold185","GLEAN","CDS"],[1,127713,127809,1,0,"scaffold185","GLEAN","CDS"],[1,127978,128106,1,0,"scaffold185","GLEAN","CDS"],[1,128343,128578,1,1,"scaffold185","GLEAN","CDS"],[1,128668,128836,1,0,"scaffold185","GLEAN","CDS"],[1,130241,130349,1,0,"scaffold185","GLEAN","CDS"],[1,130429,130576,1,0,"scaffold185","GLEAN","CDS"],[1,132057,132168,1,0,"scaffold185","GLEAN","CDS"],[1,132254,132437,1,0,"scaffold185","GLEAN","CDS"],[1,132579,132708,1,0,"scaffold185","GLEAN","CDS"],[1,132906,133002,1,0,"scaffold185","GLEAN","CDS"],[1,133927,134113,1,0,"scaffold185","GLEAN","CDS"],[1,135559,135732,1,0,"scaffold185","GLEAN","CDS"],[1,135821,136035,1,1,"scaffold185","GLEAN","CDS"]],"mRNA"],[0,142440,145691,-1,"lamu_GLEAN_10001359",0.333914,"scaffold185","GLEAN",[[1,145577,145691,-1,0,"scaffold185","GLEAN","CDS"],[1,144561,145033,-1,0,"scaffold185","GLEAN","CDS"],[1,144071,144290,-1,2,"scaffold185","GLEAN","CDS"],[1,143668,143962,-1,2,"scaffold185","GLEAN","CDS"],[1,142607,143029,-1,2,"scaffold185","GLEAN","CDS"],[1,142440,142518,-1,0,"scaffold185","GLEAN","CDS"]],"mRNA"],[0,164364,172613,1,"lamu_GLEAN_10001360",0.995915,"scaffold185","GLEAN",[[1,164364,164546,1,0,"scaffold185","GLEAN","CDS"],[1,167974,168561,1,1,"scaffold185","GLEAN","CDS"],[1,168722,168926,1,2,"scaffold185","GLEAN","CDS"],[1,171348,172613,1,2,"scaffold185","GLEAN","CDS"]],"mRNA"],[0,177831,179285,1,"lamu_GLEAN_10001361",0.999998,"scaffold185","GLEAN",[[1,177831,177850,1,0,"scaffold185","GLEAN","CDS"],[1,178023,178066,1,2,"scaffold185","GLEAN","CDS"],[1,178633,178713,1,1,"scaffold185","GLEAN","CDS"],[1,178845,179285,1,2,"scaffold185","GLEAN","CDS"]],"mRNA"],[0,185988,189177,1,"lamu_GLEAN_10001362",0.999999,"scaffold185","GLEAN",[[1,185988,186119,1,0,"scaffold185","GLEAN","CDS"],[1,188912,189177,1,1,"scaffold185","GLEAN","CDS"]],"mRNA"],[0,197393,206320,1,"lamu_GLEAN_10001363",0.845576,"scaffold185","GLEAN",[[1,197393,197762,1,0,"scaffold185","GLEAN","CDS"],[1,200448,200502,1,0,"scaffold185","GLEAN","CDS"],[1,206143,206320,1,0,"scaffold185","GLEAN","CDS"]],"mRNA"],[0,228192,228678,1,"lamu_GLEAN_10001364",1,"scaffold185","GLEAN",[[1,228192,228678,1,0,"scaffold185","GLEAN","CDS"]],"mRNA"]],"urlTemplate":"lf-{Chunk}.json"}}