{"featureCount":8,"formatVersion":1,"histograms":{"meta":[{"arrayParams":{"chunkSize":10000,"length":3,"urlTemplate":"hist-50000-{Chunk}.json"},"basesPerBin":"50000"}],"stats":[{"basesPerBin":"50000","max":4,"mean":2.66666666666667}]},"intervals":{"classes":[{"attributes":["Start","End","Strand","Id","Score","Seq_id","Source","Subfeatures","Type"],"isArrayAttr":{"Subfeatures":1}},{"attributes":["Start","End","Strand","Phase","Seq_id","Source","Type"],"isArrayAttr":{}},{"attributes":["Start","End","Chunk"],"isArrayAttr":{"Sublist":1}}],"count":8,"lazyClass":2,"maxEnd":125848,"minStart":3393,"nclist":[[0,3393,6364,-1,"lamu_GLEAN_10000920",0.999997,"scaffold249","GLEAN",[[1,6301,6364,-1,0,"scaffold249","GLEAN","CDS"],[1,4081,5191,-1,0,"scaffold249","GLEAN","CDS"],[1,3393,3843,-1,0,"scaffold249","GLEAN","CDS"]],"mRNA"],[0,29157,30492,-1,"lamu_GLEAN_10000921",0.999999,"scaffold249","GLEAN",[[1,29157,30492,-1,0,"scaffold249","GLEAN","CDS"]],"mRNA"],[0,36781,37291,-1,"lamu_GLEAN_10000922",0.921933,"scaffold249","GLEAN",[[1,36781,37291,-1,0,"scaffold249","GLEAN","CDS"]],"mRNA"],[0,53966,71059,1,"lamu_GLEAN_10000923",0.901318,"scaffold249","GLEAN",[[1,53966,54066,1,0,"scaffold249","GLEAN","CDS"],[1,54387,56400,1,2,"scaffold249","GLEAN","CDS"],[1,56548,56605,1,2,"scaffold249","GLEAN","CDS"],[1,57390,58530,1,2,"scaffold249","GLEAN","CDS"],[1,59884,60258,1,2,"scaffold249","GLEAN","CDS"],[1,60342,60900,1,0,"scaffold249","GLEAN","CDS"],[1,60992,61093,1,0,"scaffold249","GLEAN","CDS"],[1,61580,62646,1,1,"scaffold249","GLEAN","CDS"],[1,63202,63313,1,0,"scaffold249","GLEAN","CDS"],[1,63417,63431,1,0,"scaffold249","GLEAN","CDS"],[1,64305,64405,1,1,"scaffold249","GLEAN","CDS"],[1,64485,64581,1,0,"scaffold249","GLEAN","CDS"],[1,64830,64998,1,0,"scaffold249","GLEAN","CDS"],[1,65099,65225,1,0,"scaffold249","GLEAN","CDS"],[1,65375,65429,1,0,"scaffold249","GLEAN","CDS"],[1,66841,67089,1,0,"scaffold249","GLEAN","CDS"],[1,67181,67290,1,1,"scaffold249","GLEAN","CDS"],[1,67375,67678,1,0,"scaffold249","GLEAN","CDS"],[1,68465,68638,1,0,"scaffold249","GLEAN","CDS"],[1,68719,68756,1,1,"scaffold249","GLEAN","CDS"],[1,69516,69669,1,0,"scaffold249","GLEAN","CDS"],[1,70132,71059,1,0,"scaffold249","GLEAN","CDS"]],"mRNA"],[0,73453,74163,1,"lamu_GLEAN_10000924",0.999999,"scaffold249","GLEAN",[[1,73453,73552,1,0,"scaffold249","GLEAN","CDS"],[1,73643,73849,1,0,"scaffold249","GLEAN","CDS"],[1,73976,74163,1,1,"scaffold249","GLEAN","CDS"]],"mRNA"],[0,75539,76745,-1,"lamu_GLEAN_10000925",0.998792,"scaffold249","GLEAN",[[1,75539,76745,-1,0,"scaffold249","GLEAN","CDS"]],"mRNA"],[0,77953,82878,-1,"lamu_GLEAN_10000926",0.670196,"scaffold249","GLEAN",[[1,82731,82878,-1,0,"scaffold249","GLEAN","CDS"],[1,80953,81668,-1,0,"scaffold249","GLEAN","CDS"],[1,80687,80871,-1,2,"scaffold249","GLEAN","CDS"],[1,80393,80531,-1,1,"scaffold249","GLEAN","CDS"],[1,80121,80302,-1,1,"scaffold249","GLEAN","CDS"],[1,79670,79734,-1,0,"scaffold249","GLEAN","CDS"],[1,79136,79372,-1,2,"scaffold249","GLEAN","CDS"],[1,77953,78814,-1,0,"scaffold249","GLEAN","CDS"]],"mRNA"],[0,115272,125848,1,"lamu_GLEAN_10000927",0.432593,"scaffold249","GLEAN",[[1,115272,115527,1,0,"scaffold249","GLEAN","CDS"],[1,116100,116298,1,0,"scaffold249","GLEAN","CDS"],[1,116916,117147,1,0,"scaffold249","GLEAN","CDS"],[1,123590,123776,1,0,"scaffold249","GLEAN","CDS"],[1,124366,124564,1,0,"scaffold249","GLEAN","CDS"],[1,125181,125419,1,0,"scaffold249","GLEAN","CDS"],[1,125717,125848,1,2,"scaffold249","GLEAN","CDS"]],"mRNA"]],"urlTemplate":"lf-{Chunk}.json"}}